time,cD,cL
0.001,353.777,-0.562724
0.002,11.0692,-0.0112794
0.003,5.26295,0.0201689
0.004,4.4391,0.0142176
0.005,4.1182,0.0138265
0.006,3.94983,0.00549819
0.007,3.82322,0.0016352
0.008,3.69951,-0.00102198
0.009,3.59599,-0.00184303
0.01,3.49559,-0.00455539
0.011,3.37168,-0.00452031
0.012,3.29777,-0.00496672
0.013,3.18922,-0.00141712
0.014,3.1372,-0.000999257
0.015,3.04067,0.00180416
0.016,3.0032,0.00397101
0.017,2.93042,0.00441496
0.018,2.89808,0.00739658
0.019,2.82056,0.00537657
0.02,2.75093,0.00714723
0.021,2.65136,0.0142952
0.022,2.6169,0.0127966
0.023,2.54984,0.0194501
0.024,2.52527,0.0171858
0.025,2.50206,0.0168741
0.026,2.47885,0.0148923
0.027,2.45783,0.0154192
0.028,2.43871,0.0111369
0.029,2.41768,0.0131175
0.03,2.40435,0.00962047
0.031,2.38328,0.011406
0.032,2.37302,0.00596144
0.033,2.35958,0.00385263
0.034,2.35049,0.00554104
0.035,2.33291,0.00462547
0.036,2.32814,0.00263472
0.037,2.31893,-0.00247423
0.038,2.31261,0.000466025
0.039,2.30583,-0.00333685
0.04,2.29904,-0.00294115
0.041,2.29646,-0.00443508
0.042,2.30593,-0.00536659
0.043,2.30207,-0.00934404
0.044,2.29491,-0.0095694
0.045,2.29478,-0.00721597
0.046,2.28671,-0.0102658
0.047,2.27157,-0.00709606
0.048,2.28659,-0.0126749
0.049,2.31304,-0.00858185
0.05,2.31597,-0.0105302
0.051,2.31877,-0.0104525
0.052,2.33074,-0.0105282
0.053,2.36415,-0.00574745
0.054,2.36705,-0.00639547
0.055,2.41729,-0.00432809
0.056,2.43999,0.000920535
0.057,2.46502,0.013963
0.058,2.47311,0.0126331
0.059,2.3852,0.0135303
0.06,2.38145,0.0119108
0.061,2.36683,0.01286
0.062,2.32718,0.00983873
0.063,2.28482,0.00740114
0.064,2.28138,0.0044101
0.065,2.23742,0.00256476
0.066,2.23369,0.00379116
0.067,2.22365,0.000922633
0.068,2.20169,-0.00145333
0.069,2.19792,-0.00116725
0.07,2.18805,-0.00346244
0.071,2.18577,-0.00242737
0.072,2.18147,-0.00282153
0.073,2.17054,-0.00454116
0.074,2.18162,-0.00362086
0.075,2.17581,-0.00263516
0.076,2.18484,0.000273132
0.077,2.18435,0.00140292
0.078,2.19383,0.000511854
0.079,2.19279,0.001273
0.08,2.18989,0.000602245
0.081,2.21867,0.00256893
0.082,2.22659,0.00355272
0.083,2.22567,0.00325267
0.084,2.22276,0.00241438
0.085,2.22214,0.00451254
0.086,2.233,0.00383399
0.087,2.27725,0.00360381
0.088,2.27757,0.00182379
0.089,2.28161,0.000597398
0.09,2.29038,-0.000974861
0.091,2.29139,-0.000558031
0.092,2.31202,-0.00572005
0.093,2.33983,-0.00700371
0.094,2.36803,-0.00450487
0.095,2.39613,-0.012449
0.096,2.4039,-0.0101703
0.097,2.42501,-0.0107926
0.098,2.43094,-0.0119755
0.099,2.45108,-0.0152389
0.1,2.45411,-0.0130625
0.101,2.46541,-0.014068
0.102,2.4779,-0.0149908
0.103,2.48015,-0.0148924
0.104,2.4877,-0.0146821
0.105,2.4961,-0.0153946
0.106,2.49921,-0.0144505
0.107,2.51149,-0.0126335
0.108,2.52156,-0.0134875
0.109,2.53199,-0.013116
0.11,2.54487,-0.0153025
0.111,2.5513,-0.0138784
0.112,2.5602,-0.0140448
0.113,2.58343,-0.0149594
0.114,2.58729,-0.0138535
0.115,2.5881,-0.0148685
0.116,2.6111,-0.014774
0.117,2.62145,-0.0137554
0.118,2.62981,-0.0153579
0.119,2.65407,-0.015086
0.12,2.65497,-0.0152139
0.121,2.65798,-0.0149383
0.122,2.68103,-0.014231
0.123,2.68553,-0.0150264
0.124,2.69564,-0.0133535
0.125,2.72273,-0.0146787
0.126,2.72717,-0.0149191
0.127,2.72721,-0.0154273
0.128,2.72925,-0.0145092
0.129,2.73964,-0.0123503
0.13,2.75686,-0.0137506
0.131,2.75566,-0.0131981
0.132,2.78013,-0.0155859
0.133,2.78333,-0.0130816
0.134,2.7866,-0.0136615
0.135,2.79996,-0.0111165
0.136,2.80173,-0.0111959
0.137,2.81346,-0.0123007
0.138,2.82354,-0.0106419
0.139,2.82893,-0.0117804
0.14,2.85786,-0.0093327
0.141,2.85789,-0.00803799
0.142,2.8578,-0.00799503
0.143,2.86361,-0.0082412
0.144,2.86389,-0.00800952
0.145,2.86332,-0.00994849
0.146,2.8867,-0.00868934
0.147,2.89187,-0.00743099
0.148,2.89449,-0.00864051
0.149,2.91049,-0.00707639
0.15,2.91358,-0.00304717
0.151,2.91557,-0.00588182
0.152,2.92222,-0.00906118
0.153,2.92922,-0.00533917
0.154,2.93093,-0.00744869
0.155,2.94131,-0.00194152
0.156,2.93968,-0.00831446
0.157,2.97011,-0.00338584
0.158,2.97067,-0.00432534
0.159,2.97108,-0.00449051
0.16,2.97106,-0.00210859
0.161,2.97148,-0.00163813
0.162,2.9706,-0.00621179
0.163,2.97055,-0.00656272
0.164,2.97397,-0.00203373
0.165,2.9744,-0.00153501
0.166,2.97163,-0.0066532
0.167,2.98234,-0.00794721
0.168,2.98647,-0.00702337
0.169,2.98534,-0.00429619
0.17,2.97855,-0.0112535
0.171,2.98186,-0.00472916
0.172,2.98343,-0.00763802
0.173,2.98296,-0.00501673
0.174,2.98481,-0.00870764
0.175,2.98597,-0.00407909
0.176,2.98839,-0.006137
0.177,2.98949,-0.00680794
0.178,2.99114,-0.00913506
0.179,2.99228,-0.00512156
0.18,2.99246,-0.00486637
0.181,2.99886,-0.0103593
0.182,2.99692,-0.006463
0.183,3.00057,-0.00697051
0.184,3.00205,-0.00408591
0.185,3.00164,-0.0101427
0.186,3.00225,-0.00655736
0.187,3.00667,-0.00852341
0.188,3.00818,-0.00672883
0.189,3.0083,-0.00647112
0.19,3.00801,-0.00941921
0.191,3.00816,-0.00927793
0.192,3.00726,-0.0101605
0.193,3.0068,-0.0105409
0.194,3.01186,-0.00667208
0.195,3.01011,-0.0093372
0.196,3.04489,-0.00705619
0.197,3.03957,-0.0125439
0.198,3.03871,-0.00877517
0.199,3.03542,-0.00966043
0.2,3.02982,-0.0105601
0.201,3.02878,-0.00874875
0.202,3.02268,-0.0107371
0.203,3.02157,-0.00901589
0.204,3.01625,-0.0109976
0.205,2.97639,-0.0136649
0.206,2.98756,-0.0140367
0.207,2.99229,-0.0109699
0.208,2.99374,-0.013578
0.209,3.01485,-0.00998484
0.21,3.01688,-0.0124979
0.211,3.02268,-0.0101905
0.212,3.03149,-0.0149107
0.213,3.03112,-0.0151998
0.214,3.03572,-0.0116109
0.215,3.0365,-0.0152112
0.216,3.03886,-0.0134214
0.217,3.03683,-0.0171972
0.218,3.03687,-0.017495
0.219,3.03217,-0.0121309
0.22,3.03344,-0.0149547
0.221,3.02901,-0.0132029
0.222,3.0109,-0.0128458
0.223,3.01082,-0.0152321
0.224,3.00572,-0.012454
0.225,3.00553,-0.0122796
0.226,3.00837,-0.014384
0.227,3.00307,-0.0141377
0.228,2.97695,-0.030025
0.229,2.97269,-0.0231844
0.23,2.97422,-0.0317656
0.231,2.97293,-0.0238591
0.232,2.97261,-0.0289746
0.233,2.97308,-0.0210019
0.234,2.97307,-0.0205615
0.235,2.97179,-0.0271435
0.236,2.97445,-0.0193134
0.237,2.97722,-0.0176031
0.238,2.97679,-0.0182105
0.239,2.9803,-0.0114596
0.24,2.98806,-0.0161491
0.241,2.99036,-0.0124911
0.242,3.00028,-0.0216234
0.243,3.00244,-0.01782
0.244,3.00648,-0.0230548
0.245,3.05246,-0.0322879
0.246,3.05665,-0.0365519
0.247,3.04314,-0.0377398
0.248,3.0422,-0.0362686
0.249,3.00648,-0.0326926
0.25,3.00282,-0.0316066
0.251,2.9922,-0.0301879
0.252,2.99229,-0.0305391
0.253,2.99535,-0.027642
0.254,2.98527,-0.028256
0.255,2.9855,-0.0285829
0.256,2.98585,-0.0255466
0.257,2.95775,-0.0248983
0.258,2.95784,-0.0249291
0.259,2.91947,-0.0313215
0.26,2.91926,-0.0246752
0.261,2.929,-0.0309126
0.262,2.95368,-0.0275823
0.263,2.94663,-0.0343704
0.264,2.95156,-0.0297394
0.265,2.94236,-0.0362036
0.266,2.94169,-0.0367187
0.267,2.94846,-0.0309211
0.268,2.94256,-0.0355308
0.269,2.94679,-0.0332567
0.27,2.94993,-0.0374885
0.271,2.94941,-0.0378159
0.272,2.94858,-0.0384062
0.273,2.95563,-0.0330721
0.274,2.95654,-0.0346187
0.275,2.956,-0.0347484
0.276,2.96942,-0.0361306
0.277,2.96962,-0.0377625
0.278,2.97454,-0.0355587
0.279,2.98176,-0.0402681
0.28,3.0081,-0.0494787
0.281,3.0056,-0.045739
0.282,3.00667,-0.0460328
0.283,2.99607,-0.0444514
0.284,2.99469,-0.0457937
0.285,2.99607,-0.0459443
0.286,2.98309,-0.0454817
0.287,2.98092,-0.0444293
0.288,2.97017,-0.0443422
0.289,2.96566,-0.0425031
0.29,2.9572,-0.0434657
0.291,2.93547,-0.0412092
0.292,2.93606,-0.0411033
0.293,2.93023,-0.0426724
0.294,2.90071,-0.0461473
0.295,2.89408,-0.038787
0.296,2.88174,-0.0419593
0.297,2.88593,-0.0384628
0.298,2.88533,-0.03802
0.299,2.8862,-0.0440547
0.3,2.93494,-0.0494686
0.301,2.94125,-0.04868
0.302,2.94233,-0.050978
0.303,2.95592,-0.0511877
0.304,2.95595,-0.0511874
0.305,2.96063,-0.0498755
0.306,2.96004,-0.0497155
0.307,2.96717,-0.051628
0.308,2.98972,-0.0550231
0.309,2.98721,-0.0574228
0.31,2.98703,-0.0579153
0.311,2.99066,-0.05241
0.312,2.98528,-0.0565184
0.313,2.98512,-0.0568398
0.314,2.98638,-0.0557212
0.315,2.98486,-0.0578742
0.316,3.00014,-0.0554855
0.317,2.99394,-0.0600773
0.318,2.99431,-0.0606672
0.319,2.99119,-0.0539785
0.32,2.99434,-0.0592478
0.321,2.99377,-0.0567671
0.322,3.01281,-0.0628574
0.323,3.00633,-0.0560384
0.324,3.00705,-0.0555748
0.325,3.00142,-0.0615412
0.326,3.00478,-0.0575345
0.327,2.99943,-0.0599172
0.328,2.99187,-0.0557172
0.329,2.99264,-0.0554841
0.33,2.97113,-0.0580904
0.331,2.97122,-0.058512
0.332,2.96547,-0.0519511
0.333,2.9603,-0.0561526
0.334,2.93651,-0.0602155
0.335,2.93699,-0.0567554
0.336,2.93736,-0.0571116
0.337,2.93081,-0.053877
0.338,2.93586,-0.0576294
0.339,2.93254,-0.0564813
0.34,2.93598,-0.0585752
0.341,2.93308,-0.0569174
0.342,2.93883,-0.0583547
0.343,2.93889,-0.0585406
0.344,2.94747,-0.052822
0.345,2.94675,-0.0622548
0.346,2.94645,-0.0629077
0.347,2.9494,-0.055016
0.348,2.94497,-0.061367
0.349,2.94617,-0.0574222
0.35,2.94073,-0.0623114
0.351,2.94175,-0.0594353
0.352,2.9362,-0.0629805
0.353,2.93691,-0.0601071
0.354,2.9313,-0.0630232
0.355,2.93212,-0.0601978
0.356,2.92698,-0.0628147
0.357,2.92673,-0.0631169
0.358,2.92989,-0.0598255
0.359,2.92174,-0.0625053
0.36,2.92137,-0.0626595
0.361,2.92074,-0.0629195
0.362,2.91983,-0.06331
0.363,2.94826,-0.0641034
0.364,2.94226,-0.0686167
0.365,2.94669,-0.0626302
0.366,2.94184,-0.0660637
0.367,2.94446,-0.0564526
0.368,2.94472,-0.0561435
0.369,2.94516,-0.055483
0.37,2.93991,-0.0627016
0.371,2.94689,-0.0589282
0.372,2.94704,-0.0587608
0.373,2.94373,-0.0615797
0.374,2.947,-0.0571613
0.375,2.94212,-0.0591991
0.376,2.9419,-0.0594819
0.377,2.94455,-0.0560837
0.378,2.93914,-0.0583249
0.379,2.93898,-0.0586128
0.38,2.94112,-0.0547928
0.381,2.93572,-0.0559729
0.382,2.93563,-0.0561639
0.383,2.92946,-0.0555796
0.384,2.92945,-0.0589429
0.385,2.92964,-0.0597647
0.386,2.92706,-0.0513325
0.387,2.92734,-0.0505775
0.388,2.92472,-0.0594414
0.389,2.92457,-0.0601546
0.39,2.92628,-0.0519401
0.391,2.92664,-0.0513085
0.392,2.92267,-0.0585645
0.393,2.92447,-0.054994
0.394,2.92132,-0.0570109
0.395,2.9232,-0.0544437
0.396,2.89372,-0.0518014
0.397,2.89296,-0.0467648
0.398,2.85126,-0.0529029
0.399,2.86379,-0.0501637
0.4,2.83394,-0.0493894
0.401,2.83957,-0.0462869
0.402,2.82185,-0.0507727
0.403,2.8226,-0.0442267
0.404,2.8158,-0.0462578
0.405,2.81303,-0.03901
0.406,2.81272,-0.0387902
0.407,2.81039,-0.0418955
0.408,2.81321,-0.0380428
0.409,2.81267,-0.0412272
0.41,2.82314,-0.0363868
0.411,2.82357,-0.0389037
0.412,2.83482,-0.0339373
0.413,2.83445,-0.0336009
0.414,2.83425,-0.0375953
0.415,2.84955,-0.0337419
0.416,2.84918,-0.0333569
0.417,2.84886,-0.0327311
0.418,2.84908,-0.0389443
0.419,2.85397,-0.0348335
0.42,2.87457,-0.0430283
0.421,2.87379,-0.0436007
0.422,2.87273,-0.0445823
0.423,2.87135,-0.0460591
0.424,2.88121,-0.0337579
0.425,2.88123,-0.0329103
0.426,2.87631,-0.0441809
0.427,2.88575,-0.0380392
0.428,2.89802,-0.0389903
0.429,2.90807,-0.0350966
0.43,2.94727,-0.0380672
0.431,2.94641,-0.0382596
0.432,2.94527,-0.0385745
0.433,2.95631,-0.0354975
0.434,2.97087,-0.0379137
0.435,2.97802,-0.0348233
0.436,2.99181,-0.0349372
0.437,2.99118,-0.0350691
0.438,3.02816,-0.0381479
0.439,3.0252,-0.0305839
0.44,3.02468,-0.0305158
0.441,3.03533,-0.0318111
0.442,3.0319,-0.0325189
0.443,3.03553,-0.0298862
0.444,3.02609,-0.025501
0.445,3.03097,-0.0236214
0.446,3.02634,-0.0244082
0.447,2.95187,-0.00222174
0.448,2.94851,0.000826911
0.449,2.94885,0.00204343
0.45,2.94451,-0.0124599
0.451,2.93967,0.00205058
0.452,2.94133,-0.00600484
0.453,2.93488,-0.00570219
0.454,2.93852,-0.00891856
0.455,2.89511,-0.0177363
0.456,2.90233,-0.0137692
0.457,2.89222,-0.000159203
0.458,2.88731,0.00304113
0.459,2.87328,0.0131513
0.46,2.87134,0.00771774
0.461,2.8565,0.0167854
0.462,2.84543,0.00433028
0.463,2.85039,0.0190305
0.464,2.85058,0.0197998
0.465,2.84421,0.00984594
0.466,2.84268,0.00880374
0.467,2.83693,0.0111785
0.468,2.84043,0.00182528
0.469,2.84397,0.00910978
0.47,2.84876,-0.0024974
0.471,2.84838,-0.00319357
0.472,2.851,0.00811159
0.473,2.85006,0.00912486
0.474,2.85756,-0.0030403
0.475,2.87946,-0.00183463
0.476,2.87751,0.00410081
0.477,2.88562,0.00553791
0.478,2.88463,0.00349899
0.479,2.89341,0.00327338
0.48,2.95254,-0.0164495
0.481,2.95593,-0.0131677
0.482,2.94767,0.000710642
0.483,2.94741,0.00067263
0.484,2.9547,0.00031902
0.485,2.95128,-0.00392134
0.486,2.95757,-0.0050094
0.487,2.95237,-0.00447485
0.488,2.95736,-0.00445247
0.489,2.95057,-0.00178169
0.49,2.95281,-0.00179498
0.491,2.92758,0.0183188
0.492,2.92797,0.0158966
0.493,2.92968,0.0254361
0.494,2.92848,0.0205702
0.495,2.93146,0.0277779
0.496,2.92837,0.0232696
0.497,2.92771,0.0304787
0.498,2.92822,0.0309192
0.499,2.92331,0.0265476
0.5,2.92393,0.0328647
0.501,2.91135,0.0334668
0.502,2.91135,0.0330618
0.503,2.91315,0.0386967
0.504,2.91383,0.0391683
0.505,2.90646,0.0351352
0.506,2.87048,0.0547019
0.507,2.86554,0.0471428
0.508,2.85712,0.0559862
0.509,2.85664,0.0570034
0.51,2.86206,0.046801
0.511,2.85317,0.0505066
0.512,2.85281,0.0511954
0.513,2.85608,0.0443788
0.514,2.84805,0.0527627
0.515,2.84788,0.0533355
0.516,2.84823,0.0475088
0.517,2.8409,0.0533152
0.518,2.82885,0.0491057
0.519,2.82925,0.0486882
0.52,2.82251,0.0549737
0.521,2.82195,0.0505417
0.522,2.82215,0.0502842
0.523,2.78488,0.0573587
0.524,2.77725,0.0470294
0.525,2.78171,0.0590023
0.526,2.79247,0.0511573
0.527,2.79185,0.0509601
0.528,2.79508,0.0557441
0.529,2.82312,0.0357421
0.53,2.81311,0.0458282
0.531,2.81825,0.0492867
0.532,2.81858,0.0489619
0.533,2.81061,0.0526819
0.534,2.80919,0.0533562
0.535,2.82259,0.0468678
0.536,2.81711,0.0479047
0.537,2.8254,0.0473713
0.538,2.81964,0.046736
0.539,2.82531,0.0482442
0.54,2.82563,0.048503
0.541,2.81916,0.0462857
0.542,2.82484,0.0485074
0.543,2.82487,0.0488162
0.544,2.82167,0.0459535
0.545,2.83623,0.0453233
0.546,2.83612,0.0455611
0.547,2.83499,0.0430222
0.548,2.84117,0.044371
0.549,2.84609,0.0403688
0.55,2.84546,0.0401538
0.551,2.85061,0.0428676
0.552,2.84803,0.0414842
0.553,2.85252,0.0442769
0.554,2.85082,0.0432385
0.555,2.85527,0.0460903
0.556,2.85531,0.0461599
0.557,2.85322,0.0447285
0.558,2.86456,0.0527403
0.559,2.86468,0.052781
0.56,2.86498,0.052921
0.561,2.86078,0.0513411
0.562,2.8641,0.0542228
0.563,2.8612,0.0531548
0.564,2.86435,0.0557835
0.565,2.86453,0.0728838
0.566,2.85563,0.0743115
0.567,2.85742,0.0721442
0.568,2.86856,0.0747596
0.569,2.89689,0.081241
0.57,2.89565,0.0732118
0.571,2.89566,0.0803675
0.572,2.90176,0.0720129
0.573,2.95489,0.0666867
0.574,2.94262,0.0651309
0.575,2.93649,0.0794088
0.576,2.9347,0.0766739
0.577,2.93315,0.0733023
0.578,2.93532,0.0748384
0.579,2.92924,0.0714724
0.58,2.93167,0.0748369
0.581,2.91506,0.0713706
0.582,2.91518,0.0712295
0.583,2.91821,0.0743326
0.584,2.88402,0.07269
0.585,2.87136,0.073975
0.586,2.87095,0.0759608
0.587,2.86513,0.0732886
0.588,2.86305,0.0751361
0.589,2.85205,0.0711144
0.59,2.84959,0.0726822
0.591,2.83892,0.0696107
0.592,2.83735,0.0707371
0.593,2.83125,0.0683221
0.594,2.8303,0.0692333
0.595,2.82611,0.0667687
0.596,2.82569,0.0674312
0.597,2.82411,0.065371
0.598,2.82431,0.0669721
0.599,2.82306,0.0635041
0.6,2.82283,0.0633942
0.601,2.82349,0.0655056
0.602,2.82424,0.0632012
0.603,2.82401,0.0632156
0.604,2.82465,0.0635226
0.605,2.82672,0.0634488
0.606,2.82865,0.0640644
0.607,2.82761,0.0633165
0.608,2.83004,0.0643504
0.609,2.8429,0.06475
0.61,2.84178,0.0620709
0.611,2.84135,0.061901
0.612,2.84067,0.0615561
0.613,2.84699,0.0656267
0.614,2.84772,0.0664337
0.615,2.8385,0.0584689
0.616,2.84401,0.0615697
0.617,2.84445,0.0620355
0.618,2.8355,0.0538392
0.619,2.83494,0.0535814
0.62,2.84127,0.0575572
0.621,2.84218,0.0582402
0.622,2.83232,0.0514888
0.623,2.8348,0.0534048
0.624,2.83535,0.0537952
0.625,2.82567,0.0480625
0.626,2.8264,0.0490657
0.627,2.82045,0.0454237
0.628,2.82098,0.0463812
0.629,2.81524,0.0429579
0.63,2.81544,0.0438697
0.631,2.80991,0.0406982
0.632,2.81017,0.0417588
0.633,2.80503,0.0388925
0.634,2.8055,0.0400044
0.635,2.79238,0.0345745
0.636,2.79209,0.0344092
0.637,2.79157,0.0341105
0.638,2.79541,0.0366864
0.639,2.79243,0.0342042
0.64,2.81048,0.0217888
0.641,2.81099,0.0214712
0.642,2.76937,0.0319591
0.643,2.78044,0.0266341
0.644,2.80307,0.0308509
0.645,2.79621,0.0241321
0.646,2.80903,0.0258702
0.647,2.81318,0.0285515
0.648,2.80905,0.0252723
0.649,2.81657,0.0305321
0.65,2.81511,0.0320068
0.651,2.81922,0.0350025
0.652,2.82478,0.0343063
0.653,2.82422,0.0341444
0.654,2.83181,0.0364107
0.655,2.85596,0.0277673
0.656,2.84211,0.0271393
0.657,2.84177,0.0271513
0.658,2.84732,0.026316
0.659,2.85521,0.0288734
0.66,2.85312,0.0250411
0.661,2.85747,0.0261514
0.662,2.86021,0.00539366
0.663,2.87833,0.00437284
0.664,2.87052,-0.00413434
0.665,2.87505,-0.00239634
0.666,2.87081,-0.00688837
0.667,2.87477,-0.00660543
0.668,2.8716,-0.020471
0.669,2.87142,-0.0207909
0.67,2.87528,-0.0183229
0.671,2.87053,-0.0214117
0.672,2.86866,-0.0212703
0.673,2.8692,-0.0211052
0.674,2.86413,-0.0248785
0.675,2.86655,-0.0237786
0.676,2.85739,-0.0314776
0.677,2.8572,-0.0318209
0.678,2.86046,-0.0293258
0.679,2.85581,-0.0321751
0.68,2.85566,-0.0325259
0.681,2.85837,-0.0301801
0.682,2.84838,-0.0331079
0.683,2.84831,-0.033342
0.684,2.84809,-0.033666
0.685,2.85197,-0.031012
0.686,2.84613,-0.0347418
0.687,2.84777,-0.0328208
0.688,2.84256,-0.0351151
0.689,2.84258,-0.0332341
0.69,2.83709,-0.034984
0.691,2.83673,-0.0329229
0.692,2.83147,-0.0346066
0.693,2.83111,-0.0327722
0.694,2.82639,-0.0343524
0.695,2.72434,-0.0305831
0.696,2.70614,-0.0267519
0.697,2.70447,-0.02712
0.698,2.71877,-0.0231852
0.699,2.71399,-0.0250079
0.7,2.72213,-0.015571
0.701,2.73431,-0.0133868
0.702,2.7339,-0.0134798
0.703,2.73433,-0.0158998
0.704,2.7461,-0.0193098
0.705,2.74768,-0.050352
0.706,2.78077,-0.0479625
0.707,2.76237,-0.0490042
0.708,2.77079,-0.0518625
0.709,2.785,-0.0643931
0.71,2.78228,-0.0743231
0.711,2.80485,-0.0800161
0.712,2.7988,-0.0857538
0.713,2.80121,-0.0836334
0.714,2.80708,-0.0881131
0.715,2.80883,-0.0843839
0.716,2.82719,-0.0862531
0.717,2.82961,-0.0823145
0.718,2.85384,-0.0818192
0.719,2.85372,-0.0824381
0.72,2.8556,-0.0776297
0.721,2.8617,-0.080983
0.722,2.87696,-0.0749875
0.723,2.8766,-0.0748497
0.724,2.96775,-0.0618112
0.725,2.97113,-0.0528819
0.726,2.97241,-0.052527
0.727,2.96521,-0.0573615
0.728,2.97354,-0.0564321
0.729,2.97457,-0.0560589
0.73,2.97787,-0.0596559
0.731,2.9815,-0.0592319
0.732,2.98276,-0.0580953
0.733,2.98403,-0.0659486
0.734,2.98515,-0.065564
0.735,2.97777,-0.0712595
0.736,2.97654,-0.0804263
0.737,2.9772,-0.0805631
0.738,2.97492,-0.0800462
0.739,2.97079,-0.0845864
0.74,2.97378,-0.0833025
0.741,2.96866,-0.0887926
0.742,2.97237,-0.0879877
0.743,2.96715,-0.0931136
0.744,2.93745,-0.122658
0.745,2.91182,-0.12491
0.746,2.91154,-0.125834
0.747,2.91808,-0.117968
0.748,2.90713,-0.124214
0.749,2.90778,-0.119517
0.75,2.89731,-0.122525
0.751,2.89676,-0.11766
0.752,2.87175,-0.114889
0.753,2.8715,-0.115572
0.754,2.87549,-0.110672
0.755,2.86093,-0.100982
0.756,2.84373,-0.102102
0.757,2.84372,-0.10176
0.758,2.84154,-0.110401
0.759,2.84721,-0.102732
0.76,2.84781,-0.102266
0.761,2.83959,-0.108549
0.762,2.84084,-0.114228
0.763,2.86417,-0.121412
0.764,2.86515,-0.121879
0.765,2.84638,-0.115187
0.766,2.85042,-0.125299
0.767,2.85434,-0.116323
0.768,2.85419,-0.12409
0.769,2.8501,-0.117071
0.77,2.85017,-0.116545
0.771,2.84891,-0.125317
0.772,2.84916,-0.126375
0.773,2.84656,-0.115644
0.774,2.84323,-0.121604
0.775,2.843,-0.122158
0.776,2.84566,-0.116662
0.777,2.84979,-0.121799
0.778,2.8596,-0.114158
0.779,2.85934,-0.113882
0.78,2.86202,-0.119228
0.781,2.86307,-0.113595
0.782,2.86535,-0.117235
0.783,2.87246,-0.109719
0.784,2.87228,-0.109409
0.785,2.87205,-0.108759
0.786,2.87472,-0.116621
0.787,2.87462,-0.117524
0.788,2.87562,-0.108115
0.789,2.88216,-0.10939
0.79,2.88227,-0.109865
0.791,2.88246,-0.110535
0.792,2.88275,-0.111442
0.793,2.8806,-0.10349
0.794,2.88444,-0.103246
0.795,2.88437,-0.103806
0.796,2.88621,-0.0974991
0.797,2.8907,-0.100539
0.798,2.8907,-0.101229
0.799,2.89037,-0.0944088
0.8,2.89693,-0.0921761
0.801,2.89703,-0.0926836
0.802,2.89724,-0.0934002
0.803,2.89513,-0.0861171
0.804,2.89746,-0.0893015
0.805,2.89781,-0.0840024
0.806,2.90123,-0.0867192
0.807,2.9029,-0.0817557
0.808,2.91601,-0.0790982
0.809,2.91606,-0.0795821
0.81,2.91622,-0.0803237
0.811,2.91497,-0.0727906
0.812,2.91469,-0.072301
0.813,2.91838,-0.0786045
0.814,2.92606,-0.0711185
0.815,2.92576,-0.0709586
0.816,2.93103,-0.073084
0.817,2.93228,-0.0692501
0.818,2.94106,-0.0714804
0.819,2.94118,-0.0717227
0.82,2.94019,-0.0678005
0.821,2.94233,-0.0707607
0.822,2.96993,-0.0733047
0.823,2.9924,-0.0869659
0.824,2.99341,-0.0874096
0.825,2.97881,-0.0766516
0.826,2.98131,-0.0843993
0.827,2.96541,-0.102621
0.828,2.95791,-0.0974826
0.829,2.95542,-0.0908725
0.83,2.94882,-0.0925455
0.831,2.93375,-0.0907
0.832,2.89633,-0.0747409
0.833,2.87871,-0.0636568
0.834,2.87883,-0.0629759
0.835,2.87811,-0.0711006
0.836,2.88013,-0.0656215
0.837,2.82651,-0.0582426
0.838,2.83044,-0.0595481
0.839,2.82152,-0.0541378
0.84,2.81589,-0.0575201
0.841,2.80793,-0.0558746
0.842,2.81327,-0.056512
0.843,2.8137,-0.0562812
0.844,2.80124,-0.0595672
0.845,2.8076,-0.0614065
0.846,2.80768,-0.0605452
0.847,2.81855,-0.0712047
0.848,2.80832,-0.0702709
0.849,2.8183,-0.0697034
0.85,2.81885,-0.0694941
0.851,2.80803,-0.0720329
0.852,2.81515,-0.0681613
0.853,2.8363,-0.0595047
0.854,2.82812,-0.0524213
0.855,2.84588,-0.0570119
0.856,2.85718,-0.0536071
0.857,2.85686,-0.053491
0.858,2.86098,-0.0547032
0.859,2.85952,-0.051486
0.86,2.84927,-0.0502548
0.861,2.85525,-0.0461404
0.862,2.83888,-0.0335296
0.863,2.83828,-0.0337818
0.864,2.84537,-0.0307932
0.865,2.83877,-0.0233944
0.866,2.83831,-0.0234518
0.867,2.83076,-0.0119512
0.868,2.82625,-0.00450132
0.869,2.82575,-0.00335619
0.87,2.83017,-0.0155553
0.871,2.82452,-0.00370012
0.872,2.82438,-0.0027927
0.873,2.82531,-0.0120009
0.874,2.82028,-0.00405631
0.875,2.8203,-0.00331781
0.876,2.81984,-0.0108813
0.877,2.79118,-0.0137849
0.878,2.79964,-0.0190472
0.879,2.78751,-0.0201008
0.88,2.79313,-0.0168058
0.881,2.78371,-0.0183701
0.882,2.78844,-0.0145136
0.883,2.77,-0.0109008
0.884,2.76944,-0.0111745
0.885,2.76854,-0.01169
0.886,2.7752,-0.00637724
0.887,2.74648,0.0102524
0.888,2.74288,-0.00591373
0.889,2.73508,0.00359654
0.89,2.73744,-0.0143526
0.891,2.73721,-0.0146833
0.892,2.73705,-0.0154911
0.893,2.73448,-0.00576687
0.894,2.74062,-0.0132311
0.895,2.74038,-0.0141136
0.896,2.73832,-0.00269694
0.897,2.74644,-0.00749848
0.898,2.75332,0.00165237
0.899,2.75273,0.00232826
0.9,2.7571,-0.00549868
0.901,2.7539,-0.00234395
0.902,2.75623,-0.0126265
0.903,2.75643,-0.0131692
0.904,2.75195,-0.00645187
0.905,2.74253,0.0141622
0.906,2.74733,0.0131433
0.907,2.74378,0.00486674
0.908,2.74267,0.00415264
0.909,2.75095,0.0138048
0.91,2.75092,0.0142731
0.911,2.74635,0.00852646
0.912,2.75342,0.0155794
0.913,2.75217,0.0154095
0.914,2.75747,0.021295
0.915,2.75514,0.0350128
0.916,2.75479,0.0346118
0.917,2.75434,0.0339792
0.918,2.75712,0.0412515
0.919,2.74885,0.0397469
0.92,2.74776,0.0457715
0.921,2.73952,0.0449251
0.922,2.7399,0.0512252
0.923,2.73364,0.0523357
0.924,2.72738,0.079476
0.925,2.72748,0.079624
0.926,2.7277,0.0799571
0.927,2.73785,0.103847
0.928,2.73936,0.115024
0.929,2.74027,0.11566
0.93,2.72901,0.111707
0.931,2.73101,0.120748
0.932,2.72162,0.119686
0.933,2.72126,0.11935
0.934,2.72546,0.126363
0.935,2.71794,0.122965
0.936,2.72002,0.126448
0.937,2.71556,0.123912
0.938,2.72004,0.127302
0.939,2.72608,0.130178
0.94,2.72569,0.13019
0.941,2.72868,0.133925
0.942,2.72491,0.132571
0.943,2.72645,0.136583
0.944,2.72652,0.137221
0.945,2.72396,0.133621
0.946,2.73032,0.130031
0.947,2.73069,0.130421
0.948,2.7018,0.130429
0.949,2.72428,0.125418
0.95,2.72528,0.126025
0.951,2.71004,0.122031
0.952,2.70951,0.121644
0.953,2.71545,0.127981
0.954,2.71592,0.128655
0.955,2.70929,0.122992
0.956,2.71359,0.126377
0.957,2.70963,0.124172
0.958,2.71203,0.125907
0.959,2.71222,0.126292
0.96,2.70791,0.123742
0.961,2.70253,0.111371
0.962,2.70978,0.10815
0.963,2.70811,0.107896
0.964,2.73613,0.112247
0.965,2.72025,0.101316
0.966,2.73092,0.110435
0.967,2.72519,0.109165
0.968,2.74192,0.118304
0.969,2.73181,0.116614
0.97,2.74985,0.124788
0.971,2.74448,0.124025
0.972,2.75009,0.128822
0.973,2.75967,0.138986
0.974,2.75919,0.138569
0.975,2.76525,0.144374
0.976,2.76349,0.144378
0.977,2.76874,0.14999
0.978,2.77228,0.156874
0.979,2.77191,0.156714
0.98,2.77726,0.160715
0.981,2.78443,0.163502
0.982,2.7843,0.163578
0.983,2.8356,0.169103
0.984,2.83392,0.168984
0.985,2.88994,0.183596
0.986,2.82458,0.153972
0.987,2.83359,0.165518
0.988,2.83198,0.153708
0.989,2.81695,0.156105
0.99,2.80581,0.148589
0.991,2.78083,0.151102
0.992,2.75951,0.141999
0.993,2.76779,0.151465
0.994,2.7679,0.147883
0.995,2.766,0.137484
0.996,2.76881,0.145771
0.997,2.75723,0.139756
0.998,2.75975,0.131577
0.999,2.75192,0.126115
1,2.75686,0.125211
1.001,2.763,0.12339
1.002,2.78986,0.104624
1.003,2.78641,0.101011
1.004,2.78464,0.112161
1.005,2.78867,0.11442
1.006,2.79015,0.105179
1.007,2.79763,0.108708
1.008,2.79639,0.102209
1.009,2.80302,0.106059
1.01,2.8022,0.103298
1.011,2.83963,0.123252
1.012,2.8487,0.117142
1.013,2.84761,0.129215
1.014,2.84568,0.124247
1.015,2.8457,0.123057
1.016,2.84863,0.135941
1.017,2.84634,0.129127
1.018,2.84605,0.128387
1.019,2.8518,0.136437
1.02,2.85002,0.131842
1.021,2.85553,0.135514
1.022,2.85446,0.132576
1.023,2.92414,0.145827
1.024,2.92676,0.148156
1.025,2.92189,0.163199
1.026,2.92002,0.192521
1.027,2.92165,0.179238
1.028,2.93696,0.175116
1.029,2.93563,0.170342
1.03,2.93639,0.170987
1.031,2.93436,0.167891
1.032,2.89917,0.155534
1.033,2.91164,0.159337
1.034,2.90448,0.145119
1.035,2.91293,0.142124
1.036,2.90456,0.129414
1.037,2.9032,0.109319
1.038,2.90448,0.110216
1.039,2.86068,0.0752481
1.04,2.86119,0.0669128
1.041,2.85607,0.055515
1.042,2.85956,0.0553947
1.043,2.81761,-0.00872921
1.044,2.8061,-0.00196705
1.045,2.80308,-0.0128272
1.046,2.80089,-0.00244992
1.047,2.79466,-0.0108889
1.048,2.79444,-0.0122997
1.049,2.79535,-0.00224607
1.05,2.79519,-0.00143509
1.051,2.79512,-0.0159259
1.052,2.80695,-0.0249626
1.053,2.81012,-0.0278241
1.054,2.79458,-0.0124725
1.055,2.80093,-0.0239096
1.056,2.8099,-0.0206021
1.057,2.81103,-0.0292716
1.058,2.81088,-0.030148
1.059,2.81122,-0.0290225
1.06,2.82394,-0.0350608
1.061,2.82018,-0.0295939
1.062,2.82789,-0.030426
1.063,2.82326,-0.0259349
1.064,2.82893,-0.0250635
1.065,2.82784,-0.0207285
1.066,2.83312,-0.0215289
1.067,2.85319,-0.0196135
1.068,2.85348,-0.0192562
1.069,2.85136,-0.0287605
1.07,2.85169,-0.0119657
1.071,2.851,-0.0200253
1.072,2.85068,-0.0212132
1.073,2.85528,-0.0102632
1.074,2.85353,-0.0187555
1.075,2.85805,-0.0163345
1.076,2.85423,-0.023744
1.077,2.85812,-0.0217609
1.078,2.85392,-0.0351356
1.079,2.85364,-0.0354986
1.08,2.85781,-0.0321041
1.081,2.85801,-0.0490466
1.082,2.85618,-0.0458173
1.083,2.85532,-0.0443592
1.084,2.86594,-0.0616498
1.085,2.86434,-0.0552183
1.086,2.86917,-0.0648605
1.087,2.90136,-0.0762689
1.088,2.9172,-0.085671
1.089,2.90506,-0.0805869
1.09,2.89476,-0.0537611
1.091,2.9044,-0.059642
1.092,2.90946,-0.0918994
1.093,2.91952,-0.0974049
1.094,2.92002,-0.0963617
1.095,2.91802,-0.112558
1.096,2.92124,-0.103043
1.097,2.92313,-0.113671
1.098,2.92289,-0.106246
1.099,2.92393,-0.115418
1.1,2.92521,-0.114649
1.101,2.92665,-0.122399
1.102,2.9377,-0.153938
1.103,2.9463,-0.151378
1.104,2.93818,-0.146797
1.105,2.95451,-0.128946
1.106,2.95524,-0.129542
1.107,2.96628,-0.122909
1.108,2.96597,-0.123073
1.109,2.97405,-0.126026
1.11,2.95336,-0.0943662
1.111,2.95934,-0.109322
1.112,2.96876,-0.0982373
1.113,2.96962,-0.0969876
1.114,2.96297,-0.111538
1.115,2.96873,-0.103333
1.116,2.97013,-0.102572
1.117,2.91819,-0.129401
1.118,2.92734,-0.12959
1.119,2.93455,-0.16603
1.12,2.91976,-0.156469
1.121,2.92788,-0.15702
1.122,2.91259,-0.151643
1.123,2.9232,-0.152263
1.124,2.91439,-0.151251
1.125,2.92664,-0.145824
1.126,2.92737,-0.146367
1.127,2.91929,-0.144712
1.128,2.92784,-0.143318
1.129,2.9252,-0.144807
1.13,2.92461,-0.144896
1.131,2.932,-0.145656
1.132,2.91822,-0.165496
1.133,2.92005,-0.169471
1.134,2.91757,-0.160339
1.135,2.92016,-0.168834
1.136,2.91688,-0.163998
1.137,2.91728,-0.171001
1.138,2.8924,-0.191456
1.139,2.90571,-0.197781
1.14,2.89594,-0.201416
1.141,2.90304,-0.200747
1.142,2.89614,-0.205243
1.143,2.90369,-0.203463
1.144,2.89816,-0.207937
1.145,2.90461,-0.205695
1.146,2.90074,-0.209245
1.147,2.90644,-0.206767
1.148,2.90376,-0.209398
1.149,2.93877,-0.195547
1.15,2.92077,-0.191336
1.151,2.92857,-0.193207
1.152,2.89647,-0.205163
1.153,2.88654,-0.212096
1.154,2.88919,-0.199422
1.155,2.90197,-0.207942
1.156,2.90327,-0.205482
1.157,2.91192,-0.206092
1.158,2.91345,-0.214155
1.159,2.90913,-0.214626
1.16,2.91194,-0.20206
1.161,2.90866,-0.208445
1.162,2.91135,-0.196295
1.163,2.90903,-0.203152
1.164,2.91003,-0.193575
1.165,2.90526,-0.199583
1.166,2.89966,-0.190482
1.167,2.8944,-0.194414
1.168,2.82673,-0.168353
1.169,2.83784,-0.175724
1.17,2.834,-0.170628
1.171,2.84598,-0.175458
1.172,2.84647,-0.172503
1.173,2.85357,-0.175036
1.174,2.86251,-0.158745
1.175,2.86726,-0.177
1.176,2.87156,-0.166787
1.177,2.8475,-0.206324
1.178,2.82377,-0.196819
1.179,2.81088,-0.207082
1.18,2.8206,-0.196735
1.181,2.82548,-0.211884
1.182,2.83571,-0.198671
1.183,2.83717,-0.209312
1.184,2.84461,-0.202337
1.185,2.84372,-0.20818
1.186,2.85467,-0.201989
1.187,2.85429,-0.206192
1.188,2.88214,-0.1903
1.189,2.88565,-0.198702
1.19,2.8786,-0.188343
1.191,2.88365,-0.198304
1.192,2.87767,-0.193525
1.193,2.85994,-0.215941
1.194,2.86941,-0.197462
1.195,2.92962,-0.203748
1.196,2.92482,-0.188707
1.197,2.93134,-0.20569
1.198,2.92271,-0.197103
1.199,2.92315,-0.195715
1.2,2.92302,-0.21215
1.201,2.91149,-0.202566
1.202,2.79773,-0.229382
1.203,2.82286,-0.233802
1.204,2.84173,-0.227922
1.205,2.88633,-0.197937
1.206,2.89215,-0.22751
1.207,2.87623,-0.206499
1.208,2.84598,-0.209678
1.209,2.83457,-0.20152
1.21,2.83191,-0.21096
1.211,2.82583,-0.199403
1.212,2.82554,-0.206496
1.213,2.82533,-0.195977
1.214,2.82708,-0.202565
1.215,2.83068,-0.193081
1.216,2.83818,-0.194981
1.217,2.84017,-0.186938
1.218,2.85806,-0.149269
1.219,2.84676,-0.14273
1.22,2.83753,-0.138514
1.221,2.81959,-0.13362
1.222,2.72431,-0.133647
1.223,2.75084,-0.119185
1.224,2.7788,-0.133879
1.225,2.82995,-0.111407
1.226,2.82857,-0.112163
1.227,2.76979,-0.105334
1.228,2.76807,-0.107826
1.229,2.75282,-0.102966
1.23,2.76029,-0.1032
1.231,2.76072,-0.103458
1.232,2.75164,-0.0997546
1.233,2.76551,-0.0961614
1.234,2.76435,-0.0947194
1.235,2.77521,-0.0896153
1.236,2.86934,-0.0271054
1.237,2.88175,-0.0392053
1.238,2.8207,-0.0453092
1.239,2.8563,-0.0513978
1.24,2.8777,-0.061457
1.241,2.8976,-0.0511547
1.242,2.85404,-0.0885165
1.243,2.85021,-0.0813358
1.244,2.85853,-0.0813988
1.245,2.84825,-0.0807123
1.246,2.85853,-0.0771408
1.247,2.85933,-0.077178
1.248,2.8505,-0.0772925
1.249,2.85066,-0.0280544
1.25,2.83468,-0.0191999
1.251,2.83798,-0.0346726
1.252,2.83137,-0.0288537
1.253,2.83546,-0.0385063
1.254,2.8635,-0.0396505
1.255,2.86632,-0.0355088
1.256,2.83584,-0.00851788
1.257,2.84718,-0.013007
1.258,2.85136,-0.00454664
1.259,2.85553,-0.0109166
1.26,2.85715,0.000776647
1.261,2.85369,-0.00610638
1.262,2.85008,0.0054696
1.263,2.85045,0.00659601
1.264,2.8469,-0.00289654
1.265,2.84832,0.00236195
1.266,2.84484,-0.0010473
1.267,2.83311,-0.011419
1.268,2.83833,-0.0204143
1.269,2.83004,3.29194e-05
1.27,2.80483,0.0422863
1.271,2.81316,0.0100665
1.272,2.81597,0.0297201
1.273,2.83656,0.0439628
1.274,2.8395,0.0401485
1.275,2.83909,0.0595144
1.276,2.83973,0.0632991
1.277,2.8369,0.0805585
1.278,2.83514,0.0779553
1.279,2.8337,0.0917629
1.28,2.83083,0.0877327
1.281,2.81398,0.136098
1.282,2.82752,0.130893
1.283,2.83796,0.130787
1.284,2.83653,0.132368
1.285,2.8521,0.123517
1.286,2.86451,0.12002
1.287,2.86361,0.121113
1.288,2.89304,0.104358
1.289,2.89884,0.116636
1.29,2.89256,0.102812
1.291,2.88311,0.121327
1.292,2.8751,0.119064
1.293,2.82831,0.179441
1.294,2.85195,0.151512
1.295,2.84711,0.154136
1.296,2.91958,0.086744
1.297,2.92029,0.0999904
1.298,2.90665,0.089673
1.299,2.8528,0.140897
1.3,2.87522,0.120305
1.301,2.86768,0.132669
1.302,2.88111,0.119062
1.303,2.87759,0.125712
1.304,2.88962,0.115561
1.305,2.88425,0.11941
1.306,2.89313,0.111314
1.307,2.88787,0.114709
1.308,2.87047,0.123512
1.309,2.87214,0.138225
1.31,2.87484,0.155011
1.311,2.86558,0.166079
1.312,2.86174,0.1661
1.313,2.86243,0.165379
1.314,2.85414,0.176536
1.315,2.85873,0.174602
1.316,2.8654,0.209314
1.317,2.86628,0.194937
1.318,2.87105,0.206834
1.319,2.87144,0.20246
1.32,2.87118,0.201953
1.321,2.87443,0.212095
1.322,2.86966,0.238483
1.323,2.86838,0.242763
1.324,2.87684,0.233752
1.325,2.8735,0.236816
1.326,2.90325,0.223775
1.327,2.90374,0.222815
1.328,2.86864,0.262686
1.329,2.89031,0.243229
1.33,2.88083,0.249214
1.331,2.89151,0.245158
1.332,2.89196,0.245214
1.333,2.88607,0.250297
1.334,2.89864,0.248351
1.335,2.89566,0.248867
1.336,2.90386,0.250181
1.337,2.90632,0.261322
1.338,2.9102,0.251247
1.339,2.90068,0.258234
1.34,2.90059,0.259013
1.341,2.90374,0.252724
1.342,2.90237,0.261912
1.343,2.90262,0.262637
1.344,2.89992,0.269137
1.345,2.90651,0.26733
1.346,2.90687,0.267337
1.347,2.90071,0.26321
1.348,2.90803,0.257051
1.349,2.90719,0.268965
1.35,2.90339,0.265229
1.351,2.90575,0.286587
1.352,2.9096,0.277195
1.353,2.9104,0.272625
1.354,2.9149,0.264967
1.355,2.91533,0.26525
1.356,2.91115,0.267597
1.357,2.9184,0.235222
1.358,2.9234,0.242757
1.359,2.92754,0.246945
1.36,2.92642,0.253624
1.361,2.92933,0.252478
1.362,2.92396,0.254411
1.363,2.92342,0.254955
1.364,2.93143,0.251581
1.365,2.92555,0.247684
1.366,2.93105,0.246622
1.367,2.93157,0.236913
1.368,2.92966,0.232005
1.369,2.90461,0.270104
1.37,2.9132,0.263075
1.371,2.91163,0.258079
1.372,2.91982,0.257106
1.373,2.91432,0.252915
1.374,2.91353,0.252943
1.375,2.92285,0.255755
1.376,2.91534,0.251801
1.377,2.92155,0.254729
1.378,2.91622,0.251428
1.379,2.9248,0.249005
1.38,2.91022,0.258198
1.381,2.91983,0.257748
1.382,2.90435,0.28777
1.383,2.90485,0.289565
1.384,2.89568,0.264512
1.385,2.90875,0.268178
1.386,2.91117,0.265637
1.387,2.91202,0.26611
1.388,2.90245,0.265058
1.389,2.90197,0.265456
1.39,2.90975,0.264647
1.391,2.91136,0.265468
1.392,2.89574,0.260314
1.393,2.85855,0.22418
1.394,2.86489,0.227731
1.395,2.90274,0.231874
1.396,2.88483,0.211328
1.397,2.89855,0.209039
1.398,2.87791,0.204133
1.399,2.88719,0.201998
1.4,2.87499,0.179719
1.401,2.88691,0.171441
1.402,2.92483,0.193315
1.403,2.9349,0.193189
1.404,2.91197,0.182809
1.405,2.89756,0.157481
1.406,2.88938,0.156631
1.407,2.91283,0.164314
1.408,2.90745,0.172053
1.409,2.9148,0.169255
1.41,2.91512,0.167853
1.411,2.91179,0.180369
1.412,2.90364,0.178798
1.413,2.89321,0.172285
1.414,2.90215,0.138557
1.415,2.88807,0.142284
1.416,2.89182,0.139057
1.417,2.88471,0.148404
1.418,2.8871,0.140814
1.419,2.88943,0.145101
1.42,2.89916,0.134203
1.421,2.89157,0.0971536
1.422,2.89623,0.0913505
1.423,2.89221,0.0979856
1.424,2.8924,0.0900591
1.425,2.89277,0.0999963
1.426,2.89094,0.0936256
1.427,2.89723,0.101339
1.428,2.90228,0.0861742
1.429,2.89098,0.0467641
1.43,2.89236,0.0408155
1.431,2.8961,0.0537519
1.432,2.89342,0.0506858
1.433,2.89749,0.0612372
1.434,2.89377,0.0565529
1.435,2.89764,0.061447
1.436,2.89596,0.0419001
1.437,2.8916,0.04375
1.438,2.89425,0.0300377
1.439,2.88902,0.032006
1.44,2.89037,0.0174757
1.441,2.88641,0.0202728
1.442,2.88694,0.0094126
1.443,2.86868,-0.0538519
1.444,2.8791,-0.0523686
1.445,2.88379,-0.0205181
1.446,2.88821,-0.0372701
1.447,2.8814,-0.0343194
1.448,2.88678,-0.0561335
1.449,2.88062,-0.0526249
1.45,2.88012,-0.0515839
1.451,2.88618,-0.0664568
1.452,2.88021,-0.0619066
1.453,2.87982,-0.0613472
1.454,2.88411,-0.0712326
1.455,2.87421,-0.0994438
1.456,2.87167,-0.122178
1.457,2.88051,-0.113368
1.458,2.88509,-0.126279
1.459,2.88541,-0.126695
1.46,2.87314,-0.115773
1.461,2.87471,-0.133446
1.462,2.88115,-0.139764
1.463,2.87269,-0.138324
1.464,2.87844,-0.142392
1.465,2.87404,-0.177028
1.466,2.87974,-0.182533
1.467,2.88031,-0.183505
1.468,2.86955,-0.176773
1.469,2.87789,-0.183382
1.47,2.88772,-0.197556
1.471,2.88137,-0.188181
1.472,2.88511,-0.188268
1.473,2.88487,-0.206553
1.474,2.88101,-0.204977
1.475,2.88662,-0.212726
1.476,2.88291,-0.214095
1.477,2.88897,-0.220709
1.478,2.89799,-0.247272
1.479,2.89563,-0.259931
1.48,2.89544,-0.247747
1.481,2.89219,-0.256361
1.482,2.89201,-0.257833
1.483,2.89465,-0.250133
1.484,2.89241,-0.2544
1.485,2.89042,-0.26796
1.486,2.89075,-0.257315
1.487,2.89753,-0.278074
1.488,2.88977,-0.281899
1.489,2.89158,-0.30418
1.49,2.88964,-0.297042
1.491,2.89344,-0.306615
1.492,2.88881,-0.311104
1.493,2.8896,-0.324901
1.494,2.89238,-0.323628
1.495,2.8947,-0.325307
1.496,2.89474,-0.333225
1.497,2.89346,-0.33547
1.498,2.89788,-0.334627
1.499,2.90827,-0.345257
1.5,2.90599,-0.347026
1.501,2.90918,-0.347704
1.502,2.90947,-0.347945
1.503,2.90992,-0.347969
1.504,2.90581,-0.353596
1.505,2.92472,-0.398257
1.506,2.91886,-0.389066
1.507,2.91836,-0.390497
1.508,2.925,-0.379081
1.509,2.92744,-0.374916
1.51,2.9281,-0.37521
1.511,2.92054,-0.381451
1.512,2.92837,-0.378299
1.513,2.92895,-0.378113
1.514,2.93456,-0.403613
1.515,2.93652,-0.395104
1.516,2.92917,-0.397659
1.517,2.93431,-0.388469
1.518,2.92339,-0.390088
1.519,2.92382,-0.393279
1.52,2.9342,-0.412229
1.521,2.94083,-0.407983
1.522,2.9406,-0.406956
1.523,2.94016,-0.403596
1.524,2.9425,-0.405333
1.525,2.94378,-0.406847
1.526,2.94575,-0.40653
1.527,2.95227,-0.413941
1.528,2.94796,-0.416927
1.529,2.95523,-0.412282
1.53,2.94955,-0.408265
1.531,2.94992,-0.413659
1.532,2.94658,-0.417733
1.533,2.95161,-0.41759
1.534,2.95245,-0.424715
1.535,2.94904,-0.427014
1.536,2.94373,-0.415187
1.537,2.94775,-0.415852
1.538,2.94364,-0.421263
1.539,2.94966,-0.430666
1.54,2.95142,-0.426457
1.541,2.95167,-0.408198
1.542,2.94788,-0.413636
1.543,2.95186,-0.427861
1.544,2.95515,-0.421967
1.545,2.95873,-0.404581
1.546,2.95628,-0.415407
1.547,2.95665,-0.413004
1.548,2.95963,-0.410403
1.549,2.96714,-0.396196
1.55,2.96179,-0.399279
1.551,2.9615,-0.399582
1.552,2.96726,-0.3978
1.553,2.9684,-0.397401
1.554,2.95746,-0.404194
1.555,2.95682,-0.405108
1.556,2.96615,-0.397745
1.557,2.96693,-0.397909
1.558,2.96035,-0.400743
1.559,2.95609,-0.354766
1.56,2.95303,-0.366643
1.561,2.94837,-0.371332
1.562,2.95572,-0.367099
1.563,2.96122,-0.359243
1.564,2.95074,-0.360669
1.565,2.96216,-0.345695
1.566,2.96233,-0.345811
1.567,2.9597,-0.346659
1.568,2.96342,-0.335027
1.569,2.97611,-0.325778
1.57,2.97668,-0.320372
1.571,2.97517,-0.31914
1.572,2.97183,-0.319939
1.573,2.98347,-0.301869
1.574,2.98,-0.303701
1.575,2.97049,-0.303775
1.576,2.98049,-0.286833
1.577,2.97983,-0.285404
1.578,2.97126,-0.272671
1.579,2.98258,-0.255899
1.58,2.98294,-0.255629
1.581,2.97951,-0.258046
1.582,2.97935,-0.258384
1.583,2.98333,-0.252147
1.584,2.96903,-0.196303
1.585,2.98976,-0.180694
1.586,2.99087,-0.179529
1.587,2.97799,-0.187793
1.588,2.98812,-0.180627
1.589,2.98308,-0.185708
1.59,2.99067,-0.179842
1.591,2.99136,-0.179177
1.592,2.98515,-0.182407
1.593,2.98465,-0.182839
1.594,2.99129,-0.175617
1.595,2.98585,-0.144545
1.596,2.9839,-0.162966
1.597,2.99556,-0.152996
1.598,2.9821,-0.164852
1.599,2.98335,-0.151125
1.6,2.98984,-0.137394
1.601,2.97981,-0.131427
1.602,2.97857,-0.072708
1.603,2.97567,-0.0872884
1.604,2.9764,-0.0879789
1.605,2.96956,-0.0727503
1.606,2.96837,-0.0820724
1.607,2.95951,-0.069971
1.608,2.96001,-0.0677739
1.609,2.96441,-0.0547827
1.61,2.95808,-0.0565754
1.611,2.96578,-0.0423741
1.612,2.96149,-0.0502585
1.613,2.95359,-0.0173706
1.614,2.96489,-0.0229571
1.615,2.96243,-0.0030613
1.616,2.96223,-0.0105476
1.617,2.95118,0.00566404
1.618,2.9583,0.0070083
1.619,2.95219,0.0240953
1.62,2.95582,0.0311926
1.621,2.95086,0.0255646
1.622,2.95475,0.035965
1.623,2.9477,0.0659822
1.624,2.95406,0.068403
1.625,2.95424,0.0689427
1.626,2.95019,0.0724648
1.627,2.95645,0.0733434
1.628,2.9428,0.10472
1.629,2.95972,0.0937046
1.63,2.94673,0.10282
1.631,2.94778,0.124015
1.632,2.95083,0.121947
1.633,2.94155,0.141876
1.634,2.94955,0.140096
1.635,2.9438,0.155688
1.636,2.9432,0.162808
1.637,2.93637,0.175686
1.638,2.93738,0.182307
1.639,2.93363,0.195295
1.64,2.93556,0.19593
1.641,2.9115,0.347362
1.642,2.91163,0.349879
1.643,2.89286,0.321548
1.644,2.91638,0.316726
1.645,2.91234,0.313323
1.646,2.91365,0.322946
1.647,2.90512,0.320711
1.648,2.90703,0.385064
1.649,2.9009,0.370997
1.65,2.91064,0.376284
1.651,2.91381,0.341045
1.652,2.91018,0.347293
1.653,2.89594,0.388965
1.654,2.9053,0.391579
1.655,2.90571,0.387918
1.656,2.90246,0.386996
1.657,2.88708,0.414381
1.658,2.89275,0.41232
1.659,2.88871,0.41063
1.66,2.881,0.41169
1.661,2.88816,0.416438
1.662,2.88938,0.411497
1.663,2.87992,0.413007
1.664,2.87822,0.413424
1.665,2.89376,0.418335
1.666,2.89341,0.391897
1.667,2.90123,0.414796
1.668,2.90192,0.404873
1.669,2.90963,0.412373
1.67,2.90972,0.402098
1.671,2.91725,0.410644
1.672,2.91802,0.411435
1.673,2.90881,0.40871
1.674,2.91162,0.427815
1.675,2.89357,0.430862
1.676,2.88568,0.42856
1.677,2.89535,0.452303
1.678,2.88369,0.443749
1.679,2.88403,0.456867
1.68,2.87831,0.457019
1.681,2.87017,0.45862
1.682,2.8812,0.475736
1.683,2.87244,0.469161
1.684,2.87839,0.481612
1.685,2.87491,0.480752
1.686,2.883,0.487133
1.687,2.8841,0.490162
1.688,2.88999,0.490744
1.689,2.89098,0.493187
1.69,2.90462,0.49397
1.691,2.90789,0.496502
1.692,2.94663,0.47957
1.693,2.95437,0.492412
1.694,2.95456,0.494496
1.695,2.95402,0.479494
1.696,2.95395,0.479115
1.697,2.95595,0.491246
1.698,2.95639,0.492803
1.699,2.95396,0.483652
1.7,2.96707,0.455643
1.701,2.96654,0.450404
1.702,2.96477,0.449995
1.703,2.97028,0.410116
1.704,2.97279,0.401251
1.705,2.98033,0.404866
1.706,2.98654,0.394555
1.707,2.97537,0.379068
1.708,2.98448,0.387174
1.709,2.97682,0.379318
1.71,2.97238,0.38483
1.711,2.98689,0.388209
1.712,2.9888,0.388989
1.713,2.97039,0.381724
1.714,2.9754,0.386793
1.715,2.96368,0.423445
1.716,2.95016,0.423223
1.717,2.96344,0.430125
1.718,2.95336,0.427648
1.719,2.96028,0.433943
1.72,2.94283,0.450579
1.721,2.95425,0.458742
1.722,2.94753,0.454429
1.723,2.95132,0.458285
1.724,2.95536,0.460703
1.725,2.9518,0.458565
1.726,2.95867,0.464045
1.727,2.95911,0.456683
1.728,2.96556,0.459099
1.729,2.96992,0.456642
1.73,2.97119,0.449425
1.731,2.97547,0.451016
1.732,2.9776,0.435707
1.733,2.98256,0.434201
1.734,2.98235,0.430319
1.735,2.98538,0.429857
1.736,2.99734,0.403073
1.737,2.99384,0.398776
1.738,2.99475,0.399461
1.739,2.98653,0.392925
1.74,2.994,0.395968
1.741,2.99464,0.396502
1.742,2.98952,0.392175
1.743,2.97814,0.357626
1.744,2.98491,0.353062
1.745,2.9794,0.347149
1.746,2.98668,0.343946
1.747,2.99278,0.323618
1.748,2.99341,0.317014
1.749,2.99079,0.305298
1.75,2.99854,0.303994
1.751,2.99858,0.287938
1.752,3.00133,0.264962
1.753,3.01276,0.251344
1.754,3.00912,0.244639
1.755,3.01743,0.224213
1.756,3.02297,0.213939
1.757,3.02005,0.209274
1.758,3.0233,0.20773
1.759,3.02704,0.143277
1.76,3.04304,0.150252
1.761,3.04384,0.150817
1.762,3.03576,0.133278
1.763,3.03593,0.132118
1.764,3.03874,0.141265
1.765,3.04181,0.139388
1.766,3.03786,0.134483
1.767,3.04012,0.11794
1.768,3.02262,0.100865
1.769,3.02767,0.10463
1.77,3.02562,0.10198
1.771,3.01722,0.0841353
1.772,3.01827,0.0784962
1.773,3.0313,0.0877511
1.774,3.02008,0.0628884
1.775,3.03497,0.0698507
1.776,3.01866,0.0572643
1.777,3.01901,0.0308554
1.778,3.01057,0.0404933
1.779,3.01734,0.0359581
1.78,3.01648,0.0382389
1.781,2.99546,-0.0289937
1.782,2.99972,-0.0138154
1.783,2.99842,-0.0152104
1.784,3.01084,-0.0126129
1.785,3.00376,-0.0182181
1.786,3.0031,-0.0190868
1.787,3.01969,-0.0357447
1.788,3.01949,-0.0440579
1.789,3.01791,-0.0443596
1.79,3.00511,-0.0684735
1.791,3.00427,-0.0708422
1.792,3.02107,-0.0845046
1.793,2.99847,-0.108749
1.794,3.01933,-0.108056
1.795,3.00836,-0.130545
1.796,3.02525,-0.126505
1.797,3.01431,-0.144389
1.798,3.02919,-0.145638
1.799,3.03033,-0.150908
1.8,3.02638,-0.166879
1.801,3.04087,-0.168384
1.802,3.03561,-0.174841
1.803,3.05972,-0.246843
1.804,3.06856,-0.243852
1.805,3.06768,-0.246054
1.806,3.07855,-0.23736
1.807,3.08003,-0.237515
1.808,3.06659,-0.248627
1.809,3.06617,-0.250097
1.81,3.07599,-0.243807
1.811,3.07759,-0.24365
1.812,3.06437,-0.254101
1.813,3.06854,-0.252768
1.814,3.02234,-0.313038
1.815,3.01966,-0.317064
1.816,3.06085,-0.332677
1.817,3.05741,-0.339747
1.818,3.03751,-0.367479
1.819,3.06178,-0.361692
1.82,3.04375,-0.386661
1.821,3.06713,-0.414819
1.822,3.06318,-0.424215
1.823,3.06416,-0.430059
1.824,3.05665,-0.439732
1.825,3.06763,-0.460865
1.826,3.06173,-0.471206
1.827,3.04341,-0.469968
1.828,3.0609,-0.46623
1.829,3.04492,-0.483671
1.83,3.04867,-0.502999
1.831,3.03675,-0.500382
1.832,3.05008,-0.511409
1.833,3.04838,-0.50979
1.834,3.05812,-0.511772
1.835,3.03478,-0.55486
1.836,3.05231,-0.549066
1.837,3.03146,-0.564202
1.838,3.03496,-0.57404
1.839,3.03569,-0.583676
1.84,3.02208,-0.594568
1.841,3.02148,-0.595961
1.842,3.0282,-0.604457
1.843,3.02939,-0.608252
1.844,3.0288,-0.597572
1.845,3.0359,-0.598232
1.846,3.04281,-0.607951
1.847,3.04368,-0.590909
1.848,3.04786,-0.596416
1.849,3.05156,-0.603507
1.85,3.05694,-0.597628
1.851,3.06153,-0.616
1.852,3.05689,-0.611284
1.853,3.0668,-0.616034
1.854,3.06104,-0.618219
1.855,3.06451,-0.619473
1.856,3.06024,-0.636865
1.857,3.05999,-0.628899
1.858,3.05684,-0.627945
1.859,3.04178,-0.646726
1.86,3.05212,-0.632588
1.861,3.04662,-0.635958
1.862,3.04783,-0.636213
1.863,3.04342,-0.636444
1.864,3.04259,-0.634625
1.865,3.03865,-0.636698
1.866,3.03713,-0.617076
1.867,3.03563,-0.634229
1.868,3.03547,-0.635332
1.869,3.0392,-0.612168
1.87,3.02678,-0.634669
1.871,3.04097,-0.615544
1.872,3.04208,-0.616779
1.873,3.02905,-0.613831
1.874,3.02786,-0.615339
1.875,3.04017,-0.608811
1.876,3.04087,-0.608866
1.877,3.0323,-0.615109
1.878,3.02666,-0.598924
1.879,3.03436,-0.554552
1.88,3.021,-0.611549
1.881,3.02852,-0.569908
1.882,3.02095,-0.590634
1.883,3.02442,-0.577971
1.884,3.02507,-0.579256
1.885,3.01751,-0.571768
1.886,3.02497,-0.56248
1.887,3.01874,-0.565991
1.888,3.02555,-0.556833
1.889,3.02869,-0.490308
1.89,3.02496,-0.495242
1.891,3.01854,-0.498796
1.892,3.01773,-0.530232
1.893,3.0243,-0.526348
1.894,3.0181,-0.526209
1.895,3.05551,-0.520408
1.896,3.03513,-0.526255
1.897,3.0335,-0.496573
1.898,3.01744,-0.502609
1.899,3.04055,-0.503059
1.9,3.01581,-0.501009
1.901,3.01544,-0.473413
1.902,3.01069,-0.476151
1.903,3.02583,-0.477954
1.904,3.00057,-0.456131
1.905,3.00985,-0.459298
1.906,3.01106,-0.458667
1.907,3.0171,-0.4607
1.908,3.00693,-0.447903
1.909,3.00752,-0.446923
1.91,3.01486,-0.433286
1.911,3.00473,-0.43716
1.912,2.99518,-0.42168
1.913,3.00376,-0.415095
1.914,2.99594,-0.403055
1.915,3.00227,-0.391992
1.916,2.99549,-0.387552
1.917,3.00253,-0.370409
1.918,2.99604,-0.369814
1.919,3.00432,-0.357715
1.92,2.9949,-0.336533
1.921,3.00365,-0.334431
1.922,3.00362,-0.326543
1.923,2.9924,-0.287015
1.924,2.99687,-0.279588
1.925,2.99585,-0.280149
1.926,3.00388,-0.270984
1.927,3.00509,-0.270294
1.928,2.99166,-0.274644
1.929,2.9682,-0.233375
1.93,2.98607,-0.220327
1.931,2.9872,-0.216534
1.932,2.98983,-0.212498
1.933,2.97321,-0.147024
1.934,2.97565,-0.133251
1.935,2.98285,-0.142704
1.936,2.98327,-0.14268
1.937,2.97534,-0.133089
1.938,2.98347,-0.133798
1.939,2.98123,-0.0961598
1.94,2.96855,-0.0750923
1.941,2.96948,-0.076456
1.942,2.97632,-0.0637309
1.943,2.99215,-0.0515961
1.944,2.98428,-0.0280481
1.945,2.97549,-0.0298886
1.946,2.976,-0.0025233
1.947,2.96886,0.00283233
1.948,2.97251,0.0119865
1.949,2.96665,0.0275771
1.95,2.96974,0.044109
1.951,2.96847,0.0504055
1.952,2.96988,0.0686847
1.953,2.96006,0.0741016
1.954,2.96939,0.0922248
1.955,2.95887,0.103999
1.956,2.96448,0.12149
1.957,2.96869,0.126507
1.958,2.95993,0.123617
1.959,2.96699,0.186315
1.96,2.95174,0.181224
1.961,2.95077,0.181989
1.962,2.96229,0.188696
1.963,2.96218,0.189341
1.964,2.96017,0.194125
1.965,2.95606,0.191788
1.966,2.97219,0.234527
1.967,2.96423,0.236968
1.968,2.96454,0.242262
1.969,2.94052,0.273213
1.97,2.95785,0.284969
1.971,2.94548,0.278616
1.972,2.9746,0.294939
1.973,2.96539,0.297411
1.974,2.9576,0.321938
1.975,2.94464,0.315129
1.976,2.96491,0.337187
1.977,2.96321,0.340404
1.978,2.95606,0.352215
1.979,2.96377,0.36717
1.98,2.95525,0.376539
1.981,2.96467,0.387428
1.982,2.9643,0.394847
1.983,2.95304,0.406276
1.984,2.96547,0.410801
1.985,2.96319,0.417661
1.986,2.95785,0.436915
1.987,2.97245,0.444637
1.988,2.96556,0.43951
1.989,2.96442,0.464555
1.99,2.97581,0.456879
1.991,2.97028,0.471708
1.992,2.97007,0.472709
1.993,2.96769,0.488278
1.994,2.98166,0.498677
1.995,2.97503,0.503239
1.996,2.97848,0.513873
1.997,2.97895,0.51504
1.998,2.97855,0.530974
1.999,2.97494,0.532271
2,2.9821,0.536821
2.001,2.97798,0.540854
2.002,2.97666,0.562458
2.003,2.98666,0.564604
2.004,2.97639,0.568101
2.005,2.98568,0.588763
2.006,2.97785,0.578322
2.007,2.98286,0.589746
2.008,2.97831,0.594438
2.009,2.98495,0.61262
2.01,2.9831,0.610368
2.011,2.99413,0.622721
2.012,2.98037,0.61596
2.013,2.9896,0.635828
2.014,2.98549,0.630547
2.015,2.99369,0.641428
2.016,2.9851,0.649679
2.017,2.99808,0.66009
2.018,2.99405,0.655114
2.019,2.99375,0.656712
2.02,3.00558,0.676093
2.021,3.02141,0.687462
2.022,3.0232,0.68965
2.023,3.00154,0.675257
2.024,3.00087,0.674618
2.025,2.9991,0.672687
2.026,3.02279,0.705895
2.027,3.02506,0.709298
2.028,2.99648,0.676464
2.029,2.99509,0.675351
2.03,3.01476,0.699345
2.031,3.01572,0.701163
2.032,3.00481,0.689054
2.033,3.00289,0.715085
2.034,3.01171,0.698938
2.035,3.01019,0.688911
2.036,3.0253,0.671906
2.037,3.03423,0.677615
2.038,3.02792,0.677782
2.039,3.0297,0.678554
2.04,3.02838,0.682463
2.041,3.02501,0.677629
2.042,3.0242,0.677824
2.043,3.02336,0.670315
2.044,3.02017,0.671476
2.045,3.03474,0.670455
2.046,3.02888,0.660013
2.047,3.02963,0.660245
2.048,3.02429,0.664634
2.049,3.02065,0.647841
2.05,3.03192,0.65528
2.051,3.02609,0.646048
2.052,3.02499,0.645651
2.053,3.06817,0.652711
2.054,3.04541,0.625336
2.055,3.04388,0.636188
2.056,3.03017,0.619497
2.057,3.03228,0.614576
2.058,3.04731,0.618688
2.059,3.04149,0.595988
2.06,3.05433,0.606111
2.061,3.02499,0.538461
2.062,3.04573,0.535942
2.063,3.04527,0.535327
2.064,3.04852,0.540678
2.065,3.04308,0.533844
2.066,3.04199,0.533412
2.067,3.05332,0.53754
2.068,3.05411,0.538501
2.069,3.04462,0.528735
2.07,3.04393,0.528455
2.071,3.0533,0.533858
2.072,3.04571,0.527058
2.073,3.02081,0.481926
2.074,3.03583,0.474499
2.075,3.02459,0.462633
2.076,3.03911,0.454538
2.077,3.03323,0.445777
2.078,3.03302,0.413569
2.079,3.04295,0.415209
2.08,3.03457,0.40693
2.081,3.049,0.382025
2.082,3.03804,0.371272
2.083,3.04368,0.373892
2.084,3.04925,0.354743
2.085,3.04051,0.347263
2.086,3.04071,0.333264
2.087,3.04324,0.327089
2.088,3.04286,0.30422
2.089,3.0479,0.297843
2.09,3.04464,0.285138
2.091,3.04253,0.279731
2.092,3.03945,0.254912
2.093,3.04062,0.229325
2.094,3.04022,0.227679
2.095,3.04625,0.242315
2.096,3.03313,0.204075
2.097,3.0442,0.204369
2.098,3.03361,0.179647
2.099,3.03817,0.184328
2.1,3.03218,0.166139
2.101,3.0341,0.161079
2.102,3.02678,0.133851
2.103,3.03187,0.141403
2.104,3.02369,0.113054
2.105,3.02936,0.118531
2.106,3.01552,-0.00650973
2.107,3.01574,-0.00860242
2.108,3.00987,0.00371681
2.109,3.00021,-0.00515238
2.11,2.99882,-0.00641277
2.111,3.01831,-0.00512146
2.112,3.00926,-0.0170751
2.113,3.00865,-0.0181482
2.114,3.01467,-0.0158038
2.115,3.01542,-0.0158135
2.116,3.00609,-0.0248781
2.117,3.00529,-0.0255652
2.118,3.01457,-0.0244117
2.119,3.01031,-0.139017
2.12,3.01567,-0.128346
2.121,3.01575,-0.135995
2.122,3.03042,-0.122277
2.123,3.03129,-0.18351
2.124,3.02754,-0.182879
2.125,3.03052,-0.274327
2.126,3.03665,-0.251174
2.127,3.0451,-0.256853
2.128,3.03693,-0.258592
2.129,3.03991,-0.263877
2.13,3.03714,-0.292077
2.131,3.03037,-0.29521
2.132,3.0091,-0.344316
2.133,3.00679,-0.338181
2.134,3.00615,-0.340295
2.135,3.01229,-0.335426
2.136,3.0063,-0.345266
2.137,2.99996,-0.382217
2.138,2.99859,-0.37341
2.139,2.99399,-0.380622
2.14,2.98429,-0.391024
2.141,2.98865,-0.431149
2.142,2.9828,-0.4242
2.143,2.98639,-0.429078
2.144,2.97762,-0.468031
2.145,2.97694,-0.47176
2.146,2.98348,-0.481162
2.147,2.98979,-0.501365
2.148,2.99706,-0.49594
2.149,2.98485,-0.497922
2.15,2.9979,-0.522203
2.151,2.99491,-0.525533
2.152,3.0055,-0.537025
2.153,3.00474,-0.554253
2.154,3.01315,-0.556804
2.155,3.01113,-0.572121
2.156,3.04989,-0.647809
2.157,3.0432,-0.65114
2.158,3.04319,-0.653553
2.159,3.047,-0.647729
2.16,3.04844,-0.648735
2.161,3.02728,-0.649905
2.162,3.03249,-0.641901
2.163,3.03317,-0.64259
2.164,3.02634,-0.651324
2.165,3.03533,-0.649492
2.166,3.03131,-0.656551
2.167,3.02752,-0.702433
2.168,3.01015,-0.700812
2.169,2.97347,-0.664794
2.17,2.98974,-0.677425
2.171,2.97669,-0.679759
2.172,3.01362,-0.704067
2.173,2.96824,-0.696654
2.174,2.99144,-0.729576
2.175,2.96631,-0.730224
2.176,2.99235,-0.744177
2.177,2.98529,-0.743079
2.178,2.97954,-0.747126
2.179,3.02942,-0.774821
2.18,3.01472,-0.773825
2.181,3.01824,-0.764338
2.182,3.01943,-0.765136
2.183,3.01024,-0.771757
2.184,3.01537,-0.768239
2.185,3.03698,-0.77603
2.186,3.0401,-0.784797
2.187,3.07034,-0.796176
2.188,3.05801,-0.80103
2.189,3.06247,-0.790485
2.19,3.05546,-0.798796
2.191,3.03936,-0.779819
2.192,3.05426,-0.789169
2.193,3.05987,-0.792468
2.194,3.06042,-0.793265
2.195,3.04241,-0.795871
2.196,3.04749,-0.793076
2.197,3.02654,-0.80447
2.198,3.03337,-0.80063
2.199,3.03451,-0.800971
2.2,3.02263,-0.807801
2.201,3.02896,-0.799823
2.202,3.03009,-0.800208
2.203,3.0202,-0.805703
2.204,3.0061,-0.797376
2.205,3.03318,-0.805569
2.206,3.03252,-0.803647
2.207,3.01294,-0.804588
2.208,3.02702,-0.802014
2.209,3.02758,-0.808762
2.21,3.04231,-0.801084
2.211,3.04079,-0.790477
2.212,3.03636,-0.794593
2.213,3.04998,-0.777731
2.214,3.04862,-0.776494
2.215,3.05044,-0.766516
2.216,3.0512,-0.752838
2.217,3.06258,-0.747523
2.218,3.0527,-0.732493
2.219,3.06817,-0.727782
2.22,3.05586,-0.711341
2.221,3.06111,-0.71256
2.222,3.0757,-0.688881
2.223,3.06348,-0.680217
2.224,3.06333,-0.680584
2.225,3.06872,-0.678
2.226,3.08254,-0.636184
2.227,3.06568,-0.627079
2.228,3.06599,-0.62668
2.229,3.06591,-0.630256
2.23,3.0647,-0.630966
2.231,3.07632,-0.623117
2.232,3.07698,-0.622905
2.233,3.0784,-0.622313
2.234,3.06591,-0.628459
2.235,3.08656,-0.604262
2.236,3.05405,-0.595351
2.237,3.06936,-0.599283
2.238,3.06116,-0.590279
2.239,3.05316,-0.582855
2.24,3.0544,-0.572005
2.241,3.03372,-0.517146
2.242,3.01475,-0.51336
2.243,3.01165,-0.513831
2.244,3.04545,-0.504501
2.245,3.04652,-0.503838
2.246,3.0267,-0.509442
2.247,3.03892,-0.496857
2.248,3.03862,-0.497186
2.249,3.08354,-0.42567
2.25,3.07409,-0.428947
2.251,3.08688,-0.429851
2.252,3.0368,-0.443384
2.253,3.06471,-0.40615
2.254,3.06273,-0.394934
2.255,3.05302,-0.394388
2.256,3.07049,-0.347269
2.257,3.05779,-0.353084
2.258,3.06282,-0.349084
2.259,3.05801,-0.330694
2.26,3.07037,-0.326057
2.261,3.08484,-0.249551
2.262,3.05749,-0.261425
2.263,3.05578,-0.261377
2.264,3.07825,-0.249987
2.265,3.0803,-0.248304
2.266,3.05955,-0.256884
2.267,3.06335,-0.249831
2.268,3.00159,-0.208681
2.269,2.98512,-0.210136
2.27,3.01198,-0.199856
2.271,3.04096,-0.153773
2.272,3.06422,-0.152056
2.273,3.03839,-0.147053
2.274,3.04108,-0.09841
2.275,3.04723,-0.0998775
2.276,3.05011,-0.0643265
2.277,3.06501,-0.064494
2.278,3.03162,-0.0519204
2.279,3.04117,-0.0387713
2.28,3.02966,-0.0314164
2.281,3.03238,-0.0119901
2.282,3.03329,-0.00324483
2.283,3.03956,0.0193431
2.284,3.05525,0.0489603
2.285,3.04097,0.0543648
2.286,3.05162,0.0599331
2.287,3.04459,0.131052
2.288,3.05432,0.126602
2.289,3.0551,0.127725
2.29,3.04553,0.1343
2.291,3.04533,0.136333
2.292,3.05808,0.136206
2.293,3.03555,0.154353
2.294,3.03154,0.216411
2.295,3.01947,0.216365
2.296,3.02472,0.223279
2.297,3.03351,0.269096
2.298,3.02428,0.25408
2.299,3.02711,0.268407
2.3,3.0292,0.266677
2.301,3.02214,0.322835
2.302,3.04596,0.313791
2.303,3.03273,0.321527
2.304,3.03477,0.346715
2.305,3.01957,0.34265
2.306,3.02512,0.375951
2.307,3.008,0.406121
2.308,3.01125,0.427026
2.309,3.01127,0.428317
2.31,3.01024,0.429114
2.311,3.02977,0.476383
2.312,3.02382,0.456497
2.313,3.0238,0.46527
2.314,3.0306,0.504921
2.315,3.03183,0.498818
2.316,3.04095,0.524653
2.317,3.04835,0.549195
2.318,3.03902,0.549453
2.319,3.03839,0.549982
2.32,3.047,0.559955
2.321,3.02479,0.576462
2.322,3.03974,0.595797
2.323,3.02802,0.574697
2.324,3.04387,0.593609
2.325,3.02086,0.605816
2.326,3.0431,0.614213
2.327,3.04083,0.697345
2.328,3.03449,0.671002
2.329,3.03407,0.67145
2.33,3.0397,0.68912
2.331,3.03577,0.675949
2.332,3.03566,0.676772
2.333,3.03751,0.685613
2.334,3.03507,0.683156
2.335,3.03512,0.684475
2.336,3.03926,0.709003
2.337,3.02114,0.70248
2.338,3.03671,0.730869
2.339,3.03477,0.755735
2.34,3.04036,0.768512
2.341,3.04594,0.780947
2.342,3.03632,0.771012
2.343,3.04478,0.786291
2.344,3.0411,0.789661
2.345,3.04377,0.800546
2.346,3.04483,0.809598
2.347,3.03472,0.809807
2.348,3.04291,0.804783
2.349,3.02339,0.822971
2.35,3.03768,0.835682
2.351,3.03893,0.837885
2.352,3.02447,0.829432
2.353,3.0355,0.834607
2.354,3.0309,0.829795
2.355,3.0382,0.83366
2.356,3.05629,0.815047
2.357,3.06418,0.825005
2.358,3.06635,0.865936
2.359,3.05689,0.857926
2.36,3.05513,0.8651
2.361,3.05527,0.871883
2.362,3.04663,0.873285
2.363,3.05495,0.879287
2.364,3.03995,0.871344
2.365,3.03358,0.863284
2.366,3.03311,0.867601
2.367,3.03794,0.870749
2.368,3.04127,0.86658
2.369,3.03341,0.862824
2.37,3.03563,0.859358
2.371,3.04664,0.845919
2.372,3.04082,0.849869
2.373,3.04542,0.856179
2.374,3.04668,0.864061
2.375,3.04373,0.845719
2.376,3.04304,0.850621
2.377,3.04384,0.848984
2.378,3.04792,0.840744
2.379,3.05107,0.841866
2.38,3.057,0.82379
2.381,3.05717,0.82412
2.382,3.0582,0.824398
2.383,3.04945,0.826548
2.384,3.04841,0.826412
2.385,3.05976,0.831756
2.386,3.06683,0.803248
2.387,3.05164,0.814445
2.388,3.05735,0.802803
2.389,3.05484,0.779776
2.39,3.04508,0.775934
2.391,3.05354,0.778994
2.392,3.05571,0.743385
2.393,3.04392,0.74041
2.394,3.05654,0.740251
2.395,3.04797,0.742762
2.396,3.05305,0.733684
2.397,3.03901,0.731948
2.398,3.04928,0.700582
2.399,3.04993,0.684139
2.4,3.04237,0.681703
2.401,3.05127,0.683344
2.402,3.04668,0.679125
2.403,3.05328,0.659983
2.404,3.05433,0.639271
2.405,3.05219,0.642872
2.406,3.05153,0.622609
2.407,3.05407,0.615624
2.408,3.05101,0.597057
2.409,3.05174,0.532921
2.41,3.06249,0.533718
2.411,3.0633,0.534561
2.412,3.05362,0.518709
2.413,3.05316,0.517431
2.414,3.05997,0.528123
2.415,3.06057,0.529755
2.416,3.05417,0.510207
2.417,3.0582,0.511943
2.418,3.06179,0.4076
2.419,3.04839,0.39693
2.42,3.0724,0.415652
2.421,3.06296,0.397687
2.422,3.05845,0.389487
2.423,3.05599,0.376066
2.424,3.05108,0.326697
2.425,3.05548,0.338605
2.426,3.05403,0.325863
2.427,3.04732,0.288616
2.428,3.05843,0.28755
2.429,3.04825,0.282615
2.43,3.05467,0.276879
2.431,3.04545,0.233372
2.432,3.04974,0.202493
2.433,3.05006,0.201492
2.434,3.0422,0.201882
2.435,3.0502,0.202301
2.436,3.04991,0.191016
2.437,3.04957,0.126716
2.438,3.05519,0.129693
2.439,3.04577,0.120699
2.44,3.0553,0.120489
2.441,3.05023,0.11312
2.442,3.06437,0.0484418
2.443,3.05259,0.0457036
2.444,3.06319,0.0361909
2.445,3.0635,0.0103795
2.446,3.05494,0.00783509
2.447,3.05218,0.00890024
2.448,3.05806,-0.00782037
2.449,3.06635,-0.0425941
2.45,3.04614,-0.0655241
2.451,3.05165,-0.0717196
2.452,3.06227,-0.0984368
2.453,3.04622,-0.102935
2.454,3.05517,-0.136532
2.455,3.05734,-0.137331
2.456,3.04048,-0.184394
2.457,3.05178,-0.194693
2.458,3.0527,-0.204971
2.459,3.05213,-0.206197
2.46,3.05736,-0.207163
2.461,3.05627,-0.278061
2.462,3.06164,-0.278048
2.463,3.06087,-0.27992
2.464,3.05525,-0.282893
2.465,3.03754,-0.314417
2.466,3.05672,-0.327266
2.467,3.05236,-0.349843
2.468,3.05984,-0.35531
2.469,3.05488,-0.392055
2.47,3.05341,-0.400446
2.471,3.06184,-0.418753
2.472,3.04796,-0.432774
2.473,3.05393,-0.454165
2.474,3.05113,-0.454386
2.475,3.05233,-0.531909
2.476,3.06073,-0.521992
2.477,3.06206,-0.522842
2.478,3.06419,-0.522931
2.479,3.03922,-0.543943
2.48,3.03746,-0.546414
2.481,3.06229,-0.533369
2.482,3.04624,-0.56029
2.483,3.06252,-0.59974
2.484,3.06862,-0.600929
2.485,3.05122,-0.622421
2.486,3.06242,-0.622519
2.487,3.06023,-0.630804
2.488,3.06643,-0.659678
2.489,3.05498,-0.662571
2.49,3.06055,-0.672923
2.491,3.05351,-0.708781
2.492,3.06156,-0.69911
2.493,3.05835,-0.707816
2.494,3.05874,-0.721895
2.495,3.06758,-0.734145
2.496,3.056,-0.748168
2.497,3.06254,-0.751951
2.498,3.0551,-0.830356
2.499,3.06516,-0.813859
2.5,3.06636,-0.815405
2.501,3.05434,-0.821825
2.502,3.05353,-0.823539
2.503,3.05182,-0.825299
2.504,3.06816,-0.824533
2.505,3.06973,-0.825094
2.506,3.0532,-0.834466
2.507,3.05228,-0.83594
2.508,3.06326,-0.833709
2.509,3.0637,-0.834081
2.51,3.07128,-0.909668
2.511,3.07557,-0.866106
2.512,3.06174,-0.88242
2.513,3.06907,-0.879692
2.514,3.05625,-0.885421
2.515,3.03975,-0.887276
2.516,3.0378,-0.915298
2.517,3.04631,-0.90747
2.518,3.07471,-0.927737
2.519,3.08375,-0.925008
2.52,3.07429,-0.927996
2.521,3.08614,-0.928194
2.522,3.08152,-0.946131
2.523,3.08231,-0.947871
2.524,3.08236,-0.931747
2.525,3.07083,-0.950272
2.526,3.07816,-0.940977
2.527,3.07705,-0.930299
2.528,3.06406,-0.947473
2.529,3.07322,-0.967373
2.53,3.05679,-0.961985
2.531,3.05458,-0.954936
2.532,3.04898,-0.962317
2.533,3.04223,-0.967052
2.534,3.05009,-0.95941
2.535,3.04635,-0.945851
2.536,3.04796,-0.948794
2.537,3.04526,-0.94807
2.538,3.05341,-0.938297
2.539,3.06104,-0.932451
2.54,3.0726,-0.931709
2.541,3.06745,-0.931057
2.542,3.07487,-0.924372
2.543,3.07967,-0.929852
2.544,3.08792,-0.910764
2.545,3.07748,-0.924054
2.546,3.0862,-0.920488
2.547,3.08685,-0.920903
2.548,3.08082,-0.923706
2.549,3.08455,-0.900996
2.55,3.07054,-0.913396
2.551,3.07824,-0.903431
2.552,3.05914,-0.908482
2.553,3.0499,-0.880095
2.554,3.05777,-0.868976
2.555,3.04551,-0.877288
2.556,3.04476,-0.878119
2.557,3.04405,-0.871795
2.558,3.04356,-0.857337
2.559,3.04787,-0.853716
2.56,3.05191,-0.841271
2.561,3.04598,-0.84671
2.562,3.05503,-0.839425
2.563,3.05697,-0.823966
2.564,3.06,-0.806092
2.565,3.05901,-0.801814
2.566,3.06442,-0.755669
2.567,3.06047,-0.761102
2.568,3.06008,-0.761611
2.569,3.06396,-0.754601
2.57,3.0469,-0.756079
2.571,3.05549,-0.726911
2.572,3.04653,-0.726891
2.573,3.04498,-0.711228
2.574,3.04009,-0.684377
2.575,3.04383,-0.683577
2.576,3.01088,-0.62533
2.577,3.02317,-0.589739
2.578,3.02386,-0.588079
2.579,3.012,-0.603733
2.58,3.01014,-0.605378
2.581,3.02775,-0.582793
2.582,3.02303,-0.584273
2.583,3.05905,-0.531179
2.584,3.06787,-0.507335
2.585,3.04324,-0.513683
2.586,3.04714,-0.510438
2.587,3.04279,-0.495723
2.588,3.04475,-0.484797
2.589,3.03594,-0.489595
2.59,3.04958,-0.428906
2.591,3.05086,-0.426814
2.592,3.04176,-0.432823
2.593,3.04346,-0.386663
2.594,3.03339,-0.402876
2.595,3.03555,-0.386429
2.596,3.03051,-0.355049
2.597,3.02671,-0.358945
2.598,3.01542,-0.353514
2.599,3.01313,-0.298144
2.6,3.00153,-0.29796
2.601,3.00657,-0.29939
2.602,3.00183,-0.297517
2.603,3.00705,-0.157885
2.604,3.0046,-0.143108
2.605,3.00157,-0.150715
2.606,2.99808,-0.142055
2.607,2.99505,-0.150385
2.608,2.97028,-0.140227
2.609,2.9852,-0.14146
2.61,2.97965,-0.129923
2.611,3.0523,-0.0486595
2.612,3.02162,-0.0507815
2.613,3.02003,-0.0415245
2.614,3.01117,-0.039136
2.615,2.9971,-0.0399152
2.616,2.99204,-0.0208194
2.617,3.01166,-0.00345959
2.618,3.02457,0.0212763
2.619,3.02646,0.040517
2.62,3.0169,0.113058
2.621,3.02791,0.127414
2.622,3.05152,0.138149
2.623,3.04352,0.155319
2.624,3.0181,0.160254
2.625,3.02429,0.168807
2.626,3.01333,0.164957
2.627,3.02247,0.173741
2.628,3.018,0.211184
2.629,3.01398,0.215794
2.63,2.99178,0.234511
2.631,2.98749,0.234196
2.632,2.99492,0.268704
2.633,2.97757,0.283589
2.634,2.98298,0.307075
2.635,2.97618,0.323778
2.636,2.98516,0.344214
2.637,2.97886,0.354218
2.638,2.99049,0.377925
2.639,2.98326,0.385112
2.64,3.00012,0.418757
2.641,2.99647,0.43253
2.642,2.99966,0.437638
2.643,3.01883,0.476315
2.644,3.00429,0.473752
2.645,3.01492,0.483017
2.646,3.03673,0.559948
2.647,3.03151,0.541758
2.648,3.03165,0.54244
2.649,3.03229,0.55681
2.65,3.0326,0.558508
2.651,3.03628,0.574733
2.652,3.03789,0.608486
2.653,3.02721,0.608017
2.654,3.03856,0.624205
2.655,3.03184,0.634791
2.656,3.02916,0.671736
2.657,3.03676,0.684346
2.658,3.03788,0.686296
2.659,3.02731,0.685816
2.66,3.02641,0.687342
2.661,3.03652,0.690507
2.662,3.04497,0.712948
2.663,3.044,0.714143
2.664,3.04405,0.718335
2.665,3.04346,0.752736
2.666,3.03703,0.743203
2.667,3.04659,0.754892
2.668,3.04325,0.755441
2.669,3.03232,0.792198
2.67,3.04867,0.799179
2.671,3.02597,0.795787
2.672,3.05271,0.81141
2.673,3.04349,0.811707
2.674,3.04937,0.825934
2.675,3.04968,0.863475
2.676,3.04631,0.851294
2.677,3.05673,0.863664
2.678,3.04933,0.879007
2.679,3.06777,0.877886
2.68,3.05486,0.890995
2.681,3.06439,0.891843
2.682,3.06663,0.905887
2.683,3.07679,0.914617
2.684,3.07103,0.913009
2.685,3.09,0.946496
2.686,3.09248,0.94735
2.687,3.0939,0.94965
2.688,3.08207,0.941711
2.689,3.081,0.941355
2.69,3.09585,0.95973
2.691,3.09736,0.961823
2.692,3.0834,0.952248
2.693,3.08274,0.952372
2.694,3.09294,0.964316
2.695,3.08703,0.991258
2.696,3.08258,0.980445
2.697,3.08583,0.96204
2.698,3.07793,0.975745
2.699,3.08537,0.979452
2.7,3.0831,0.995884
2.701,3.06999,0.989164
2.702,3.07502,0.985349
2.703,3.09352,0.972451
2.704,3.0809,0.95947
2.705,3.09232,0.977303
2.706,3.08988,0.979207
2.707,3.0849,0.973583
2.708,3.09986,0.978353
2.709,3.09443,0.95675
2.71,3.11165,0.972045
2.711,3.11093,0.957074
2.712,3.11721,0.961352
2.713,3.11798,0.962041
2.714,3.1133,0.962442
2.715,3.11987,0.966751
2.716,3.1048,0.930035
2.717,3.12241,0.958208
2.718,3.10804,0.943521
2.719,3.10935,0.940571
2.72,3.11313,0.950441
2.721,3.11048,0.919516
2.722,3.10219,0.909635
2.723,3.10153,0.90904
2.724,3.11092,0.920715
2.725,3.10426,0.914994
2.726,3.1037,0.915062
2.727,3.111,0.91973
2.728,3.10407,0.896965
2.729,3.11185,0.882713
2.73,3.09948,0.855674
2.731,3.11273,0.863993
2.732,3.10083,0.831179
2.733,3.10867,0.793214
2.734,3.11126,0.798224
2.735,3.11149,0.800789
2.736,3.10948,0.774349
2.737,3.10012,0.774401
2.738,3.10874,0.769521
2.739,3.10006,0.76869
2.74,3.10562,0.761892
2.741,3.08832,0.694599
2.742,3.08995,0.679375
2.743,3.10776,0.705024
2.744,3.09872,0.700271
2.745,3.10294,0.692961
2.746,3.10547,0.69629
2.747,3.10199,0.660663
2.748,3.09754,0.631499
2.749,3.1083,0.628443
2.75,3.10588,0.613918
2.751,3.09889,0.576616
2.752,3.10772,0.572054
2.753,3.09744,0.570883
2.754,3.10963,0.554055
2.755,3.10437,0.540254
2.756,3.09773,0.529334
2.757,3.0969,0.51968
2.758,3.09242,0.496579
2.759,3.08999,0.48296
2.76,3.08928,0.479021
2.761,3.06645,0.363729
2.762,3.08553,0.373455
2.763,3.0868,0.373086
2.764,3.06895,0.361123
2.765,3.08281,0.344866
2.766,3.07752,0.344679
2.767,3.08555,0.331948
2.768,3.07338,0.324969
2.769,3.08258,0.323158
2.77,3.0728,0.31412
2.771,3.06895,0.257664
2.772,3.06359,0.257379
2.773,3.07578,0.217641
2.774,3.0758,0.231967
2.775,3.07692,0.164489
2.776,3.07167,0.168551
2.777,3.08679,0.140527
2.778,3.07452,0.132581
2.779,3.08541,0.0565857
2.78,3.08816,0.0546032
2.781,3.08032,0.0489224
2.782,3.07886,0.0296852
2.783,3.07166,0.0222824
2.784,3.06844,-0.000927148
2.785,3.07076,-0.00497752
2.786,3.06649,-0.0133652
2.787,3.06315,-0.0580604
2.788,3.05564,-0.0644896
2.789,3.05648,-0.090983
2.79,3.05748,-0.100437
2.791,3.0565,-0.214467
2.792,3.04731,-0.226245
2.793,3.0474,-0.228009
2.794,3.04645,-0.231196
2.795,3.05289,-0.232143
2.796,3.04717,-0.248354
2.797,3.05366,-0.248789
2.798,3.04891,-0.26032
2.799,3.04812,-0.261725
2.8,3.05588,-0.261382
2.801,3.06582,-0.354862
2.802,3.0714,-0.348251
2.803,3.06565,-0.356167
2.804,3.0822,-0.35715
2.805,3.05086,-0.428247
2.806,3.07171,-0.414008
2.807,3.04896,-0.489476
2.808,3.06789,-0.493539
2.809,3.05941,-0.498864
2.81,3.06728,-0.500607
2.811,3.06069,-0.538216
2.812,3.07485,-0.527595
2.813,3.06482,-0.543938
2.814,3.06065,-0.552691
2.815,3.06837,-0.598191
2.816,3.04722,-0.607793
2.817,3.06521,-0.610399
2.818,3.06341,-0.628829
2.819,3.06171,-0.636427
2.82,3.06441,-0.65938
2.821,3.05446,-0.678849
2.822,3.06942,-0.685506
2.823,3.07056,-0.686311
2.824,3.0585,-0.693998
2.825,3.06272,-0.702277
2.826,3.0552,-0.78116
2.827,3.0593,-0.780109
2.828,3.07802,-0.753972
2.829,3.06138,-0.766405
2.83,3.07324,-0.785664
2.831,3.06672,-0.787548
2.832,3.06623,-0.810685
2.833,3.07911,-0.82046
2.834,3.06403,-0.846687
2.835,3.07565,-0.848278
2.836,3.07498,-0.86273
2.837,3.08171,-0.881841
2.838,3.0827,-0.89391
2.839,3.08548,-0.89191
2.84,3.11166,-0.921022
2.841,3.09006,-0.953402
2.842,3.08843,-0.956768
2.843,3.11021,-0.938392
2.844,3.1117,-0.939167
2.845,3.09555,-0.952168
2.846,3.09511,-0.953775
2.847,3.10299,-0.952322
2.848,3.10393,-0.952697
2.849,3.09572,-0.962828
2.85,3.10007,-0.96502
2.851,3.06435,-1.03961
2.852,3.07936,-1.01491
2.853,3.071,-1.00471
2.854,3.08606,-1.01077
2.855,3.0901,-0.995538
2.856,3.09586,-0.977879
2.857,3.10517,-0.981269
2.858,3.09832,-1.02181
2.859,3.10608,-1.01008
2.86,3.10186,-1.01376
2.861,3.09507,-1.0332
2.862,3.09466,-1.04118
2.863,3.1011,-1.05465
2.864,3.09442,-1.05238
2.865,3.10341,-1.05164
2.866,3.11482,-1.05715
2.867,3.11424,-1.05389
2.868,3.10489,-1.06348
2.869,3.11415,-1.06048
2.87,3.11402,-1.08452
2.871,3.11371,-1.08751
2.872,3.11761,-1.06816
2.873,3.1415,-1.05087
2.874,3.12362,-1.07525
2.875,3.1399,-1.04773
2.876,3.11936,-1.05921
2.877,3.1375,-1.04783
2.878,3.13848,-1.04878
2.879,3.12699,-1.05083
2.88,3.1258,-1.05224
2.881,3.14434,-1.03867
2.882,3.12556,-1.04294
2.883,3.11449,-1.06075
2.884,3.12686,-1.03778
2.885,3.11885,-1.00505
2.886,3.10881,-1.01453
2.887,3.10715,-1.01601
2.888,3.12482,-1.00559
2.889,3.12965,-1.00329
2.89,3.12467,-1.00645
2.891,3.13112,-0.985223
2.892,3.12744,-0.984632
2.893,3.13455,-0.965846
2.894,3.13493,-0.964227
2.895,3.1388,-0.947589
2.896,3.13456,-0.949837
2.897,3.13469,-0.931977
2.898,3.12322,-0.921618
2.899,3.1235,-0.915759
2.9,3.12435,-0.900634
2.901,3.11591,-0.902948
2.902,3.12141,-0.890071
2.903,3.11786,-0.87673
2.904,3.11871,-0.866228
2.905,3.12177,-0.84943
2.906,3.12084,-0.791714
2.907,3.12398,-0.790321
2.908,3.12341,-0.790583
2.909,3.12825,-0.785105
2.91,3.12913,-0.784902
2.911,3.13065,-0.78449
2.912,3.11737,-0.787904
2.913,3.11633,-0.789234
2.914,3.12912,-0.776159
2.915,3.10276,-0.708037
2.916,3.12392,-0.711687
2.917,3.12038,-0.702862
2.918,3.10625,-0.690629
2.919,3.12538,-0.676567
2.92,3.10994,-0.655731
2.921,3.12304,-0.637505
2.922,3.10426,-0.615822
2.923,3.10604,-0.541553
2.924,3.10517,-0.523128
2.925,3.10543,-0.52206
2.926,3.10181,-0.524268
2.927,3.10254,-0.523106
2.928,3.09606,-0.525327
2.929,3.10873,-0.474717
2.93,3.10067,-0.491225
2.931,3.11356,-0.467147
2.932,3.10418,-0.465677
2.933,3.11485,-0.434124
2.934,3.11741,-0.320269
2.935,3.11545,-0.310484
2.936,3.10823,-0.313116
2.937,3.11537,-0.335645
2.938,3.11694,-0.336975
2.939,3.0731,-0.261568
2.94,3.10818,-0.272801
2.941,3.0924,-0.262653
2.942,3.1005,-0.246774
2.943,3.07948,-0.234624
2.944,3.08716,-0.210192
2.945,3.08622,-0.182294
2.946,3.0903,-0.168763
2.947,3.06385,-0.181969
2.948,3.09577,-0.154736
2.949,3.07768,-0.12689
2.95,3.09087,-0.113823
2.951,3.09075,-0.0966833
2.952,3.09487,-0.0858191
2.953,3.11492,0.0280689
2.954,3.10575,0.0293858
2.955,3.11408,0.0346054
2.956,3.07977,0.0266651
2.957,3.08973,0.0371095
2.958,3.09138,0.0490532
2.959,3.0861,0.0567
2.96,3.09111,0.0683253
2.961,3.06714,0.145059
2.962,3.07027,0.143419
2.963,3.06522,0.13932
2.964,3.05827,0.153922
2.965,3.05902,0.191093
2.966,3.05426,0.207371
2.967,3.058,0.216735
2.968,3.08415,0.315153
2.969,3.0743,0.30245
2.97,3.08273,0.31047
2.971,3.08338,0.312228
2.972,3.07502,0.351362
2.973,3.08745,0.348673
2.974,3.09152,0.363751
2.975,3.09107,0.372826
2.976,3.08938,0.444138
2.977,3.09276,0.432589
2.978,3.0952,0.444901
2.979,3.09069,0.487595
2.98,3.09763,0.473879
2.981,3.08037,0.523679
2.982,3.08605,0.51307
2.983,3.08327,0.542058
2.984,3.08909,0.54115
2.985,3.07422,0.584872
2.986,3.08233,0.600812
2.987,3.07378,0.597073
2.988,3.07925,0.605842
2.989,3.08389,0.640424
2.99,3.08009,0.635128
2.991,3.07812,0.645605
2.992,3.08104,0.713712
2.993,3.07707,0.701841
2.994,3.08756,0.712745
2.995,3.08165,0.713463
2.996,3.08062,0.714762
2.997,3.09053,0.720759
2.998,3.1021,0.752871
2.999,3.08898,0.758267
3,3.09238,0.79011
3.001,3.08095,0.836721
3.002,3.08901,0.844853
3.003,3.08874,0.845348
3.004,3.08971,0.860849
3.005,3.08906,0.855409
3.006,3.10876,0.880672
3.007,3.10923,0.873597
3.008,3.09243,0.90084
3.009,3.08976,0.898469
3.01,3.10786,0.934757
3.011,3.10374,0.925186
3.012,3.0999,0.927076
3.013,3.10918,0.957846
3.014,3.10488,0.949254
3.015,3.10931,0.959534
3.016,3.11224,0.987477
3.017,3.11329,0.979159
3.018,3.1009,0.975866
3.019,3.11495,1.00113
3.02,3.1107,0.996913
3.021,3.10162,1.01496
3.022,3.11487,1.03192
3.023,3.11529,1.03432
3.024,3.11104,1.02714
3.025,3.11076,1.02746
3.026,3.11437,1.04068
3.027,3.11484,1.04291
3.028,3.11019,1.02523
3.029,3.13287,1.03767
3.03,3.12339,1.04881
3.031,3.12262,1.03999
3.032,3.11192,1.05474
3.033,3.12565,1.06006
3.034,3.12792,1.06425
3.035,3.12741,1.05124
3.036,3.11558,1.04786
3.037,3.12586,1.0566
3.038,3.11928,1.05146
3.039,3.1263,1.05402
3.04,3.1218,1.05675
3.041,3.12655,1.04966
3.042,3.1277,1.06005
3.043,3.11624,1.06338
3.044,3.12781,1.05546
3.045,3.12941,1.04923
3.046,3.12222,1.06045
3.047,3.13333,1.04675
3.048,3.12754,1.04576
3.049,3.12395,1.05193
3.05,3.12894,1.04439
3.051,3.13562,1.03915
3.052,3.12734,1.04039
3.053,3.13679,1.03146
3.054,3.12934,1.03335
3.055,3.13327,0.984285
3.056,3.14714,0.991641
3.057,3.14875,0.992303
3.058,3.15137,0.993126
3.059,3.12133,0.988818
3.06,3.11911,0.989011
3.061,3.1474,0.993746
3.062,3.149,0.995068
3.063,3.13155,0.988465
3.064,3.13049,0.989217
3.065,3.12829,0.989703
3.066,3.1488,0.992158
3.067,3.13872,0.937679
3.068,3.13084,0.936458
3.069,3.13498,0.912211
3.07,3.12169,0.885256
3.071,3.12788,0.875413
3.072,3.13324,0.837488
3.073,3.12863,0.835896
3.074,3.12374,0.831393
3.075,3.10819,0.81363
3.076,3.11185,0.799375
3.077,3.11069,0.794794
3.078,3.11854,0.792907
3.079,3.11435,0.775825
3.08,3.11653,0.75796
3.081,3.11479,0.727787
3.082,3.11673,0.7177
3.083,3.12094,0.720953
3.084,3.12139,0.722034
3.085,3.11925,0.680279
3.086,3.12214,0.691208
3.087,3.13492,0.635852
3.088,3.12148,0.620997
3.089,3.12037,0.618713
3.09,3.1344,0.636625
3.091,3.12842,0.627259
3.092,3.12251,0.507562
3.093,3.11182,0.494187
3.094,3.12859,0.503371
3.095,3.11833,0.492746
3.096,3.12479,0.494594
3.097,3.11866,0.487502
3.098,3.12267,0.487544
3.099,3.11665,0.480099
3.1,3.10333,0.419634
3.101,3.10546,0.409061
3.102,3.10553,0.395867
3.103,3.1029,0.37135
3.104,3.09948,0.358393
3.105,3.10592,0.340804
3.106,3.09199,0.24698
3.107,3.10949,0.242728
3.108,3.09787,0.234971
3.109,3.11178,0.174708
3.11,3.10366,0.186636
3.111,3.10096,0.170721
3.112,3.10228,0.177479
3.113,3.0992,0.117196
3.114,3.08874,0.122244
3.115,3.09268,0.100231
3.116,3.09871,0.10238
3.117,3.10492,0.071068
3.118,3.09899,0.0694373
3.119,3.09863,0.0472379
3.12,3.10701,0.0143768
3.121,3.10757,-0.0212843
3.122,3.10236,-0.0380639
3.123,3.11364,-0.0410016
3.124,3.11495,-0.0866998
3.125,3.10659,-0.0801318
3.126,3.11763,-0.105531
3.127,3.10976,-0.120985
3.128,3.11395,-0.145371
3.129,3.10519,-0.157507
3.13,3.10665,-0.169602
3.131,3.10284,-0.214458
3.132,3.10216,-0.211873
3.133,3.10287,-0.220781
3.134,3.07801,-0.293387
3.135,3.08477,-0.306789
3.136,3.08391,-0.307844
3.137,3.09074,-0.316446
3.138,3.09139,-0.3174
3.139,3.08104,-0.32384
3.14,3.10125,-0.376583
3.141,3.09291,-0.382882
3.142,3.09253,-0.397754
3.143,3.09788,-0.461698
3.144,3.08944,-0.476979
3.145,3.09772,-0.479309
3.146,3.09501,-0.484481
3.147,3.12269,-0.51478
3.148,3.11168,-0.534497
3.149,3.10833,-0.549795
3.15,3.10467,-0.563965
3.151,3.10293,-0.570014
3.152,3.10572,-0.626327
3.153,3.10714,-0.636628
3.154,3.10799,-0.636994
3.155,3.09553,-0.663692
3.156,3.11065,-0.650468
3.157,3.12035,-0.65249
3.158,3.11253,-0.68756
3.159,3.11585,-0.681865
3.16,3.09856,-0.761501
3.161,3.10903,-0.748411
3.162,3.10221,-0.756348
3.163,3.11113,-0.753806
3.164,3.10841,-0.760115
3.165,3.13626,-0.790084
3.166,3.12592,-0.797266
3.167,3.11214,-0.822234
3.168,3.11374,-0.834113
3.169,3.11359,-0.836551
3.17,3.11781,-0.833802
3.171,3.12317,-0.893532
3.172,3.1102,-0.899672
3.173,3.10952,-0.902877
3.174,3.12043,-0.90761
3.175,3.11331,-0.925662
3.176,3.11949,-0.920777
3.177,3.12954,-0.94915
3.178,3.12409,-0.955812
3.179,3.11464,-0.964379
3.18,3.12272,-0.985124
3.181,3.12736,-0.986648
3.182,3.12702,-1.0075
3.183,3.1304,-1.02184
3.184,3.12995,-1.02092
3.185,3.12651,-1.02304
3.186,3.12927,-1.04748
3.187,3.13013,-1.03822
3.188,3.13109,-1.04748
3.189,3.13503,-1.0556
3.19,3.13164,-1.06144
3.191,3.13747,-1.07099
3.192,3.13165,-1.06931
3.193,3.14511,-1.09677
3.194,3.14002,-1.08625
3.195,3.1411,-1.08728
3.196,3.13264,-1.09438
3.197,3.13189,-1.0962
3.198,3.14066,-1.0928
3.199,3.14204,-1.12018
3.2,3.13423,-1.1019
3.201,3.13781,-1.09678
3.202,3.14062,-1.08973
3.203,3.13721,-1.09274
3.204,3.14515,-1.12379
3.205,3.13377,-1.1101
3.206,3.13808,-1.10412
3.207,3.13615,-1.09997
3.208,3.13516,-1.09724
3.209,3.13731,-1.1064
3.21,3.14233,-1.10108
3.211,3.13893,-1.07487
3.212,3.15371,-1.1006
3.213,3.12946,-1.08847
3.214,3.14375,-1.07196
3.215,3.15273,-1.05849
3.216,3.15433,-1.0587
3.217,3.13743,-1.06684
3.218,3.14567,-1.05464
3.219,3.13896,-1.05847
3.22,3.13787,-1.06037
3.221,3.14851,-1.05143
3.222,3.14911,-1.05202
3.223,3.15037,-1.05204
3.224,3.13839,-1.06034
3.225,3.13717,-1.06214
3.226,3.15067,-1.05121
3.227,3.14399,-1.05528
3.228,3.15395,-1.03925
3.229,3.14394,-1.0348
3.23,3.1485,-0.998815
3.231,3.14911,-1.02347
3.232,3.1495,-0.983404
3.233,3.13948,-0.985893
3.234,3.12375,-0.957882
3.235,3.13243,-0.956934
3.236,3.12355,-0.959835
3.237,3.12751,-0.954044
3.238,3.11733,-0.911139
3.239,3.12547,-0.911253
3.24,3.11571,-0.915791
3.241,3.12411,-0.910946
3.242,3.1294,-0.894279
3.243,3.12724,-0.892932
3.244,3.13635,-0.881557
3.245,3.12721,-0.865211
3.246,3.14494,-0.854617
3.247,3.13617,-0.849379
3.248,3.16582,-0.769517
3.249,3.1533,-0.769736
3.25,3.15268,-0.76907
3.251,3.16288,-0.770967
3.252,3.1499,-0.765546
3.253,3.15482,-0.760443
3.254,3.14687,-0.757125
3.255,3.12185,-0.675559
3.256,3.11556,-0.668819
3.257,3.11384,-0.688174
3.258,3.12713,-0.646968
3.259,3.10929,-0.645494
3.26,3.10256,-0.588575
3.261,3.11661,-0.579775
3.262,3.11383,-0.573448
3.263,3.11822,-0.575179
3.264,3.10815,-0.560243
3.265,3.12781,-0.541168
3.266,3.11871,-0.536715
3.267,3.10719,-0.476676
3.268,3.11277,-0.470523
3.269,3.1189,-0.464859
3.27,3.12644,-0.445266
3.271,3.11723,-0.449447
3.272,3.10574,-0.429039
3.273,3.10812,-0.395717
3.274,3.09867,-0.331576
3.275,3.09955,-0.322638
3.276,3.1051,-0.313046
3.277,3.10554,-0.311978
3.278,3.09976,-0.262671
3.279,3.10895,-0.261181
3.28,3.10102,-0.239862
3.281,3.10818,-0.198764
3.282,3.10775,-0.188981
3.283,3.11033,-0.133702
3.284,3.11883,-0.129986
3.285,3.11029,-0.116137
3.286,3.11839,-0.0816376
3.287,3.11385,-0.0736074
3.288,3.11696,-0.0731258
3.289,3.11358,-0.0240179
3.29,3.1135,-0.0182556
3.291,3.11082,0.0196023
3.292,3.11399,0.0174999
3.293,3.11094,0.044223
3.294,3.10293,0.0904463
3.295,3.10898,0.102493
3.296,3.10272,0.100492
3.297,3.10209,0.101509
3.298,3.1064,0.129254
3.299,3.09971,0.153043
3.3,3.10707,0.169516
3.301,3.08955,0.265857
3.302,3.10224,0.272348
3.303,3.10278,0.274642
3.304,3.10388,0.27708
3.305,3.09078,0.272901
3.306,3.08903,0.272958
3.307,3.1073,0.291922
3.308,3.09913,0.288588
3.309,3.09897,0.289497
3.31,3.0962,0.385784
3.311,3.10919,0.382754
3.312,3.10236,0.39125
3.313,3.10808,0.412336
3.314,3.10624,0.42286
3.315,3.10681,0.548377
3.316,3.1216,0.543879
3.317,3.12286,0.546645
3.318,3.10954,0.545555
3.319,3.10883,0.546944
3.32,3.11765,0.555746
3.321,3.1133,0.583144
3.322,3.1122,0.593269
3.323,3.11679,0.634671
3.324,3.12473,0.647765
3.325,3.12365,0.653877
3.326,3.12554,0.659494
3.327,3.11553,0.698477
3.328,3.11525,0.713604
3.329,3.11677,0.719272
3.33,3.1066,0.731606
3.331,3.11564,0.749735
3.332,3.1068,0.782755
3.333,3.11332,0.783673
3.334,3.11355,0.802787
3.335,3.12152,0.810756
3.336,3.1147,0.836142
3.337,3.12093,0.837491
3.338,3.1252,0.846772
3.339,3.12928,0.884948
3.34,3.12945,0.883069
3.341,3.13466,0.889662
3.342,3.13741,0.907913
3.343,3.13684,0.919163
3.344,3.13173,0.923028
3.345,3.13754,0.939224
3.346,3.13402,0.94729
3.347,3.13973,0.980814
3.348,3.13739,0.978457
3.349,3.13703,0.979478
3.35,3.14141,0.988903
3.351,3.13602,0.988361
3.352,3.14376,1.01536
3.353,3.13543,1.00727
3.354,3.14485,1.01809
3.355,3.13917,1.03007
3.356,3.13996,1.05879
3.357,3.15562,1.07432
3.358,3.15694,1.07709
3.359,3.14233,1.06623
3.36,3.14112,1.0667
3.361,3.15473,1.08019
3.362,3.15549,1.08228
3.363,3.15705,1.085
3.364,3.14313,1.07525
3.365,3.15154,1.08235
3.366,3.16191,1.08366
3.367,3.16386,1.07838
3.368,3.16525,1.08889
3.369,3.16749,1.0925
3.37,3.16387,1.09179
3.371,3.1654,1.09913
3.372,3.15466,1.09623
3.373,3.15811,1.10041
3.374,3.15907,1.10227
3.375,3.15083,1.09678
3.376,3.15579,1.09999
3.377,3.16368,1.07779
3.378,3.17579,1.08395
3.379,3.17765,1.07621
3.38,3.17749,1.07616
3.381,3.18067,1.08047
3.382,3.16951,1.07999
3.383,3.17568,1.07206
3.384,3.1715,1.07321
3.385,3.17248,1.06708
3.386,3.16102,1.05361
3.387,3.17165,1.05996
3.388,3.17299,1.06195
3.389,3.15901,1.04961
3.39,3.16733,1.05424
3.391,3.16752,1.0341
3.392,3.15826,1.02468
3.393,3.16776,1.02673
3.394,3.16714,1.02503
3.395,3.16677,1.02036
3.396,3.16754,1.00508
3.397,3.15675,0.997499
3.398,3.16547,1.0013
3.399,3.16249,0.983823
3.4,3.1623,0.980165
3.401,3.15865,0.925352
3.402,3.17481,0.935413
3.403,3.1767,0.937114
3.404,3.15639,0.920817
3.405,3.15543,0.920096
3.406,3.16766,0.931171
3.407,3.16815,0.932372
3.408,3.1649,0.89238
3.409,3.15487,0.898712
3.41,3.16788,0.891577
3.411,3.15259,0.851736
3.412,3.16632,0.828439
3.413,3.15327,0.818218
3.414,3.16131,0.809032
3.415,3.15556,0.794571
3.416,3.16065,0.783066
3.417,3.15829,0.707114
3.418,3.14076,0.686537
3.419,3.13884,0.685051
3.42,3.15981,0.694491
3.421,3.16123,0.695412
3.422,3.14438,0.680547
3.423,3.1436,0.680052
3.424,3.1355,0.614049
3.425,3.14455,0.61401
3.426,3.14633,0.613322
3.427,3.14709,0.594369
3.428,3.15807,0.589199
3.429,3.14911,0.559319
3.43,3.15145,0.539302
3.431,3.14791,0.520929
3.432,3.14435,0.498162
3.433,3.14833,0.448122
3.434,3.14069,0.433922
3.435,3.13988,0.432717
3.436,3.1482,0.435082
3.437,3.13551,0.393924
3.438,3.13511,0.403534
3.439,3.1365,0.362804
3.44,3.13818,0.360615
3.441,3.12966,0.332809
3.442,3.13115,0.312418
3.443,3.12067,0.262457
3.444,3.12967,0.2595
3.445,3.12333,0.249603
3.446,3.12601,0.247092
3.447,3.12692,0.142442
3.448,3.1191,0.134784
3.449,3.11816,0.13246
3.45,3.13228,0.140147
3.451,3.12268,0.133951
3.452,3.12651,0.132606
3.453,3.11625,0.0771473
3.454,3.12142,0.0730396
3.455,3.11653,0.0258171
3.456,3.11101,0.0269482
3.457,3.11235,-0.013973
3.458,3.1282,-0.00542554
3.459,3.11784,-0.0385174
3.46,3.1209,-0.0954894
3.461,3.12269,-0.0913495
3.462,3.12343,-0.0915039
3.463,3.11505,-0.108748
3.464,3.11339,-0.167401
3.465,3.12304,-0.15729
3.466,3.11292,-0.188057
3.467,3.11993,-0.185913
3.468,3.12423,-0.301955
3.469,3.11093,-0.306736
3.47,3.1201,-0.309781
3.471,3.12117,-0.311369
3.472,3.10916,-0.317456
3.473,3.11821,-0.320169
3.474,3.11088,-0.329778
3.475,3.11683,-0.332654
3.476,3.11102,-0.342386
3.477,3.10977,-0.426334
3.478,3.09941,-0.42047
3.479,3.11051,-0.434906
3.48,3.10422,-0.437156
3.481,3.09804,-0.502534
3.482,3.10775,-0.496183
3.483,3.10152,-0.517494
3.484,3.10888,-0.527355
3.485,3.10441,-0.538151
3.486,3.11187,-0.60063
3.487,3.11873,-0.599933
3.488,3.11544,-0.596413
3.489,3.11757,-0.631225
3.49,3.12225,-0.670769
3.491,3.12533,-0.673767
3.492,3.12281,-0.688094
3.493,3.12266,-0.690227
3.494,3.11857,-0.715496
3.495,3.13047,-0.721553
3.496,3.1171,-0.735543
3.497,3.12381,-0.763679
3.498,3.11141,-0.767874
3.499,3.10454,-0.835003
3.5,3.12084,-0.816139
3.501,3.12292,-0.816516
3.502,3.09975,-0.837267
3.503,3.10762,-0.835103
3.504,3.1303,-0.865326
3.505,3.1097,-0.885086
3.506,3.12225,-0.874819
3.507,3.12345,-0.90759
3.508,3.12091,-0.915123
3.509,3.12666,-0.92205
3.51,3.12479,-0.930674
3.511,3.13663,-0.980574
3.512,3.14512,-0.978657
3.513,3.13776,-0.984337
3.514,3.1341,-0.980375
3.515,3.12783,-0.986703
3.516,3.12821,-0.992807
3.517,3.12303,-1.00813
3.518,3.13117,-1.03258
3.519,3.12974,-1.0436
3.52,3.13406,-1.0432
3.521,3.13119,-1.04633
3.522,3.12009,-1.03863
3.523,3.1298,-1.05096
3.524,3.13605,-1.07275
3.525,3.14351,-1.07318
3.526,3.12824,-1.08269
3.527,3.1418,-1.07958
3.528,3.13567,-1.08945
3.529,3.14058,-1.09852
3.53,3.14267,-1.10926
3.531,3.14276,-1.11109
3.532,3.14268,-1.10789
3.533,3.14342,-1.10878
3.534,3.14449,-1.10918
3.535,3.13542,-1.11988
3.536,3.14136,-1.11672
3.537,3.13763,-1.12239
3.538,3.14039,-1.126
3.539,3.14732,-1.11142
3.54,3.13949,-1.125
3.541,3.14368,-1.1206
3.542,3.14269,-1.1255
3.543,3.14424,-1.12829
3.544,3.13787,-1.13061
3.545,3.14554,-1.12621
3.546,3.13513,-1.13
3.547,3.14992,-1.1095
3.548,3.15066,-1.11338
3.549,3.15202,-1.11348
3.55,3.14,-1.12125
3.551,3.13907,-1.12305
3.552,3.13714,-1.12557
3.553,3.15468,-1.11266
3.554,3.15587,-1.11274
3.555,3.14174,-1.1236
3.556,3.14072,-1.12509
3.557,3.16148,-1.1109
3.558,3.14726,-1.09143
3.559,3.15678,-1.09587
3.56,3.1475,-1.06402
3.561,3.15923,-1.04671
3.562,3.14612,-1.06462
3.563,3.15042,-1.04655
3.564,3.1383,-1.05825
3.565,3.14208,-1.03806
3.566,3.13069,-1.02607
3.567,3.1353,-1.01969
3.568,3.13119,-1.02144
3.569,3.13599,-1.0068
3.57,3.13414,-1.00422
3.571,3.13123,-0.909618
3.572,3.13068,-0.908634
3.573,3.13627,-0.916267
3.574,3.13286,-0.924285
3.575,3.1444,-0.919018
3.576,3.14533,-0.918531
3.577,3.13457,-0.922767
3.578,3.13373,-0.92385
3.579,3.14265,-0.915111
3.58,3.14323,-0.915742
3.581,3.13558,-0.843746
3.582,3.14765,-0.861009
3.583,3.14496,-0.875419
3.584,3.1364,-0.830138
3.585,3.14443,-0.761932
3.586,3.13272,-0.790189
3.587,3.14388,-0.755571
3.588,3.13614,-0.766641
3.589,3.13486,-0.696618
3.59,3.13328,-0.695634
3.591,3.13596,-0.691485
3.592,3.1292,-0.694944
3.593,3.11003,-0.65267
3.594,3.10286,-0.645846
3.595,3.11005,-0.619686
3.596,3.09995,-0.616111
3.597,3.1131,-0.601729
3.598,3.10367,-0.585614
3.599,3.11719,-0.574536
3.6,3.10561,-0.55568
3.601,3.12306,-0.471808
3.602,3.12285,-0.457955
3.603,3.12311,-0.457616
3.604,3.12065,-0.449092
3.605,3.11713,-0.450791
3.606,3.13771,-0.414451
3.607,3.12232,-0.405617
3.608,3.12405,-0.374207
3.609,3.1098,-0.371944
3.61,3.11585,-0.3447
3.611,3.10927,-0.334783
3.612,3.12231,-0.295844
3.613,3.11012,-0.291447
3.614,3.11803,-0.222947
3.615,3.11509,-0.206039
3.616,3.11919,-0.203562
3.617,3.11142,-0.202365
3.618,3.12016,-0.178581
3.619,3.10787,-0.161987
3.62,3.11556,-0.154215
3.621,3.10607,-0.140995
3.622,3.11175,-0.107212
3.623,3.10069,-0.0736235
3.624,3.09846,-0.0592915
3.625,3.10115,-0.0437286
3.626,3.09631,-0.0299158
3.627,3.08893,-0.015362
3.628,3.09177,0.0105801
3.629,3.09058,0.0231477
3.63,3.09132,0.050453
3.631,3.09205,0.0929668
3.632,3.09602,0.0958329
3.633,3.0899,0.102944
3.634,3.09505,0.193688
3.635,3.10209,0.216675
3.636,3.10279,0.219297
3.637,3.09429,0.210143
3.638,3.10142,0.224642
3.639,3.10172,0.226057
3.64,3.10195,0.258971
3.641,3.10655,0.293009
3.642,3.10711,0.344573
3.643,3.11162,0.356188
3.644,3.11144,0.364817
3.645,3.11181,0.380107
3.646,3.10961,0.42858
3.647,3.11333,0.432
3.648,3.112,0.449015
3.649,3.11224,0.452048
3.65,3.10362,0.492934
3.651,3.10796,0.491079
3.652,3.10653,0.527914
3.653,3.10017,0.5228
3.654,3.10189,0.570762
3.655,3.10364,0.571051
3.656,3.09826,0.569699
3.657,3.10885,0.656172
3.658,3.09656,0.644562
3.659,3.0966,0.6454
3.66,3.09892,0.663644
3.661,3.09832,0.665019
3.662,3.10426,0.669559
3.663,3.10527,0.671919
3.664,3.09446,0.668144
3.665,3.10125,0.766715
3.666,3.09902,0.750281
3.667,3.10408,0.767858
3.668,3.10311,0.75711
3.669,3.104,0.770327
3.67,3.11599,0.824141
3.671,3.11577,0.83232
3.672,3.09388,0.850458
3.673,3.1069,0.871701
3.674,3.1072,0.874129
3.675,3.10126,0.861332
3.676,3.10367,0.880684
3.677,3.1221,0.89931
3.678,3.1062,0.925255
3.679,3.12896,0.943547
3.68,3.11898,0.940449
3.681,3.11839,0.94142
3.682,3.11518,0.969842
3.683,3.11022,0.955486
3.684,3.10944,0.968137
3.685,3.12292,0.995414
3.686,3.10845,0.998321
3.687,3.11616,1.04722
3.688,3.128,1.06194
3.689,3.1296,1.06497
3.69,3.11244,1.0546
3.691,3.12236,1.06079
3.692,3.11864,1.05803
3.693,3.11814,1.0595
3.694,3.12438,1.06423
3.695,3.12276,1.06429
3.696,3.12597,1.06848
3.697,3.14043,1.07199
3.698,3.11972,1.03434
3.699,3.13946,1.09271
3.7,3.12802,1.08232
3.701,3.12119,1.08864
3.702,3.11225,1.08758
3.703,3.10947,1.08849
3.704,3.11698,1.09632
3.705,3.12303,1.09914
3.706,3.11515,1.09646
3.707,3.12197,1.10035
3.708,3.12263,1.10158
3.709,3.11268,1.10878
3.71,3.12037,1.1188
3.711,3.12239,1.09729
3.712,3.13682,1.10945
3.713,3.13532,1.10772
3.714,3.13651,1.10984
3.715,3.13783,1.10613
3.716,3.14092,1.10964
3.717,3.13763,1.10295
3.718,3.14104,1.1023
3.719,3.12614,1.1
3.72,3.13186,1.09786
3.721,3.1409,1.08957
3.722,3.12289,1.08733
3.723,3.12941,1.08714
3.724,3.12694,1.0866
3.725,3.13992,1.07221
3.726,3.119,1.06287
3.727,3.12869,1.06514
3.728,3.12498,1.06115
3.729,3.14486,1.03663
3.73,3.12212,1.03921
3.731,3.12739,1.03376
3.732,3.12895,1.03353
3.733,3.14199,1.0168
3.734,3.11799,1.00555
3.735,3.13574,0.996903
3.736,3.12476,0.99095
3.737,3.12314,0.977888
3.738,3.13172,0.970099
3.739,3.12563,0.961199
3.74,3.12229,0.95626
3.741,3.13949,0.889135
3.742,3.12679,0.876833
3.743,3.1269,0.875694
3.744,3.1268,0.886167
3.745,3.12747,0.887534
3.746,3.12841,0.889989
3.747,3.12018,0.868725
3.748,3.11863,0.868067
3.749,3.1341,0.879204
3.75,3.1351,0.880724
3.751,3.12288,0.867199
3.752,3.12675,0.735816
3.753,3.1126,0.738202
3.754,3.12655,0.73961
3.755,3.12301,0.716497
3.756,3.13608,0.724345
3.757,3.12046,0.705873
3.758,3.13485,0.698854
3.759,3.11639,0.665936
3.76,3.12033,0.664128
3.761,3.11834,0.659344
3.762,3.12332,0.619297
3.763,3.1034,0.592917
3.764,3.11164,0.593845
3.765,3.11191,0.593701
3.766,3.10351,0.557643
3.767,3.12012,0.555672
3.768,3.11271,0.528837
3.769,3.11468,0.525333
3.77,3.12377,0.413944
3.771,3.11237,0.409469
3.772,3.11086,0.407884
3.773,3.12805,0.411211
3.774,3.1192,0.402006
3.775,3.12277,0.398171
3.776,3.11666,0.388454
3.777,3.10659,0.304627
3.778,3.11041,0.316249
3.779,3.10799,0.299882
3.78,3.10866,0.310837
3.781,3.118,0.269732
3.782,3.10568,0.212437
3.783,3.11867,0.212066
3.784,3.11153,0.19894
3.785,3.11472,0.173172
3.786,3.10228,0.162478
3.787,3.11438,0.154816
3.788,3.11734,0.11401
3.789,3.11528,0.101943
3.79,3.11103,0.0751658
3.791,3.11168,0.0695108
3.792,3.11218,0.0427484
3.793,3.10644,-0.070399
3.794,3.1193,-0.0748446
3.795,3.12043,-0.0762986
3.796,3.10451,-0.0847813
3.797,3.10329,-0.0870337
3.798,3.11893,-0.0820584
3.799,3.12025,-0.081803
3.8,3.10514,-0.100484
3.801,3.10996,-0.0996213
3.802,3.0948,-0.181281
3.803,3.11072,-0.201437
3.804,3.10695,-0.197076
3.805,3.10229,-0.245707
3.806,3.10958,-0.257588
3.807,3.10851,-0.266268
3.808,3.10326,-0.328161
3.809,3.10585,-0.354386
3.81,3.10753,-0.356914
3.811,3.10245,-0.377085
3.812,3.11461,-0.392458
3.813,3.10656,-0.414725
3.814,3.11842,-0.428418
3.815,3.10963,-0.453564
3.816,3.11773,-0.456059
3.817,3.11792,-0.592213
3.818,3.11839,-0.576466
3.819,3.11941,-0.57784
3.82,3.10792,-0.595351
3.821,3.10677,-0.598895
3.822,3.12169,-0.585091
3.823,3.11296,-0.592794
3.824,3.11261,-0.594779
3.825,3.11617,-0.596032
3.826,3.11056,-0.608033
3.827,3.1158,-0.607751
3.828,3.09178,-0.698842
3.829,3.09369,-0.712745
3.83,3.10035,-0.696218
3.831,3.10033,-0.762717
3.832,3.09105,-0.756575
3.833,3.11364,-0.79019
3.834,3.1117,-0.790599
3.835,3.11548,-0.788956
3.836,3.1071,-0.830687
3.837,3.12416,-0.824859
3.838,3.1156,-0.834789
3.839,3.13724,-0.844025
3.84,3.12244,-0.859287
3.841,3.1243,-0.899759
3.842,3.13255,-0.89308
3.843,3.11998,-0.903726
3.844,3.13505,-0.89757
3.845,3.12329,-0.964095
3.846,3.12097,-0.959139
3.847,3.11942,-0.96286
3.848,3.11862,-0.965343
3.849,3.12361,-0.965604
3.85,3.1217,-0.977856
3.851,3.10934,-1.03182
3.852,3.11622,-1.02396
3.853,3.10869,-1.02823
3.854,3.117,-1.02439
3.855,3.11479,-1.02787
3.856,3.12579,-1.04583
3.857,3.12888,-1.04528
3.858,3.11887,-1.07639
3.859,3.12801,-1.06843
3.86,3.12063,-1.08072
3.861,3.12301,-1.08638
3.862,3.1228,-1.08455
3.863,3.12486,-1.11473
3.864,3.12321,-1.11154
3.865,3.12351,-1.11317
3.866,3.121,-1.11469
3.867,3.12015,-1.11657
3.868,3.12939,-1.11382
3.869,3.12297,-1.13994
3.87,3.14082,-1.11882
3.871,3.13148,-1.14502
3.872,3.14239,-1.12096
3.873,3.13793,-1.15295
3.874,3.12564,-1.13957
3.875,3.12412,-1.14124
3.876,3.14003,-1.14006
3.877,3.14084,-1.14094
3.878,3.1329,-1.15122
3.879,3.13506,-1.14911
3.88,3.12966,-1.13644
3.881,3.13803,-1.13237
3.882,3.12145,-1.12089
3.883,3.13706,-1.1244
3.884,3.13617,-1.12185
3.885,3.13099,-1.11841
3.886,3.1303,-1.11339
3.887,3.12294,-1.11529
3.888,3.13176,-1.11859
3.889,3.13442,-1.09987
3.89,3.12411,-1.10788
3.891,3.12609,-1.10225
3.892,3.13228,-1.1069
3.893,3.12788,-1.10027
3.894,3.12396,-1.09865
3.895,3.12432,-1.0993
3.896,3.12157,-1.10162
3.897,3.12709,-1.09402
3.898,3.12592,-1.05975
3.899,3.12379,-1.06516
3.9,3.12687,-1.06118
3.901,3.13328,-1.06032
3.902,3.1265,-1.05987
3.903,3.12723,-1.05138
3.904,3.13026,-1.04087
3.905,3.13458,-0.993345
3.906,3.12659,-0.994336
3.907,3.12499,-0.99561
3.908,3.13982,-0.985927
3.909,3.14058,-0.986203
3.91,3.13088,-0.988802
3.911,3.13555,-0.983278
3.912,3.12651,-0.9548
3.913,3.12961,-0.929804
3.914,3.12807,-0.922957
3.915,3.1267,-0.917565
3.916,3.12287,-0.904437
3.917,3.12342,-0.889241
3.918,3.12544,-0.853041
3.919,3.11833,-0.853468
3.92,3.11838,-0.8533
3.921,3.1176,-0.85229
3.922,3.12136,-0.774255
3.923,3.11864,-0.773454
3.924,3.10499,-0.766236
3.925,3.11549,-0.75013
3.926,3.1077,-0.751436
3.927,3.1159,-0.743287
3.928,3.10795,-0.742531
3.929,3.11752,-0.696002
3.93,3.10685,-0.691514
3.931,3.11109,-0.686318
3.932,3.11161,-0.67793
3.933,3.10658,-0.627979
3.934,3.11098,-0.609959
3.935,3.11241,-0.602282
3.936,3.10583,-0.580187
3.937,3.11739,-0.562041
3.938,3.10119,-0.497764
3.939,3.11213,-0.468215
3.94,3.11256,-0.466821
3.941,3.1058,-0.473531
3.942,3.10439,-0.473933
3.943,3.11775,-0.459341
3.944,3.11024,-0.459576
3.945,3.08844,-0.398307
3.946,3.09996,-0.385518
3.947,3.08616,-0.379936
3.948,3.10345,-0.35434
3.949,3.08237,-0.331061
3.95,3.1025,-0.313273
3.951,3.09484,-0.230678
3.952,3.10049,-0.205922
3.953,3.10093,-0.204267
3.954,3.09474,-0.206105
3.955,3.10474,-0.201228
3.956,3.09865,-0.156229
3.957,3.10692,-0.168069
3.958,3.10481,-0.140042
3.959,3.09557,-0.120641
3.96,3.09436,-0.0707014
3.961,3.08833,-0.0858573
3.962,3.09071,-0.062892
3.963,3.09568,-0.0482013
3.964,3.09061,-0.000389066
3.965,3.09296,0.0153853
3.966,3.09945,0.044656
3.967,3.09803,0.0500271
3.968,3.0897,0.0586246
3.969,3.09784,0.0846552
3.97,3.1024,0.177133
3.971,3.09832,0.176692
3.972,3.10184,0.180068
3.973,3.10262,0.182652
3.974,3.09405,0.176907
3.975,3.09903,0.186795
3.976,3.08885,0.242072
3.977,3.08808,0.249884
3.978,3.08657,0.285859
3.979,3.08586,0.282939
3.98,3.09141,0.337864
3.981,3.08351,0.348382
3.982,3.08946,0.362928
3.983,3.08725,0.371839
3.984,3.08458,0.406522
3.985,3.08895,0.432096
3.986,3.09244,0.449124
3.987,3.08361,0.480031
3.988,3.09478,0.490235
3.989,3.09727,0.500519
3.99,3.09666,0.584298
3.991,3.10439,0.59032
3.992,3.10481,0.593001
3.993,3.09979,0.590555
3.994,3.09887,0.591932
3.995,3.10867,0.60176
3.996,3.10161,0.625828
3.997,3.09043,0.647845
3.998,3.09087,0.656709
3.999,3.10068,0.717571
4,3.09676,0.727503
4.001,3.09816,0.734521
4.002,3.09539,0.734371
4.003,3.09219,0.736111
4.004,3.0942,0.763196
4.005,3.10126,0.800894
4.006,3.09774,0.823419
4.007,3.10125,0.821342
4.008,3.09966,0.827358
4.009,3.09832,0.840738
4.01,3.10876,0.865765
4.011,3.10837,0.872557
4.012,3.10615,0.886734
4.013,3.10615,0.89528
4.014,3.10269,0.904873
4.015,3.10701,0.920301
4.016,3.10177,0.932844
4.017,3.09736,0.988859
4.018,3.1025,1.00044
4.019,3.10253,1.00279
4.02,3.10107,1.00048
4.021,3.10176,1.00262
4.022,3.09517,1.00285
4.023,3.09416,1.00378
4.024,3.1258,1.03686
4.025,3.11037,1.02438
4.026,3.11788,1.02501
4.027,3.1257,1.05816
4.028,3.11544,1.04637
4.029,3.11505,1.08892
4.03,3.12237,1.09214
4.031,3.12351,1.09504
4.032,3.11168,1.08652
4.033,3.11753,1.09041
4.034,3.11729,1.09191
4.035,3.13694,1.10486
4.036,3.13733,1.10348
4.037,3.11537,1.09505
4.038,3.1184,1.11454
4.039,3.12269,1.13047
4.04,3.10846,1.11274
4.041,3.11354,1.11624
4.042,3.11934,1.14601
4.043,3.11557,1.1373
4.044,3.10944,1.12676
4.045,3.10657,1.1169
4.046,3.11042,1.11446
4.047,3.12251,1.15189
4.048,3.11677,1.12039
4.049,3.12331,1.13874
4.05,3.1319,1.09621
4.051,3.14085,1.10177
4.052,3.14055,1.10141
4.053,3.13465,1.11366
4.054,3.14314,1.09828
4.055,3.14477,1.09962
4.056,3.12415,1.0967
4.057,3.12307,1.09815
4.058,3.14003,1.09388
4.059,3.14131,1.09425
4.06,3.12625,1.10038
4.061,3.1254,1.10138
4.062,3.13729,1.09909
4.063,3.12606,1.10952
4.064,3.1074,1.07581
4.065,3.10623,1.07571
4.066,3.14649,1.09795
4.067,3.0976,1.0677
4.068,3.09683,1.05428
4.069,3.1021,1.02307
4.07,3.10576,1.02382
4.071,3.08612,1.02251
4.072,3.08891,1.00808
4.073,3.10398,0.993522
4.074,3.08953,0.988255
4.075,3.11816,0.942379
4.076,3.11453,0.944562
4.077,3.11361,0.94394
4.078,3.12199,0.949232
4.079,3.12789,0.943752
4.08,3.13248,0.915455
4.081,3.12241,0.913455
4.082,3.1396,0.892425
4.083,3.13775,0.867868
4.084,3.14786,0.853856
4.085,3.14924,0.855292
4.086,3.13752,0.842501
4.087,3.1434,0.843945
4.088,3.13795,0.818263
4.089,3.13408,0.796655
4.09,3.12963,0.79824
4.091,3.11837,0.761791
4.092,3.11401,0.748246
4.093,3.11216,0.739187
4.094,3.11638,0.734558
4.095,3.1095,0.695029
4.096,3.10355,0.681106
4.097,3.11235,0.679981
4.098,3.10286,0.676
4.099,3.10858,0.647948
4.1,3.10213,0.638941
4.101,3.10286,0.625305
4.102,3.10493,0.581354
4.103,3.09759,0.576105
4.104,3.1066,0.574147
4.105,3.10425,0.552999
4.106,3.10617,0.54143
4.107,3.11169,0.513765
4.108,3.10819,0.50346
4.109,3.11934,0.39717
4.11,3.12142,0.381807
4.111,3.12237,0.380303
4.112,3.1124,0.382638
4.113,3.11129,0.381721
4.114,3.12455,0.378056
4.115,3.12556,0.377934
4.116,3.114,0.369431
4.117,3.11828,0.279247
4.118,3.11808,0.286152
4.119,3.11614,0.249279
4.12,3.11668,0.235168
4.121,3.11553,0.111492
4.122,3.10355,0.129271
4.123,3.10185,0.127915
4.124,3.12182,0.117888
4.125,3.11018,0.113356
4.126,3.1011,0.103782
4.127,3.10802,0.0859153
4.128,3.09296,0.0631292
4.129,3.0964,0.0306303
4.13,3.09096,0.0412849
4.131,3.08527,0.000856307
4.132,3.09292,-0.0349297
4.133,3.09362,-0.0357299
4.134,3.07799,-0.0547338
4.135,3.08902,-0.0444962
4.136,3.09281,-0.0637969
4.137,3.09,-0.0911226
4.138,3.09735,-0.107961
4.139,3.10356,-0.188402
4.14,3.10608,-0.184957
4.141,3.10676,-0.186324
4.142,3.0993,-0.193611
4.143,3.10182,-0.218758
4.144,3.09943,-0.240587
4.145,3.09836,-0.257866
4.146,3.09147,-0.36928
4.147,3.09005,-0.370868
4.148,3.08937,-0.37345
4.149,3.09653,-0.371514
4.15,3.09756,-0.372688
4.151,3.08583,-0.382546
4.152,3.08481,-0.384491
4.153,3.09673,-0.382412
4.154,3.08854,-0.43944
4.155,3.09857,-0.442675
4.156,3.10482,-0.485586
4.157,3.0946,-0.507734
4.158,3.09679,-0.536285
4.159,3.09343,-0.54568
4.16,3.09229,-0.628247
4.161,3.0927,-0.637975
4.162,3.09673,-0.63455
4.163,3.09023,-0.641943
4.164,3.09501,-0.674521
4.165,3.09368,-0.672922
4.166,3.10389,-0.71179
4.167,3.10361,-0.700873
4.168,3.09937,-0.711896
4.169,3.09743,-0.756865
4.17,3.08948,-0.745866
4.171,3.09766,-0.758903
4.172,3.08524,-0.776282
4.173,3.08546,-0.80942
4.174,3.09776,-0.840772
4.175,3.08474,-0.864801
4.176,3.08398,-0.867306
4.177,3.09295,-0.862304
4.178,3.09373,-0.862772
4.179,3.08508,-0.878353
4.18,3.09074,-0.879035
4.181,3.08735,-0.888172
4.182,3.12388,-0.948874
4.183,3.11076,-0.912457
4.184,3.11157,-0.936775
4.185,3.12151,-0.953606
4.186,3.10664,-0.942357
4.187,3.10955,-0.969092
4.188,3.10421,-0.970883
4.189,3.10135,-0.99345
4.19,3.08013,-1.04308
4.191,3.08863,-1.05007
4.192,3.0891,-1.0512
4.193,3.08224,-1.06096
4.194,3.09068,-1.06033
4.195,3.09773,-1.07417
4.196,3.09306,-1.06785
4.197,3.11155,-1.11272
4.198,3.12015,-1.10019
4.199,3.1086,-1.11427
4.2,3.1122,-1.08863
4.201,3.09965,-1.10508
4.202,3.10291,-1.11396
4.203,3.11186,-1.12829
4.204,3.10951,-1.14454
4.205,3.09921,-1.13107
4.206,3.10499,-1.14931
4.207,3.10448,-1.14177
4.208,3.10485,-1.15405
4.209,3.10406,-1.15601
4.21,3.11047,-1.15063
4.211,3.11465,-1.17295
4.212,3.11211,-1.15774
4.213,3.1187,-1.16642
4.214,3.12212,-1.16016
4.215,3.13122,-1.14617
4.216,3.13188,-1.14533
4.217,3.12457,-1.16655
4.218,3.12374,-1.16815
4.219,3.13231,-1.16116
4.22,3.13044,-1.16022
4.221,3.11737,-1.16842
4.222,3.12181,-1.14071
4.223,3.12096,-1.15274
4.224,3.1275,-1.14817
4.225,3.12157,-1.14389
4.226,3.12132,-1.14073
4.227,3.12858,-1.14721
4.228,3.12474,-1.14286
4.229,3.12006,-1.13652
4.23,3.11876,-1.13299
4.231,3.11966,-1.13335
4.232,3.12029,-1.1057
4.233,3.11056,-1.11492
4.234,3.12005,-1.11126
4.235,3.11695,-1.11275
4.236,3.12121,-1.09062
4.237,3.12266,-1.07889
4.238,3.11578,-1.08155
4.239,3.11529,-1.08311
4.24,3.12187,-1.07072
4.241,3.13088,-1.06119
4.242,3.12296,-1.05509
4.243,3.12277,-1.05082
4.244,3.12817,-1.03651
4.245,3.12877,-1.01281
4.246,3.1233,-1.01399
4.247,3.13322,-0.995835
4.248,3.12717,-1.00249
4.249,3.12731,-0.980756
4.25,3.13192,-0.941575
4.251,3.11862,-0.943191
4.252,3.11728,-0.944729
4.253,3.13019,-0.930446
4.254,3.12525,-0.929518
4.255,3.1166,-0.891815
4.256,3.12901,-0.877294
4.257,3.12448,-0.878589
4.258,3.13092,-0.855805
4.259,3.12267,-0.862851
4.26,3.12356,-0.798569
4.261,3.12447,-0.788634
4.262,3.12444,-0.78749
4.263,3.12141,-0.787928
4.264,3.12624,-0.780591
4.265,3.12232,-0.736239
4.266,3.12306,-0.72846
4.267,3.12923,-0.715073
4.268,3.11814,-0.713383
4.269,3.11992,-0.681714
4.27,3.12028,-0.678733
4.271,3.12076,-0.666711
4.272,3.11806,-0.64342
4.273,3.11499,-0.59031
4.274,3.12535,-0.576387
4.275,3.11809,-0.575722
4.276,3.11751,-0.57566
4.277,3.11995,-0.546166
4.278,3.11968,-0.53565
4.279,3.11616,-0.524652
4.28,3.11476,-0.499375
4.281,3.11309,-0.452025
4.282,3.10884,-0.449566
4.283,3.11129,-0.42752
4.284,3.11211,-0.415735
4.285,3.10907,-0.345724
4.286,3.10798,-0.342391
4.287,3.10804,-0.341124
4.288,3.1059,-0.339282
4.289,3.1112,-0.330352
4.29,3.10409,-0.266274
4.291,3.10851,-0.263276
4.292,3.11449,-0.230797
4.293,3.10992,-0.211638
4.294,3.11349,-0.201063
4.295,3.09972,-0.150121
4.296,3.09842,-0.145486
4.297,3.10713,-0.131448
4.298,3.10882,-0.102205
4.299,3.10799,-0.0929577
4.3,3.10933,-0.0594391
4.301,3.10376,-0.052441
4.302,3.09892,0.0301129
4.303,3.11086,0.0434864
4.304,3.11188,0.0461724
4.305,3.09841,0.0372038
4.306,3.10519,0.0461304
4.307,3.10539,0.047163
4.308,3.09697,0.183807
4.309,3.10613,0.15998
4.31,3.10464,0.173566
4.311,3.10519,0.174526
4.312,3.09938,0.183332
4.313,3.10463,0.195711
4.314,3.08866,0.243896
4.315,3.10144,0.242207
4.316,3.09236,0.260435
4.317,3.0966,0.335101
4.318,3.09348,0.342205
4.319,3.09588,0.349058
4.32,3.09118,0.349762
4.321,3.09545,0.387702
4.322,3.08896,0.405856
4.323,3.09028,0.430834
4.324,3.09491,0.450139
4.325,3.08895,0.44965
4.326,3.09621,0.474725
4.327,3.09361,0.521891
4.328,3.09471,0.518279
4.329,3.09915,0.551279
4.33,3.09328,0.550263
4.331,3.09555,0.592814
4.332,3.09748,0.591971
4.333,3.10114,0.62074
4.334,3.09764,0.725671
4.335,3.09707,0.725709
4.336,3.10493,0.759253
4.337,3.10555,0.763838
4.338,3.0987,0.741682
4.339,3.09778,0.742738
4.34,3.10661,0.759685
4.341,3.10731,0.7627
4.342,3.09976,0.754028
4.343,3.09908,0.754846
4.344,3.09782,0.754668
4.345,3.11603,0.818651
4.346,3.10703,0.79663
4.347,3.0969,0.813413
4.348,3.08865,0.85712
4.349,3.08925,0.873893
4.35,3.08967,0.893313
4.351,3.0891,0.90602
4.352,3.09677,0.913135
4.353,3.0928,0.91438
4.354,3.09624,0.926465
4.355,3.10869,0.958337
4.356,3.11417,0.96778
4.357,3.11481,0.969762
4.358,3.10876,0.969635
4.359,3.12488,0.996953
4.36,3.11503,1.00084
4.361,3.11749,1.00456
4.362,3.11654,1.02575
4.363,3.12221,1.03558
4.364,3.11323,1.04902
4.365,3.12246,1.05546
4.366,3.11384,1.06361
4.367,3.11876,1.1011
4.368,3.12039,1.09986
4.369,3.12191,1.10236
4.37,3.10639,1.09804
4.371,3.10528,1.09894
4.372,3.11949,1.10928
4.373,3.12024,1.11143
4.374,3.11091,1.1059
4.375,3.11621,1.11216
4.376,3.11936,1.14347
4.377,3.11165,1.10487
4.378,3.12668,1.13076
4.379,3.12449,1.11565
4.38,3.12245,1.11169
4.381,3.12866,1.13861
4.382,3.11953,1.1235
4.383,3.12761,1.15083
4.384,3.1205,1.13946
4.385,3.129,1.152
4.386,3.12216,1.13996
4.387,3.13588,1.15515
4.388,3.1206,1.13901
4.389,3.13835,1.15904
4.39,3.12941,1.15006
4.391,3.13588,1.15307
4.392,3.13442,1.14932
4.393,3.12774,1.12357
4.394,3.132,1.12704
4.395,3.1324,1.1287
4.396,3.12811,1.12209
4.397,3.12711,1.12246
4.398,3.13823,1.12951
4.399,3.13858,1.13117
4.4,3.14979,1.11489
4.401,3.12937,1.09631
4.402,3.14466,1.09361
4.403,3.12605,1.05533
4.404,3.13894,1.05477
4.405,3.13983,1.05643
4.406,3.12965,1.04556
4.407,3.12805,1.04542
4.408,3.14375,1.05361
4.409,3.16726,1.02109
4.41,3.14401,1.0043
4.411,3.15274,1.02007
4.412,3.12664,1.00524
4.413,3.12513,1.01067
4.414,3.12737,1.01232
4.415,3.12789,0.99687
4.416,3.13661,0.980221
4.417,3.1294,0.966254
4.418,3.14088,0.970968
4.419,3.1352,0.963846
4.42,3.1355,0.909773
4.421,3.14085,0.906862
4.422,3.13152,0.888211
4.423,3.1482,0.89891
4.424,3.14357,0.844546
4.425,3.14326,0.838882
4.426,3.1411,0.836522
4.427,3.14212,0.83361
4.428,3.12859,0.775725
4.429,3.1229,0.76606
4.43,3.15565,0.761053
4.431,3.15138,0.753511
4.432,3.14543,0.747347
4.433,3.13242,0.729936
4.434,3.14875,0.71999
4.435,3.14192,0.710644
4.436,3.13987,0.69711
4.437,3.13513,0.670289
4.438,3.1461,0.664332
4.439,3.1378,0.565667
4.44,3.15032,0.576402
4.441,3.15203,0.577453
4.442,3.13487,0.55535
4.443,3.13442,0.554001
4.444,3.1431,0.562883
4.445,3.14432,0.56354
4.446,3.11921,0.519624
4.447,3.11444,0.520559
4.448,3.1209,0.489032
4.449,3.11901,0.446114
4.45,3.12717,0.433546
4.451,3.12491,0.373689
4.452,3.12962,0.373411
4.453,3.12719,0.353603
4.454,3.12554,0.336657
4.455,3.13018,0.322266
4.456,3.1279,0.295481
4.457,3.13317,0.290131
4.458,3.12929,0.273762
4.459,3.13438,0.241329
4.46,3.13639,0.238895
4.461,3.13299,0.204535
4.462,3.1361,0.212315
4.463,3.13592,0.0294038
4.464,3.13474,0.0383802
4.465,3.1356,0.0371638
4.466,3.12713,0.0243221
4.467,3.1333,0.0266316
4.468,3.13406,0.0256985
4.469,3.12718,0.0159132
4.47,3.12677,0.0141926
4.471,3.13332,0.0167016
4.472,3.12652,0.00705886
4.473,3.12643,0.00637521
4.474,3.10666,-0.0966179
4.475,3.10352,-0.0965206
4.476,3.10804,-0.0943619
4.477,3.11223,-0.112078
4.478,3.10775,-0.172971
4.479,3.12008,-0.205407
4.48,3.11732,-0.237668
4.481,3.12529,-0.256115
4.482,3.12763,-0.261366
4.483,3.1347,-0.283443
4.484,3.13455,-0.292924
4.485,3.139,-0.311888
4.486,3.13586,-0.328323
4.487,3.13871,-0.342927
4.488,3.13537,-0.355602
4.489,3.12536,-0.424957
4.49,3.11872,-0.436492
4.491,3.11767,-0.438892
4.492,3.12872,-0.436772
4.493,3.12275,-0.444409
4.494,3.10801,-0.506464
4.495,3.11767,-0.51703
4.496,3.10652,-0.52716
4.497,3.09495,-0.592859
4.498,3.10019,-0.596961
4.499,3.1149,-0.59441
4.5,3.11869,-0.602665
4.501,3.099,-0.636997
4.502,3.10804,-0.641363
4.503,3.11272,-0.659283
4.504,3.10894,-0.693007
4.505,3.11293,-0.693805
4.506,3.1191,-0.700277
4.507,3.12802,-0.733787
4.508,3.12146,-0.739064
4.509,3.12317,-0.754502
4.51,3.13544,-0.763312
4.511,3.12713,-0.789464
4.512,3.13548,-0.788023
4.513,3.13118,-0.818981
4.514,3.12957,-0.991624
4.515,3.12904,-0.996961
4.516,3.14052,-0.958885
4.517,3.13058,-0.931578
4.518,3.13496,-0.945195
4.519,3.14224,-0.99882
4.52,3.12566,-1.01206
4.521,3.12692,-1.00439
4.522,3.12929,-1.01452
4.523,3.12418,-1.04872
4.524,3.11575,-1.05412
4.525,3.10972,-1.04415
4.526,3.11413,-1.05065
4.527,3.10335,-1.07547
4.528,3.09106,-1.06477
4.529,3.08897,-1.07445
4.53,3.06002,-1.10419
4.531,3.0473,-1.09301
4.532,3.06202,-1.0778
4.533,3.13086,-1.05329
4.534,3.12882,-1.09659
4.535,3.15282,-1.08418
4.536,3.14551,-1.09014
4.537,3.16442,-1.08535
4.538,3.14175,-1.09866
4.539,3.15688,-1.09811
4.54,3.13657,-1.10197
4.541,3.11564,-1.14607
4.542,3.11361,-1.15009
4.543,3.11017,-1.14886
4.544,3.11546,-1.15113
4.545,3.11778,-1.15306
4.546,3.10841,-1.14553
4.547,3.10879,-1.15421
4.548,3.10721,-1.14573
4.549,3.10798,-1.19224
4.55,3.09365,-1.19154
4.551,3.11359,-1.16384
4.552,3.1016,-1.18037
4.553,3.11841,-1.18415
4.554,3.10236,-1.1959
4.555,3.10876,-1.18641
4.556,3.10152,-1.19696
4.557,3.1154,-1.19039
4.558,3.11616,-1.20438
4.559,3.12019,-1.19002
4.56,3.12656,-1.1969
4.561,3.12837,-1.13391
4.562,3.1415,-1.12316
4.563,3.13021,-1.13077
4.564,3.13717,-1.10612
4.565,3.12913,-1.09487
4.566,3.12914,-1.09567
4.567,3.13799,-1.07296
4.568,3.12535,-1.08674
4.569,3.14657,-1.07245
4.57,3.13287,-1.05823
4.571,3.14739,-1.04995
4.572,3.13502,-1.03434
4.573,3.15298,-1.01988
4.574,3.14007,-1.0178
4.575,3.14653,-1.00662
4.576,3.13785,-1.00687
4.577,3.13821,-0.971058
4.578,3.13205,-0.968366
4.579,3.10919,-0.98086
4.58,3.12279,-0.968671
4.581,3.10382,-0.955181
4.582,3.11975,-0.968418
4.583,3.12401,-0.994881
4.584,3.13525,-0.966838
4.585,3.11955,-0.972574
4.586,3.12725,-0.901362
4.587,3.12666,-0.933353
4.588,3.13185,-0.925635
4.589,3.13779,-0.930037
4.59,3.13938,-0.904073
4.591,3.14011,-0.906361
4.592,3.13695,-0.892641
4.593,3.14334,-0.881577
4.594,3.13491,-0.879841
4.595,3.14781,-0.856897
4.596,3.13936,-0.862477
4.597,3.14732,-0.835471
4.598,3.13746,-0.840872
4.599,3.1438,-0.812655
4.6,3.14413,-0.809075
4.601,3.14051,-0.757321
4.602,3.13757,-0.749694
4.603,3.1388,-0.745237
4.604,3.13835,-0.745505
4.605,3.14289,-0.739523
4.606,3.13988,-0.66985
4.607,3.14739,-0.657631
4.608,3.1485,-0.656559
4.609,3.12566,-0.655524
4.61,3.12947,-0.597097
4.611,3.12725,-0.592312
4.612,3.13172,-0.590616
4.613,3.13988,-0.52917
4.614,3.14928,-0.533761
4.615,3.12644,-0.509831
4.616,3.13863,-0.505086
4.617,3.12149,-0.479258
4.618,3.12498,-0.374826
4.619,3.1259,-0.365587
4.62,3.12608,-0.365128
4.621,3.12374,-0.353829
4.622,3.12478,-0.351154
4.623,3.1154,-0.364483
4.624,3.1145,-0.364473
4.625,3.12483,-0.350406
4.626,3.12512,-0.309294
4.627,3.13486,-0.29902
4.628,3.1337,-0.277304
4.629,3.11556,-0.216708
4.63,3.10292,-0.222855
4.631,3.12531,-0.203837
4.632,3.10792,-0.196934
4.633,3.12269,-0.191036
4.634,3.11332,-0.144226
4.635,3.12372,-0.146832
4.636,3.11777,-0.126672
4.637,3.12076,-0.108711
4.638,3.11294,-0.0471469
4.639,3.1025,-0.0480944
4.64,3.10141,-0.0477723
4.641,3.11232,-0.0342988
4.642,3.12014,0.00910068
4.643,3.10983,0.0283658
4.644,3.11433,0.040005
4.645,3.10659,0.0565602
4.646,3.10803,0.0763066
4.647,3.10352,0.100697
4.648,3.10217,0.223772
4.649,3.11111,0.215542
4.65,3.11135,0.216604
4.651,3.10811,0.231433
4.652,3.10877,0.23464
4.653,3.10325,0.222367
4.654,3.10233,0.222925
4.655,3.11022,0.23628
4.656,3.10722,0.238519
4.657,3.11229,0.31844
4.658,3.12264,0.288924
4.659,3.12126,0.362494
4.66,3.11019,0.364646
4.661,3.11588,0.357902
4.662,3.10859,0.400703
4.663,3.10532,0.430661
4.664,3.11413,0.443894
4.665,3.10602,0.448646
4.666,3.10565,0.449007
4.667,3.10715,0.5206
4.668,3.11582,0.497922
4.669,3.10366,0.540601
4.67,3.09694,0.564506
4.671,3.1087,0.572821
4.672,3.10526,0.572277
4.673,3.1075,0.629871
4.674,3.11477,0.62014
4.675,3.08328,0.644377
4.676,3.09677,0.633856
4.677,3.10215,0.677567
4.678,3.11297,0.680855
4.679,3.11187,0.760853
4.68,3.10309,0.755229
4.681,3.10213,0.755858
4.682,3.11196,0.77256
4.683,3.11245,0.774869
4.684,3.10539,0.768788
4.685,3.10777,0.811625
4.686,3.09533,0.819372
4.687,3.10492,0.841412
4.688,3.10087,0.897098
4.689,3.11173,0.911761
4.69,3.11202,0.914596
4.691,3.10741,0.90601
4.692,3.09954,0.928108
4.693,3.11123,0.933307
4.694,3.11982,0.966947
4.695,3.11829,0.971965
4.696,3.11827,0.975873
4.697,3.1164,1.03736
4.698,3.11106,1.03561
4.699,3.12434,1.04024
4.7,3.12048,1.04129
4.701,3.12016,1.04308
4.702,3.12997,1.04983
4.703,3.13087,1.05649
4.704,3.12336,1.06321
4.705,3.10842,1.08532
4.706,3.11109,1.09584
4.707,3.1254,1.10338
4.708,3.12971,1.11339
4.709,3.11661,1.11278
4.71,3.12205,1.12695
4.711,3.11822,1.14432
4.712,3.12615,1.15128
4.713,3.123,1.14992
4.714,3.12274,1.15154
4.715,3.12875,1.14641
4.716,3.12989,1.14499
4.717,3.1353,1.16522
4.718,3.12576,1.154
4.719,3.13167,1.15815
4.72,3.13013,1.1573
4.721,3.14524,1.14955
4.722,3.12943,1.14425
4.723,3.1467,1.1738
4.724,3.12802,1.15802
4.725,3.13763,1.16807
4.726,3.13833,1.16211
4.727,3.14332,1.14105
4.728,3.14582,1.14188
4.729,3.14635,1.14287
4.73,3.14072,1.14318
4.731,3.14394,1.14691
4.732,3.14515,1.14902
4.733,3.13405,1.13993
4.734,3.13339,1.1405
4.735,3.14176,1.14721
4.736,3.14336,1.14896
4.737,3.14348,1.11023
4.738,3.15101,1.11657
4.739,3.15041,1.1073
4.74,3.14474,1.06319
4.741,3.14961,1.06794
4.742,3.14493,1.0619
4.743,3.14435,1.06154
4.744,3.15227,1.07032
4.745,3.14329,1.06543
4.746,3.13363,1.05381
4.747,3.1436,1.05392
4.748,3.14105,1.04251
4.749,3.14699,1.0082
4.75,3.14686,1.01305
4.751,3.1488,0.999082
4.752,3.13865,1.00251
4.753,3.14848,0.991943
4.754,3.14416,0.989079
4.755,3.14631,0.969184
4.756,3.15154,0.968252
4.757,3.15464,0.953951
4.758,3.16189,0.937989
4.759,3.15265,0.921483
4.76,3.16692,0.913588
4.761,3.15093,0.897951
4.762,3.16528,0.884426
4.763,3.14901,0.872622
4.764,3.15176,0.829664
4.765,3.15884,0.839522
4.766,3.1522,0.832782
4.767,3.14212,0.7705
4.768,3.1552,0.782444
4.769,3.15617,0.783845
4.77,3.1392,0.757853
4.771,3.14756,0.760329
4.772,3.15682,0.747491
4.773,3.13647,0.660008
4.774,3.15042,0.661743
4.775,3.15145,0.66252
4.776,3.14009,0.646985
4.777,3.1388,0.64616
4.778,3.15303,0.650813
4.779,3.15747,0.601526
4.78,3.14669,0.590912
4.781,3.1439,0.519651
4.782,3.14842,0.518789
4.783,3.14532,0.512086
4.784,3.14986,0.490069
4.785,3.14983,0.459029
4.786,3.14865,0.451342
4.787,3.15194,0.392292
4.788,3.14326,0.385936
4.789,3.15188,0.376161
4.79,3.14577,0.368134
4.791,3.15065,0.362262
4.792,3.14633,0.280993
4.793,3.13816,0.278713
4.794,3.13908,0.26501
4.795,3.13751,0.267027
4.796,3.14068,0.204689
4.797,3.14,0.203213
4.798,3.14079,0.187916
4.799,3.14114,0.181079
4.8,3.13591,0.11714
4.801,3.13517,0.116171
4.802,3.13726,0.107825
4.803,3.13558,0.0888601
4.804,3.1429,-0.0480106
4.805,3.12991,-0.0510798
4.806,3.12869,-0.0538967
4.807,3.14608,-0.0479179
4.808,3.13365,-0.0556408
4.809,3.13323,-0.0575647
4.81,3.13241,-0.0594653
4.811,3.14115,-0.0579876
4.812,3.13153,-0.0696779
4.813,3.13476,-0.0789124
4.814,3.11039,-0.18692
4.815,3.12874,-0.165003
4.816,3.11996,-0.192259
4.817,3.13466,-0.215394
4.818,3.12863,-0.229188
4.819,3.13385,-0.307732
4.82,3.12854,-0.312016
4.821,3.12786,-0.314141
4.822,3.13639,-0.314502
4.823,3.12963,-0.358871
4.824,3.13728,-0.358187
4.825,3.13481,-0.361995
4.826,3.13536,-0.384839
4.827,3.12212,-0.41579
4.828,3.12936,-0.437506
4.829,3.11326,-0.500302
4.83,3.12222,-0.508574
4.831,3.11505,-0.52287
4.832,3.12239,-0.52619
4.833,3.11521,-0.54036
4.834,3.12274,-0.544253
4.835,3.12343,-0.544604
4.836,3.1155,-0.558106
4.837,3.13341,-0.646777
4.838,3.12637,-0.641536
4.839,3.13532,-0.644835
4.84,3.12825,-0.645371
4.841,3.11705,-0.655993
4.842,3.13356,-0.726901
4.843,3.11966,-0.72641
4.844,3.12089,-0.72544
4.845,3.12581,-0.731121
4.846,3.11719,-0.76839
4.847,3.12846,-0.791041
4.848,3.11946,-0.803696
4.849,3.12648,-0.802111
4.85,3.12831,-0.814437
4.851,3.13195,-0.818499
4.852,3.1284,-0.829807
4.853,3.1326,-0.866285
4.854,3.12821,-0.871552
4.855,3.13655,-0.874264
4.856,3.12964,-0.90776
4.857,3.13303,-0.913872
4.858,3.12688,-0.921751
4.859,3.12754,-0.932881
4.86,3.12127,-0.950449
4.861,3.12894,-0.957281
4.862,3.12263,-0.992776
4.863,3.12438,-0.994728
4.864,3.12174,-1.00183
4.865,3.12315,-1.00277
4.866,3.12439,-1.02647
4.867,3.13092,-1.02352
4.868,3.12645,-1.02853
4.869,3.12516,-1.03794
4.87,3.12806,-1.06123
4.871,3.13521,-1.06431
4.872,3.12743,-1.07267
4.873,3.13093,-1.07404
4.874,3.13186,-1.08688
4.875,3.135,-1.07973
4.876,3.13361,-1.09702
4.877,3.13411,-1.10133
4.878,3.14086,-1.09991
4.879,3.13534,-1.10859
4.88,3.13294,-1.12617
4.881,3.13955,-1.113
4.882,3.13727,-1.12568
4.883,3.13496,-1.1295
4.884,3.14358,-1.12997
4.885,3.1404,-1.1335
4.886,3.14093,-1.13404
4.887,3.14402,-1.13828
4.888,3.14609,-1.13253
4.889,3.13869,-1.14555
4.89,3.14224,-1.13825
4.891,3.14616,-1.13611
4.892,3.13513,-1.14939
4.893,3.14429,-1.1363
4.894,3.14349,-1.1383
4.895,3.14841,-1.13287
4.896,3.13438,-1.11895
4.897,3.13674,-1.13263
4.898,3.13589,-1.13581
4.899,3.14531,-1.10998
4.9,3.1448,-1.1102
4.901,3.14434,-1.10913
4.902,3.14757,-1.13135
4.903,3.14855,-1.13284
4.904,3.1378,-1.12417
4.905,3.13625,-1.12598
4.906,3.15143,-1.11953
4.907,3.15237,-1.11974
4.908,3.14292,-1.12068
4.909,3.15668,-1.09024
4.91,3.14519,-1.09807
4.911,3.14324,-1.06891
4.912,3.14047,-1.06122
4.913,3.14477,-1.06163
4.914,3.14582,-1.06129
4.915,3.13566,-1.06902
4.916,3.13896,-1.06459
4.917,3.1311,-1.01991
4.918,3.12456,-1.02928
4.919,3.14726,-0.998332
4.92,3.12663,-1.02661
4.921,3.1423,-0.993698
4.922,3.14406,-0.995665
4.923,3.14241,-0.997594
4.924,3.15206,-0.966222
4.925,3.14726,-0.974862
4.926,3.15294,-0.942822
4.927,3.1497,-0.956143
4.928,3.15331,-0.924965
4.929,3.1515,-0.928683
4.93,3.15334,-0.898142
4.931,3.14188,-0.834099
4.932,3.14585,-0.829668
4.933,3.14728,-0.829623
4.934,3.13182,-0.826167
4.935,3.13057,-0.826767
4.936,3.14472,-0.818925
4.937,3.14563,-0.818752
4.938,3.13455,-0.820516
4.939,3.13369,-0.821336
4.94,3.14104,-0.769112
4.941,3.12675,-0.762269
4.942,3.13395,-0.761035
4.943,3.13993,-0.733222
4.944,3.13832,-0.665137
4.945,3.14726,-0.666806
4.946,3.13977,-0.655576
4.947,3.13667,-0.641859
4.948,3.14079,-0.587021
4.949,3.12867,-0.580465
4.95,3.12784,-0.580097
4.951,3.13942,-0.5729
4.952,3.13,-0.558402
4.953,3.13117,-0.550409
4.954,3.12809,-0.50651
4.955,3.12709,-0.491476
4.956,3.1243,-0.483801
4.957,3.12675,-0.47894
4.958,3.12674,-0.42799
4.959,3.12386,-0.425013
4.96,3.12696,-0.398495
4.961,3.12693,-0.384994
4.962,3.12915,-0.355899
4.963,3.12835,-0.343785
4.964,3.13371,-0.279248
4.965,3.12942,-0.275703
4.966,3.13346,-0.26884
4.967,3.12942,-0.266669
4.968,3.13273,-0.128564
4.969,3.13479,-0.139695
4.97,3.13509,-0.137973
4.971,3.13102,-0.131844
4.972,3.13283,-0.129183
4.973,3.13365,-0.127422
4.974,3.1214,-0.102847
4.975,3.11791,-0.0975576
4.976,3.11822,-0.0968482
4.977,3.12148,-0.0403281
4.978,3.11507,-0.0357472
4.979,3.11766,-0.0046833
4.98,3.12503,0.0544422
4.981,3.10729,0.047632
4.982,3.11959,0.0628996
4.983,3.12199,0.118448
4.984,3.11406,0.10581
4.985,3.1211,0.130086
4.986,3.11581,0.137912
4.987,3.13524,0.238093
4.988,3.12386,0.228418
4.989,3.12249,0.228747
4.99,3.13824,0.249785
4.991,3.13096,0.246143
4.992,3.11805,0.299954
4.993,3.12876,0.314175
4.994,3.10254,0.340715
4.995,3.10458,0.349623
4.996,3.11934,0.384197
4.997,3.11412,0.395187
4.998,3.1175,0.421479
4.999,3.11875,0.513797
5,3.11833,0.53192
5.001,3.11857,0.534534
5.002,3.11599,0.531139
5.003,3.11496,0.532343
5.004,3.12477,0.543315
5.005,3.1257,0.545104
5.006,3.11269,0.586535
5.007,3.12074,0.579555
5.008,3.12216,0.614819
5.009,3.12131,0.655344
5.01,3.12574,0.663308
5.011,3.12692,0.689452
5.012,3.12486,0.690042
5.013,3.12992,0.725936
5.014,3.12927,0.724095
5.015,3.13119,0.753664
5.016,3.13131,0.754676
5.017,3.12823,0.78536
5.018,3.13409,0.799417
5.019,3.1236,0.806822
5.02,3.12758,0.816947
5.021,3.12414,0.853036
5.022,3.11483,0.864661
5.023,3.11311,0.866474
5.024,3.1343,0.869655
5.025,3.12574,0.872516
5.026,3.12539,0.92652
5.027,3.12519,0.929374
5.028,3.12818,0.940409
5.029,3.12845,0.943387
5.03,3.1232,0.937197
5.031,3.11975,0.952692
5.032,3.12908,0.95744
5.033,3.12747,1.00765
5.034,3.12711,0.993843
5.035,3.12878,1.00098
5.036,3.12751,1.02014
5.037,3.1275,1.02931
5.038,3.11955,1.05016
5.039,3.12003,1.07727
5.04,3.12476,1.06611
5.041,3.12548,1.06743
5.042,3.12097,1.08531
5.043,3.13452,1.1033
5.044,3.14755,1.11048
5.045,3.13686,1.10183
5.046,3.14195,1.10558
5.047,3.13161,1.09675
5.048,3.14199,1.10636
5.049,3.13722,1.10593
5.05,3.12744,1.1236
5.051,3.13852,1.129
5.052,3.13786,1.1087
5.053,3.13407,1.13718
5.054,3.14468,1.13799
5.055,3.13806,1.13772
5.056,3.13921,1.14145
5.057,3.13679,1.13727
5.058,3.13489,1.12272
5.059,3.12888,1.13432
5.06,3.12822,1.12476
5.061,3.12853,1.13229
5.062,3.13743,1.1182
5.063,3.1341,1.11205
5.064,3.13363,1.11282
5.065,3.14044,1.11762
5.066,3.14123,1.11988
5.067,3.13265,1.10937
5.068,3.13876,1.1147
5.069,3.12302,1.07294
5.07,3.13454,1.08586
5.071,3.14381,1.08069
5.072,3.14266,1.08901
5.073,3.1499,1.10219
5.074,3.14233,1.10692
5.075,3.15026,1.10927
5.076,3.13522,1.09848
5.077,3.14527,1.08254
5.078,3.1262,1.08324
5.079,3.13548,1.08693
5.08,3.13192,1.05625
5.081,3.12818,1.07013
5.082,3.13374,1.0396
5.083,3.13171,1.035
5.084,3.12061,1.03119
5.085,3.12804,1.00991
5.086,3.1277,0.973279
5.087,3.12016,0.963269
5.088,3.1289,0.970449
5.089,3.1293,0.971669
5.09,3.13643,0.936678
5.091,3.13025,0.948689
5.092,3.16225,0.871116
5.093,3.15019,0.90491
5.094,3.14961,0.905835
5.095,3.15876,0.890401
5.096,3.15031,0.879889
5.097,3.14678,0.852524
5.098,3.14263,0.842464
5.099,3.14208,0.849283
5.1,3.14785,0.830956
5.101,3.14313,0.812404
5.102,3.13576,0.799373
5.103,3.13918,0.743329
5.104,3.13684,0.745145
5.105,3.1357,0.744389
5.106,3.1381,0.715398
5.107,3.12961,0.720583
5.108,3.13221,0.686425
5.109,3.12346,0.684258
5.11,3.12853,0.679957
5.111,3.12026,0.596902
5.112,3.12731,0.609489
5.113,3.12903,0.609429
5.114,3.10961,0.599516
5.115,3.10809,0.598882
5.116,3.12573,0.599188
5.117,3.12078,0.594684
5.118,3.14196,0.515592
5.119,3.1457,0.5082
5.12,3.13005,0.506173
5.121,3.14231,0.472737
5.122,3.13394,0.466849
5.123,3.15429,0.342612
5.124,3.14737,0.342657
5.125,3.14234,0.337956
5.126,3.15012,0.337333
5.127,3.15083,0.291351
5.128,3.15314,0.288677
5.129,3.15732,0.244598
5.13,3.15232,0.251674
5.131,3.13768,0.214252
5.132,3.14205,0.22309
5.133,3.13082,0.20826
5.134,3.13502,0.188682
5.135,3.1294,0.172787
5.136,3.12326,0.162982
5.137,3.13069,0.142221
5.138,3.12667,0.102186
5.139,3.12987,0.0868191
5.14,3.12689,0.0898465
5.141,3.13289,0.0832462
5.142,3.1393,0.0266795
5.143,3.13747,0.0103983
5.144,3.13832,0.00904608
5.145,3.12577,0.00715658
5.146,3.1314,-0.0150053
5.147,3.11917,-0.0349664
5.148,3.12401,-0.042115
5.149,3.09896,-0.160108
5.15,3.092,-0.184694
5.151,3.09103,-0.186811
5.152,3.1013,-0.18376
5.153,3.11563,-0.196722
5.154,3.11825,-0.20768
5.155,3.12543,-0.208753
5.156,3.1249,-0.264951
5.157,3.12532,-0.284389
5.158,3.11748,-0.278692
5.159,3.12827,-0.287867
5.16,3.11829,-0.302453
5.161,3.11851,-0.3351
5.162,3.11721,-0.37615
5.163,3.12088,-0.38967
5.164,3.11406,-0.400052
5.165,3.1257,-0.420025
5.166,3.13295,-0.435592
5.167,3.13162,-0.454032
5.168,3.15199,-0.523212
5.169,3.14062,-0.535898
5.17,3.1498,-0.537877
5.171,3.1509,-0.539484
5.172,3.12792,-0.547514
5.173,3.13188,-0.56387
5.174,3.12098,-0.583234
5.175,3.11606,-0.594918
5.176,3.11401,-0.612655
5.177,3.10695,-0.64327
5.178,3.09843,-0.653934
5.179,3.10178,-0.66794
5.18,3.10136,-0.672723
5.181,3.09893,-0.720608
5.182,3.10624,-0.718384
5.183,3.10191,-0.724888
5.184,3.1013,-0.72693
5.185,3.10517,-0.747382
5.186,3.10687,-0.785415
5.187,3.11196,-0.785543
5.188,3.10983,-0.808543
5.189,3.10945,-0.824929
5.19,3.11636,-0.838294
5.191,3.11193,-0.857027
5.192,3.11986,-0.870722
5.193,3.13279,-0.972502
5.194,3.11974,-0.988585
5.195,3.1182,-0.991744
5.196,3.13451,-0.98519
5.197,3.13523,-0.987013
5.198,3.1265,-0.994715
5.199,3.12577,-0.997292
5.2,3.13311,-0.993712
5.201,3.13355,-0.995055
5.202,3.13447,-0.995802
5.203,3.12489,-1.00636
5.204,3.13408,-1.04173
5.205,3.12953,-1.01677
5.206,3.11116,-1.00887
5.207,3.09707,-1.01637
5.208,3.08932,-1.01688
5.209,3.09202,-1.0292
5.21,3.09634,-1.05427
5.211,3.08919,-1.05737
5.212,3.09664,-1.05542
5.213,3.0925,-1.06012
5.214,3.10678,-1.06074
5.215,3.10812,-1.08248
5.216,3.13069,-1.10917
5.217,3.12383,-1.12068
5.218,3.13222,-1.10814
5.219,3.126,-1.11348
5.22,3.13492,-1.10276
5.221,3.13035,-1.12363
5.222,3.13283,-1.14506
5.223,3.13391,-1.13137
5.224,3.13296,-1.15158
5.225,3.12026,-1.1747
5.226,3.12403,-1.16504
5.227,3.11943,-1.16555
5.228,3.11855,-1.16799
5.229,3.12666,-1.16021
5.23,3.12721,-1.16095
5.231,3.12018,-1.16913
5.232,3.11936,-1.17072
5.233,3.14962,-1.16641
5.234,3.1403,-1.12572
5.235,3.14194,-1.13928
5.236,3.11894,-1.12459
5.237,3.11892,-1.12943
5.238,3.11682,-1.13558
5.239,3.13378,-1.14629
5.24,3.12474,-1.13998
5.241,3.12611,-1.11849
5.242,3.11036,-1.12545
5.243,3.11814,-1.13184
5.244,3.1155,-1.12486
5.245,3.12242,-1.10886
5.246,3.12396,-1.1134
5.247,3.11645,-1.11885
5.248,3.12027,-1.11042
5.249,3.12294,-1.09324
5.25,3.12182,-1.09441
5.251,3.12327,-1.09829
5.252,3.13264,-1.05606
5.253,3.12791,-1.06549
5.254,3.13293,-1.06
5.255,3.1317,-1.05144
5.256,3.13751,-1.02547
5.257,3.13408,-1.0238
5.258,3.14008,-1.0245
5.259,3.1344,-1.00084
5.26,3.14124,-0.996046
5.261,3.1297,-0.9842
5.262,3.13771,-0.959345
5.263,3.13179,-0.952743
5.264,3.13212,-0.953501
5.265,3.12962,-0.948544
5.266,3.13603,-0.943695
5.267,3.12734,-0.898043
5.268,3.13238,-0.882663
5.269,3.13155,-0.88249
5.27,3.13226,-0.881637
5.271,3.12081,-0.890816
5.272,3.12954,-0.867729
5.273,3.1249,-0.814892
5.274,3.11778,-0.825629
5.275,3.12544,-0.810521
5.276,3.12192,-0.787158
5.277,3.12215,-0.774445
5.278,3.12025,-0.751073
5.279,3.12285,-0.738358
5.28,3.11937,-0.722361
5.281,3.11714,-0.65402
5.282,3.12421,-0.634406
5.283,3.12353,-0.633714
5.284,3.12259,-0.632715
5.285,3.12948,-0.633346
5.286,3.13115,-0.632298
5.287,3.11385,-0.635191
5.288,3.12123,-0.588579
5.289,3.12824,-0.525238
5.29,3.11887,-0.525907
5.291,3.12105,-0.513317
5.292,3.11814,-0.479177
5.293,3.12452,-0.469219
5.294,3.12304,-0.457409
5.295,3.12152,-0.36825
5.296,3.12373,-0.359834
5.297,3.12326,-0.358237
5.298,3.1291,-0.359565
5.299,3.1223,-0.354936
5.3,3.12166,-0.354646
5.301,3.12694,-0.32318
5.302,3.10562,-0.234407
5.303,3.10824,-0.222687
5.304,3.10168,-0.221669
5.305,3.10912,-0.215817
5.306,3.12782,-0.165415
5.307,3.12225,-0.170115
5.308,3.12142,-0.150157
5.309,3.12102,-0.112859
5.31,3.11026,-0.0927155
5.311,3.11501,-0.0886251
5.312,3.11502,-0.0528068
5.313,3.10603,-0.0570897
5.314,3.1166,0.0338901
5.315,3.11309,0.0389378
5.316,3.11591,0.0507999
5.317,3.10968,0.0522874
5.318,3.10396,0.081017
5.319,3.11127,0.101185
5.32,3.11514,0.118073
5.321,3.12673,0.132672
5.322,3.10571,0.168024
5.323,3.11192,0.179543
5.324,3.11774,0.187421
5.325,3.11192,0.234215
5.326,3.11482,0.247573
5.327,3.10844,0.27006
5.328,3.10883,0.287001
5.329,3.1089,0.308882
5.33,3.10848,0.325293
5.331,3.10397,0.395438
5.332,3.11458,0.439107
5.333,3.11448,0.442595
5.334,3.11424,0.44756
5.335,3.11311,0.418068
5.336,3.11463,0.419001
5.337,3.09924,0.435063
5.338,3.1124,0.450335
5.339,3.10804,0.5182
5.34,3.10128,0.526551
5.341,3.10307,0.53196
5.342,3.10511,0.601288
5.343,3.10101,0.625481
5.344,3.09801,0.620162
5.345,3.09701,0.621833
5.346,3.11785,0.639199
5.347,3.1079,0.677738
5.348,3.10736,0.680111
5.349,3.11274,0.691429
5.35,3.11358,0.729191
5.351,3.11403,0.713528
5.352,3.11914,0.814871
5.353,3.11689,0.798134
5.354,3.11515,0.793743
5.355,3.12118,0.800576
5.356,3.10737,0.806037
5.357,3.11564,0.806267
5.358,3.10301,0.884045
5.359,3.11486,0.86031
5.36,3.11521,0.868272
5.361,3.11461,0.881931
5.362,3.11991,0.881205
5.363,3.10795,0.956299
5.364,3.1129,0.937483
5.365,3.109,0.935124
5.366,3.11204,0.940212
5.367,3.10577,0.96096
5.368,3.11314,0.946808
5.369,3.11442,0.987665
5.37,3.11238,0.967402
5.371,3.10394,1.02245
5.372,3.1213,1.02979
5.373,3.111,1.02433
5.374,3.1095,1.02519
5.375,3.124,1.03578
5.376,3.12494,1.03738
5.377,3.11227,1.03658
5.378,3.11966,1.04436
5.379,3.13745,1.07285
5.38,3.11506,1.05931
5.381,3.12406,1.06335
5.382,3.13696,1.09945
5.383,3.11331,1.07775
5.384,3.12143,1.08929
5.385,3.12159,1.10051
5.386,3.11666,1.10044
5.387,3.12056,1.11377
5.388,3.11736,1.10852
5.389,3.11066,1.10551
5.39,3.12232,1.11406
5.391,3.11956,1.12467
5.392,3.12053,1.11801
5.393,3.12193,1.12486
5.394,3.12573,1.12374
5.395,3.12703,1.12931
5.396,3.12442,1.12511
5.397,3.13318,1.12866
5.398,3.13417,1.14109
5.399,3.12964,1.12699
5.4,3.12779,1.12045
5.401,3.13392,1.13522
5.402,3.13216,1.10993
5.403,3.12498,1.11299
5.404,3.12368,1.11305
5.405,3.13756,1.12144
5.406,3.1385,1.1224
5.407,3.12773,1.12073
5.408,3.13293,1.09716
5.409,3.13413,1.10392
5.41,3.13061,1.08417
5.411,3.13032,1.09303
5.412,3.12813,1.08735
5.413,3.12066,1.0813
5.414,3.12256,1.05245
5.415,3.1289,1.06126
5.416,3.12924,1.04275
5.417,3.13004,1.04556
5.418,3.13037,1.02282
5.419,3.1286,1.02753
5.42,3.12954,1.02271
5.421,3.13357,1.02208
5.422,3.13632,0.98623
5.423,3.14436,0.993804
5.424,3.13451,0.993949
5.425,3.13623,0.979119
5.426,3.12064,0.962136
5.427,3.1307,0.953917
5.428,3.14129,0.953994
5.429,3.13915,0.936321
5.43,3.12855,0.925435
5.431,3.13343,0.915311
5.432,3.12955,0.906984
5.433,3.13554,0.897213
5.434,3.13038,0.883669
5.435,3.13742,0.84276
5.436,3.13288,0.83049
5.437,3.13253,0.829822
5.438,3.13686,0.834731
5.439,3.13791,0.83548
5.44,3.12783,0.826458
5.441,3.13023,0.787001
5.442,3.12555,0.768317
5.443,3.1286,0.768515
5.444,3.12358,0.702172
5.445,3.12835,0.692309
5.446,3.12392,0.69215
5.447,3.13003,0.690865
5.448,3.1236,0.684218
5.449,3.12323,0.636553
5.45,3.12457,0.636784
5.451,3.1241,0.601266
5.452,3.13413,0.608716
5.453,3.12616,0.579842
5.454,3.12564,0.572842
5.455,3.12828,0.567441
5.456,3.13489,0.543769
5.457,3.12986,0.521701
5.458,3.12972,0.479142
5.459,3.13378,0.472907
5.46,3.13098,0.464838
5.461,3.13338,0.436246
5.462,3.12999,0.426786
5.463,3.12841,0.397268
5.464,3.13102,0.38736
5.465,3.11945,0.239176
5.466,3.11928,0.235262
5.467,3.12246,0.269282
5.468,3.12339,0.269092
5.469,3.11265,0.248016
5.47,3.11113,0.246861
5.471,3.12804,0.248144
5.472,3.12971,0.249468
5.473,3.11144,0.226744
5.474,3.11023,0.225454
5.475,3.12445,0.23266
5.476,3.10954,0.123969
5.477,3.12001,0.115604
5.478,3.1235,0.10807
5.479,3.12835,0.100855
5.48,3.12236,0.0490128
5.481,3.13258,0.0191517
5.482,3.1324,0.00417388
5.483,3.12924,-0.00383838
5.484,3.13218,-0.0350287
5.485,3.12919,-0.0789469
5.486,3.12096,-0.0898518
5.487,3.12743,-0.0935965
5.488,3.12201,-0.10308
5.489,3.11267,-0.186588
5.49,3.10546,-0.182964
5.491,3.10474,-0.184499
5.492,3.11588,-0.192238
5.493,3.10683,-0.197843
5.494,3.11523,-0.289242
5.495,3.11348,-0.303863
5.496,3.11296,-0.295438
5.497,3.10584,-0.331833
5.498,3.09671,-0.335167
5.499,3.10989,-0.343462
5.5,3.10967,-0.361107
5.501,3.11496,-0.374381
5.502,3.1101,-0.383106
5.503,3.11635,-0.416815
5.504,3.12035,-0.462856
5.505,3.11758,-0.494241
5.506,3.11885,-0.490397
5.507,3.1189,-0.506768
5.508,3.12155,-0.525305
5.509,3.12007,-0.534859
5.51,3.12323,-0.56828
5.511,3.11681,-0.592161
5.512,3.12078,-0.593944
5.513,3.11976,-0.624448
5.514,3.12375,-0.631569
5.515,3.11717,-0.665574
5.516,3.12271,-0.664339
5.517,3.11196,-0.716855
5.518,3.11495,-0.720189
5.519,3.119,-0.716406
5.52,3.09265,-0.817608
5.521,3.11503,-0.807824
5.522,3.11523,-0.809217
5.523,3.10871,-0.823834
5.524,3.10899,-0.82562
5.525,3.10943,-0.827547
5.526,3.1045,-0.829005
5.527,3.10263,-0.830822
5.528,3.11909,-0.832058
5.529,3.11508,-0.841045
5.53,3.1373,-0.933013
5.531,3.12274,-0.897245
5.532,3.1292,-0.927685
5.533,3.11758,-0.931892
5.534,3.1248,-0.947639
5.535,3.1106,-0.958968
5.536,3.11699,-0.975819
5.537,3.10828,-0.980837
5.538,3.12388,-1.03151
5.539,3.11189,-1.04525
5.54,3.11054,-1.04771
5.541,3.12461,-1.0441
5.542,3.12507,-1.04551
5.543,3.11791,-1.05257
5.544,3.12413,-1.06268
5.545,3.14066,-1.05667
5.546,3.12149,-1.07391
5.547,3.13458,-1.06683
5.548,3.11497,-1.09447
5.549,3.12803,-1.12995
5.55,3.11588,-1.13811
5.551,3.10834,-1.11736
5.552,3.1087,-1.11898
5.553,3.11109,-1.12195
5.554,3.11258,-1.1371
5.555,3.11951,-1.13593
5.556,3.10904,-1.14473
5.557,3.11203,-1.1503
5.558,3.12324,-1.16722
5.559,3.12146,-1.15727
5.56,3.12599,-1.17999
5.561,3.12898,-1.16566
5.562,3.13002,-1.16631
5.563,3.12019,-1.17684
5.564,3.12904,-1.17425
5.565,3.1251,-1.17566
5.566,3.12318,-1.18036
5.567,3.11899,-1.17146
5.568,3.12469,-1.17217
5.569,3.11796,-1.18007
5.57,3.12359,-1.19319
5.571,3.12445,-1.1782
5.572,3.12332,-1.18245
5.573,3.12893,-1.16681
5.574,3.1194,-1.17146
5.575,3.13026,-1.16852
5.576,3.12452,-1.16519
5.577,3.13078,-1.17074
5.578,3.12678,-1.15896
5.579,3.13218,-1.1554
5.58,3.12356,-1.13663
5.581,3.13286,-1.13126
5.582,3.12544,-1.13658
5.583,3.12972,-1.13431
5.584,3.12486,-1.1135
5.585,3.12517,-1.11222
5.586,3.12512,-1.1144
5.587,3.12672,-1.09558
5.588,3.12436,-1.09856
5.589,3.1225,-1.0889
5.59,3.11913,-1.06368
5.591,3.12541,-1.06183
5.592,3.12167,-1.06188
5.593,3.11711,-1.04301
5.594,3.1206,-1.04384
5.595,3.11546,-1.02103
5.596,3.11826,-1.02577
5.597,3.10453,-0.932229
5.598,3.10816,-0.928988
5.599,3.10663,-0.929947
5.6,3.11839,-0.920509
5.601,3.11902,-0.919781
5.602,3.12059,-0.918355
5.603,3.1047,-0.93045
5.604,3.10348,-0.931672
5.605,3.11606,-0.918831
5.606,3.11672,-0.918972
5.607,3.11816,-0.918718
5.608,3.10415,-0.924363
5.609,3.11295,-0.913611
5.61,3.12774,-0.814782
5.611,3.13574,-0.797054
5.612,3.13514,-0.774441
5.613,3.13169,-0.74484
5.614,3.13301,-0.73297
5.615,3.12904,-0.71585
5.616,3.12766,-0.699798
5.617,3.12217,-0.688658
5.618,3.11914,-0.676269
5.619,3.11486,-0.664852
5.62,3.10321,-0.645301
5.621,3.10793,-0.635959
5.622,3.08382,-0.536291
5.623,3.09024,-0.549766
5.624,3.08926,-0.549903
5.625,3.09641,-0.534321
5.626,3.09686,-0.532486
5.627,3.08968,-0.542759
5.628,3.08886,-0.543677
5.629,3.09616,-0.526172
5.63,3.10184,-0.428742
5.631,3.11337,-0.432737
5.632,3.11711,-0.423786
5.633,3.13052,-0.412528
5.634,3.12392,-0.348747
5.635,3.13711,-0.343804
5.636,3.12886,-0.340848
5.637,3.12562,-0.303189
5.638,3.12201,-0.292585
5.639,3.11591,-0.264676
5.64,3.11575,-0.25858
5.641,3.11522,-0.236187
5.642,3.08561,-0.168579
5.643,3.09298,-0.15489
5.644,3.09407,-0.153517
5.645,3.08059,-0.150868
5.646,3.07925,-0.150428
5.647,3.09337,-0.140134
5.648,3.09523,-0.0638097
5.649,3.09963,-0.0429378
5.65,3.0858,-0.0271372
5.651,3.0956,0.0160371
5.652,3.09413,0.00035802
5.653,3.10029,0.0261564
5.654,3.0945,0.0234715
5.655,3.10701,0.0750997
5.656,3.10861,0.0943939
5.657,3.11267,0.117039
5.658,3.11326,0.129432
5.659,3.11301,0.20343
5.66,3.12487,0.212107
5.661,3.12626,0.214969
5.662,3.11169,0.206893
5.663,3.11965,0.216321
5.664,3.12317,0.277619
5.665,3.11064,0.271696
5.666,3.1139,0.304974
5.667,3.09995,0.348858
5.668,3.09583,0.349872
5.669,3.10246,0.35842
5.67,3.10305,0.387365
5.671,3.10102,0.389236
5.672,3.09776,0.42356
5.673,3.09638,0.426922
5.674,3.09401,0.454333
5.675,3.09721,0.463587
5.676,3.09444,0.545234
5.677,3.10111,0.546505
5.678,3.10183,0.54854
5.679,3.09342,0.552644
5.68,3.10167,0.559222
5.681,3.09555,0.55983
5.682,3.10215,0.56709
5.683,3.1022,0.614965
5.684,3.10395,0.619953
5.685,3.10391,0.640535
5.686,3.10308,0.643505
5.687,3.10471,0.714608
5.688,3.10552,0.721048
5.689,3.10308,0.73538
5.69,3.10734,0.746123
5.691,3.0983,0.76562
5.692,3.10611,0.766044
5.693,3.1013,0.77882
5.694,3.11452,0.793345
5.695,3.12124,0.840977
5.696,3.11099,0.830933
5.697,3.10966,0.831013
5.698,3.12417,0.852104
5.699,3.12022,0.851167
5.7,3.1194,0.852632
5.701,3.10683,0.884948
5.702,3.11522,0.892824
5.703,3.10893,0.893594
5.704,3.10499,0.906275
5.705,3.11354,0.913076
5.706,3.11139,0.934329
5.707,3.10801,0.947394
5.708,3.10091,0.971109
5.709,3.1069,0.981539
5.71,3.10256,0.995306
5.711,3.10428,0.996052
5.712,3.1067,1.00243
5.713,3.10702,1.05917
5.714,3.11015,1.06594
5.715,3.11065,1.06959
5.716,3.1061,1.05451
5.717,3.10979,1.0632
5.718,3.1091,1.06967
5.719,3.11372,1.06245
5.72,3.11405,1.06301
5.721,3.10937,1.07554
5.722,3.11368,1.0737
5.723,3.12603,1.12812
5.724,3.13135,1.09435
5.725,3.13975,1.09118
5.726,3.14265,1.06989
5.727,3.11741,1.11052
5.728,3.12453,1.08831
5.729,3.10862,1.11519
5.73,3.11023,1.10723
5.731,3.10145,1.12278
5.732,3.10374,1.12063
5.733,3.09968,1.13154
5.734,3.10666,1.11691
5.735,3.10585,1.13865
5.736,3.1087,1.12209
5.737,3.11801,1.13357
5.738,3.13417,1.08221
5.739,3.14554,1.11636
5.74,3.14649,1.11894
5.741,3.13786,1.10253
5.742,3.1374,1.10282
5.743,3.13636,1.10218
5.744,3.1477,1.11852
5.745,3.13841,1.10892
5.746,3.13564,1.10938
5.747,3.09576,1.13365
5.748,3.09751,1.10464
5.749,3.10322,1.10939
5.75,3.11659,1.10962
5.751,3.10995,1.08781
5.752,3.11371,1.08428
5.753,3.11898,1.07193
5.754,3.11651,1.06124
5.755,3.11578,1.05472
5.756,3.11759,1.03749
5.757,3.12081,1.0322
5.758,3.11348,1.04286
5.759,3.10594,1.03845
5.76,3.11046,1.00311
5.761,3.1183,1.01464
5.762,3.11749,0.996311
5.763,3.12293,1.0107
5.764,3.12815,0.966069
5.765,3.12692,0.96618
5.766,3.13142,0.976849
5.767,3.1319,0.978002
5.768,3.13883,0.949211
5.769,3.12618,0.943213
5.77,3.14013,0.939439
5.771,3.13078,0.926983
5.772,3.13309,0.896637
5.773,3.13849,0.891631
5.774,3.13276,0.883017
5.775,3.13403,0.855559
5.776,3.13024,0.845929
5.777,3.1321,0.827849
5.778,3.13023,0.81488
5.779,3.12733,0.716951
5.78,3.12383,0.708043
5.781,3.12331,0.706737
5.782,3.12951,0.712501
5.783,3.13076,0.712873
5.784,3.11857,0.702156
5.785,3.11764,0.701327
5.786,3.12881,0.706129
5.787,3.12974,0.706762
5.788,3.11915,0.696598
5.789,3.11971,0.582701
5.79,3.12969,0.588732
5.791,3.12748,0.577512
5.792,3.1351,0.586279
5.793,3.12143,0.551994
5.794,3.11772,0.557062
5.795,3.12404,0.544001
5.796,3.12479,0.531522
5.797,3.12151,0.496078
5.798,3.11767,0.485043
5.799,3.12312,0.449047
5.8,3.12976,0.409524
5.801,3.13148,0.39141
5.802,3.13162,0.391183
5.803,3.12616,0.369336
5.804,3.13369,0.314282
5.805,3.13166,0.312217
5.806,3.13529,0.3105
5.807,3.13046,0.303251
5.808,3.13037,0.180273
5.809,3.12348,0.189
5.81,3.12445,0.16488
5.811,3.12549,0.162669
5.812,3.11145,0.172284
5.813,3.10154,0.140416
5.814,3.10156,0.1428
5.815,3.10154,0.141779
5.816,3.12758,0.126245
5.817,3.12258,0.111049
5.818,3.1238,0.0797421
5.819,3.12062,0.0188653
5.82,3.11,0.00806976
5.821,3.13196,-0.0106588
5.822,3.12269,-0.0249079
5.823,3.12598,-0.0872775
5.824,3.13552,-0.0891177
5.825,3.12789,-0.0984229
5.826,3.14156,-0.166357
5.827,3.14489,-0.180684
5.828,3.13535,-0.184127
5.829,3.11786,-0.236948
5.83,3.11757,-0.239945
5.831,3.11891,-0.244229
5.832,3.13481,-0.264035
5.833,3.13385,-0.272445
5.834,3.10138,-0.305786
5.835,3.11962,-0.324015
5.836,3.1015,-0.365921
5.837,3.11523,-0.365372
5.838,3.11046,-0.386505
5.839,3.10787,-0.407208
5.84,3.11398,-0.422095
5.841,3.11043,-0.43856
5.842,3.13434,-0.491509
5.843,3.11566,-0.508314
5.844,3.11488,-0.510833
5.845,3.12634,-0.505745
5.846,3.12109,-0.515829
5.847,3.11969,-0.565426
5.848,3.1245,-0.563136
5.849,3.11306,-0.608055
5.85,3.12015,-0.627394
5.851,3.11661,-0.637797
5.852,3.11626,-0.639143
5.853,3.12069,-0.642794
5.854,3.10518,-0.697049
5.855,3.12185,-0.701672
5.856,3.11469,-0.714109
5.857,3.11081,-0.745842
5.858,3.11406,-0.760171
5.859,3.10972,-0.768412
5.86,3.11441,-0.78895
5.861,3.11069,-0.797047
5.862,3.12241,-0.834442
5.863,3.11493,-0.849313
5.864,3.11524,-0.852048
5.865,3.1134,-0.84445
5.866,3.12247,-0.886722
5.867,3.11457,-0.888705
5.868,3.12755,-0.902392
5.869,3.1171,-0.915799
5.87,3.13263,-0.984686
5.871,3.13155,-0.987149
5.872,3.13288,-0.987953
5.873,3.12139,-1.00258
5.874,3.12062,-1.00534
5.875,3.11897,-1.00887
5.876,3.13457,-0.996133
5.877,3.13597,-0.996489
5.878,3.12064,-1.01319
5.879,3.11967,-1.01506
5.88,3.129,-1.05144
5.881,3.10667,-1.03814
5.882,3.11117,-1.06076
5.883,3.09982,-1.07545
5.884,3.09842,-1.09008
5.885,3.10381,-1.08378
5.886,3.10242,-1.08888
5.887,3.12292,-1.0987
5.888,3.11499,-1.10554
5.889,3.11682,-1.10851
5.89,3.12509,-1.12527
5.891,3.12565,-1.11682
5.892,3.13598,-1.12023
5.893,3.12867,-1.13466
5.894,3.13363,-1.13703
5.895,3.13816,-1.15151
5.896,3.12091,-1.15874
5.897,3.11855,-1.16017
5.898,3.14372,-1.16128
5.899,3.14501,-1.1629
5.9,3.12878,-1.16336
5.901,3.13251,-1.16179
5.902,3.13611,-1.1619
5.903,3.11751,-1.15501
5.904,3.11884,-1.17445
5.905,3.1112,-1.16371
5.906,3.12013,-1.17646
5.907,3.11249,-1.16262
5.908,3.13539,-1.14769
5.909,3.10235,-1.17546
5.91,3.10097,-1.1781
5.911,3.11806,-1.16038
5.912,3.11424,-1.16409
5.913,3.12666,-1.147
5.914,3.13033,-1.13363
5.915,3.11447,-1.15791
5.916,3.13036,-1.13362
5.917,3.12775,-1.1508
5.918,3.11947,-1.14465
5.919,3.13301,-1.14179
5.92,3.14121,-1.12206
5.921,3.13307,-1.14053
5.922,3.13974,-1.12221
5.923,3.15291,-1.08521
5.924,3.14867,-1.10146
5.925,3.13364,-1.10466
5.926,3.13965,-1.10186
5.927,3.11955,-1.07098
5.928,3.11513,-1.07916
5.929,3.12276,-1.04344
5.93,3.11561,-1.05605
5.931,3.10595,-1.05377
5.932,3.13087,-1.028
5.933,3.11248,-1.03753
5.934,3.13598,-0.979282
5.935,3.13149,-0.977609
5.936,3.13144,-0.976923
5.937,3.13236,-0.983339
5.938,3.13373,-0.982906
5.939,3.1082,-0.979551
5.94,3.13363,-0.945851
5.941,3.10996,-0.919867
5.942,3.12222,-0.905884
5.943,3.12807,-0.900622
5.944,3.1293,-0.873351
5.945,3.13101,-0.883879
5.946,3.1289,-0.855937
5.947,3.12658,-0.855639
5.948,3.13018,-0.832996
5.949,3.12098,-0.821363
5.95,3.12906,-0.806699
5.951,3.10733,-0.706513
5.952,3.12841,-0.698744
5.953,3.12926,-0.697631
5.954,3.11723,-0.700807
5.955,3.11607,-0.701462
5.956,3.12848,-0.687588
5.957,3.12962,-0.686815
5.958,3.11717,-0.691682
5.959,3.11639,-0.69244
5.96,3.12596,-0.680909
5.961,3.11677,-0.610041
5.962,3.12516,-0.592954
5.963,3.11723,-0.606243
5.964,3.11226,-0.548088
5.965,3.1191,-0.553469
5.966,3.12849,-0.473859
5.967,3.1206,-0.480892
5.968,3.12652,-0.473686
5.969,3.12694,-0.437782
5.97,3.12518,-0.434442
5.971,3.12514,-0.403376
5.972,3.12736,-0.394764
5.973,3.11562,-0.374892
5.974,3.11171,-0.300798
5.975,3.11169,-0.286215
5.976,3.11121,-0.284321
5.977,3.11616,-0.289747
5.978,3.10656,-0.28326
5.979,3.11112,-0.24301
5.98,3.11096,-0.239983
5.981,3.11926,-0.221148
5.982,3.11395,-0.176422
5.983,3.12148,-0.162884
5.984,3.11919,-0.148289
5.985,3.10605,-0.128613
5.986,3.11983,-0.101008
5.987,3.11415,-0.0386866
5.988,3.10702,-0.0414362
5.989,3.1056,-0.0412809
5.99,3.1203,-0.0241061
5.991,3.12296,0.0173761
5.992,3.11123,0.0228314
5.993,3.12366,0.0485518
5.994,3.1212,0.129571
5.995,3.11229,0.124081
5.996,3.11068,0.124745
5.997,3.12775,0.139811
5.998,3.12883,0.141399
5.999,3.11619,0.140874
6,3.10039,0.227047
6.001,3.11237,0.220883
6.002,3.10331,0.230467
6.003,3.1082,0.233106
6.004,3.11438,0.283447
6.005,3.11276,0.277738
6.006,3.11225,0.315463
6.007,3.11684,0.332304
6.008,3.10968,0.364219
6.009,3.11466,0.372617
6.01,3.10747,0.397072
6.011,3.11061,0.485138
6.012,3.11351,0.509732
6.013,3.11446,0.512502
6.014,3.1047,0.506043
6.015,3.10385,0.50666
6.016,3.11251,0.521437
6.017,3.11302,0.523175
6.018,3.11405,0.525243
6.019,3.10494,0.522335
6.02,3.12581,0.608813
6.021,3.10788,0.610148
6.022,3.11212,0.629227
6.023,3.11897,0.670615
6.024,3.10707,0.656472
6.025,3.129,0.706042
6.026,3.11367,0.696196
6.027,3.10621,0.751088
6.028,3.12398,0.764633
6.029,3.12497,0.765929
6.03,3.113,0.774396
6.031,3.12254,0.782353
6.032,3.1179,0.787608
6.033,3.13998,0.837032
6.034,3.12001,0.83572
6.035,3.12139,0.8452
6.036,3.12739,0.846497
6.037,3.10243,0.90186
6.038,3.11012,0.9013
6.039,3.10413,0.907226
6.04,3.10247,0.903618
6.041,3.11949,0.925395
6.042,3.11305,0.939225
6.043,3.11791,0.938503
6.044,3.12162,1.01672
6.045,3.13155,1.01737
6.046,3.13311,1.02023
6.047,3.11753,1.0163
6.048,3.11646,1.01805
6.049,3.12996,1.02425
6.05,3.12478,1.02179
6.051,3.11245,1.01155
6.052,3.12202,1.01027
6.053,3.11288,1.04144
6.054,3.11938,1.04224
6.055,3.11478,1.05464
6.056,3.11722,1.07875
6.057,3.1398,1.10788
6.058,3.12188,1.1103
6.059,3.13073,1.12043
6.06,3.11631,1.09921
6.061,3.11625,1.10348
6.062,3.11947,1.10425
6.063,3.13066,1.10755
6.064,3.12345,1.12934
6.065,3.12235,1.11306
6.066,3.13155,1.13429
6.067,3.12792,1.1214
6.068,3.14375,1.13551
6.069,3.13256,1.14719
6.07,3.1311,1.14822
6.071,3.14866,1.15171
6.072,3.1504,1.1539
6.073,3.13182,1.14696
6.074,3.13124,1.14785
6.075,3.14043,1.15438
6.076,3.13319,1.1508
6.077,3.11258,1.1257
6.078,3.09422,1.10891
6.079,3.14011,1.10165
6.08,3.1297,1.10923
6.081,3.13128,1.11914
6.082,3.13551,1.12363
6.083,3.13683,1.1297
6.084,3.12552,1.12772
6.085,3.13605,1.12017
6.086,3.12823,1.11389
6.087,3.1272,1.11459
6.088,3.13705,1.10869
6.089,3.11958,1.07843
6.09,3.12625,1.08312
6.091,3.13294,1.0925
6.092,3.11871,1.05989
6.093,3.12583,1.07014
6.094,3.15928,1.0722
6.095,3.13463,1.0405
6.096,3.13391,1.04178
6.097,3.14441,1.04053
6.098,3.14593,1.0429
6.099,3.13146,1.0298
6.1,3.13815,1.03048
6.101,3.12619,0.9823
6.102,3.12888,0.970009
6.103,3.15781,0.9934
6.104,3.14948,0.980689
6.105,3.12676,0.917067
6.106,3.15447,0.957069
6.107,3.14026,0.923863
6.108,3.15013,0.930928
6.109,3.11553,0.820242
6.11,3.12854,0.835526
6.111,3.12884,0.834829
6.112,3.12176,0.832186
6.113,3.1596,0.858121
6.114,3.14249,0.838125
6.115,3.13792,0.831035
6.116,3.13008,0.818422
6.117,3.12176,0.798471
6.118,3.11369,0.774501
6.119,3.14104,0.783888
6.12,3.1123,0.717594
6.121,3.13151,0.730803
6.122,3.1293,0.728854
6.123,3.13861,0.70191
6.124,3.14265,0.695758
6.125,3.11564,0.667817
6.126,3.13821,0.659463
6.127,3.13592,0.555043
6.128,3.13227,0.549387
6.129,3.13107,0.548321
6.13,3.14415,0.548268
6.131,3.1455,0.548342
6.132,3.12985,0.538399
6.133,3.13638,0.537437
6.134,3.12985,0.527718
6.135,3.12502,0.421786
6.136,3.13358,0.420793
6.137,3.13839,0.42083
6.138,3.1458,0.401853
6.139,3.13345,0.386116
6.14,3.13604,0.364937
6.141,3.11279,0.268718
6.142,3.12812,0.267759
6.143,3.1209,0.266077
6.144,3.12834,0.263688
6.145,3.13832,0.252084
6.146,3.14158,0.236692
6.147,3.11045,0.171683
6.148,3.12223,0.172076
6.149,3.11784,0.165315
6.15,3.14574,0.139568
6.151,3.14386,0.152851
6.152,3.10906,0.117007
6.153,3.11672,0.112175
6.154,3.12526,0.0644534
6.155,3.12747,0.0634241
6.156,3.12905,0.010126
6.157,3.11823,-0.00390485
6.158,3.12846,-0.00294419
6.159,3.12316,-0.0118872
6.16,3.13752,-0.0630606
6.161,3.13427,-0.0733201
6.162,3.12577,-0.0818012
6.163,3.13329,-0.0881615
6.164,3.13582,-0.178777
6.165,3.12882,-0.179592
6.166,3.12781,-0.186729
6.167,3.12669,-0.187994
6.168,3.12218,-0.196113
6.169,3.11533,-0.260444
6.17,3.11496,-0.270687
6.171,3.12614,-0.296484
6.172,3.12022,-0.298713
6.173,3.11489,-0.30565
6.174,3.11324,-0.346003
6.175,3.10949,-0.347657
6.176,3.13237,-0.375844
6.177,3.11657,-0.393467
6.178,3.12058,-0.467476
6.179,3.12832,-0.466969
6.18,3.1218,-0.478003
6.181,3.13015,-0.47789
6.182,3.12561,-0.487215
6.183,3.13307,-0.536753
6.184,3.12422,-0.540965
6.185,3.1222,-0.554382
6.186,3.13625,-0.576231
6.187,3.12589,-0.63416
6.188,3.12943,-0.648403
6.189,3.12986,-0.650293
6.19,3.12297,-0.653639
6.191,3.13446,-0.667123
6.192,3.12554,-0.672327
6.193,3.1053,-0.740457
6.194,3.11249,-0.738053
6.195,3.14624,-0.739749
6.196,3.12955,-0.737405
6.197,3.11909,-0.753172
6.198,3.12219,-0.76037
6.199,3.12572,-0.793984
6.2,3.10698,-0.814809
6.201,3.12615,-0.837684
6.202,3.11557,-0.835541
6.203,3.12579,-0.847901
6.204,3.12984,-0.871638
6.205,3.12809,-0.877502
6.206,3.11995,-0.89507
6.207,3.12974,-0.900154
6.208,3.12808,-0.920331
6.209,3.13221,-0.926238
6.21,3.12425,-0.939579
6.211,3.1369,-0.994325
6.212,3.12873,-0.993379
6.213,3.12799,-0.995275
6.214,3.13569,-0.998163
6.215,3.13641,-0.999736
6.216,3.12874,-1.0035
6.217,3.13655,-1.02517
6.218,3.12886,-1.03326
6.219,3.12603,-1.03746
6.22,3.13499,-1.05404
6.221,3.12091,-1.07704
6.222,3.12769,-1.07732
6.223,3.1282,-1.07837
6.224,3.12137,-1.08639
6.225,3.12503,-1.08883
6.226,3.1324,-1.11292
6.227,3.12944,-1.10447
6.228,3.13201,-1.11637
6.229,3.12693,-1.12874
6.23,3.13739,-1.13931
6.231,3.13721,-1.14057
6.232,3.13805,-1.14388
6.233,3.13906,-1.14461
6.234,3.12957,-1.15176
6.235,3.12875,-1.15367
6.236,3.13822,-1.14897
6.237,3.13344,-1.15622
6.238,3.14034,-1.19537
6.239,3.14079,-1.15486
6.24,3.12923,-1.17374
6.241,3.12715,-1.14446
6.242,3.13593,-1.15137
6.243,3.13118,-1.15745
6.244,3.12361,-1.15769
6.245,3.13358,-1.15164
6.246,3.12608,-1.16144
6.247,3.12923,-1.1538
6.248,3.12966,-1.1545
6.249,3.13447,-1.14352
6.25,3.13224,-1.13165
6.251,3.13243,-1.14708
6.252,3.14478,-1.13472
6.253,3.14629,-1.13625
6.254,3.13162,-1.13257
6.255,3.13895,-1.12875
6.256,3.13282,-1.13169
6.257,3.13253,-1.10372
6.258,3.13625,-1.09567
6.259,3.129,-1.10817
6.26,3.13907,-1.1247
6.261,3.13241,-1.10773
6.262,3.13299,-1.10797
6.263,3.13233,-1.08937
6.264,3.13046,-1.08142
6.265,3.13506,-1.0774
6.266,3.13578,-1.07755
6.267,3.1189,-1.07125
6.268,3.14006,-1.05209
6.269,3.12069,-1.05054
6.27,3.12972,-1.03584
6.271,3.12966,-1.0276
6.272,3.12759,-1.02084
6.273,3.13143,-1.00515
6.274,3.13003,-1.00974
6.275,3.12851,-0.979963
6.276,3.13633,-0.964121
6.277,3.12791,-0.970722
6.278,3.13303,-0.963822
6.279,3.13134,-0.919332
6.28,3.13063,-0.922146
6.281,3.1358,-0.898262
6.282,3.12435,-0.910698
6.283,3.12955,-0.902008
6.284,3.12674,-0.869912
6.285,3.12778,-0.857496
6.286,3.13152,-0.833972
6.287,3.13082,-0.832012
6.288,3.13055,-0.754572
6.289,3.12893,-0.736015
6.29,3.12908,-0.73449
6.291,3.12641,-0.745093
6.292,3.13261,-0.732027
6.293,3.13345,-0.732059
6.294,3.12243,-0.72809
6.295,3.11937,-0.666572
6.296,3.11168,-0.65154
6.297,3.13698,-0.652759
6.298,3.11959,-0.634075
6.299,3.12995,-0.62368
6.3,3.11703,-0.506253
6.301,3.107,-0.512292
6.302,3.12022,-0.501255
6.303,3.11824,-0.50557
6.304,3.12665,-0.497392
6.305,3.12272,-0.500858
6.306,3.1296,-0.492671
6.307,3.13724,-0.435848
6.308,3.13381,-0.416398
6.309,3.10967,-0.394777
6.31,3.1051,-0.381548
6.311,3.1239,-0.369086
6.312,3.10564,-0.349897
6.313,3.11512,-0.331739
6.314,3.10837,-0.258243
6.315,3.12193,-0.25107
6.316,3.12172,-0.250294
6.317,3.12215,-0.24184
6.318,3.13326,-0.202449
6.319,3.11857,-0.200052
6.32,3.12401,-0.194048
6.321,3.11297,-0.161824
6.322,3.10873,-0.155177
6.323,3.12335,-0.109914
6.324,3.11574,-0.0931201
6.325,3.11651,-0.0404322
6.326,3.11958,-0.0401561
6.327,3.11861,-0.018031
6.328,3.11798,-0.0203497
6.329,3.12501,0.0316229
6.33,3.11976,0.0348938
6.331,3.12355,0.0552096
6.332,3.12739,0.0875107
6.333,3.12003,0.0890622
6.334,3.11161,0.223881
6.335,3.11628,0.230906
6.336,3.11657,0.23202
6.337,3.11145,0.247313
6.338,3.1113,0.250404
6.339,3.11375,0.238515
6.34,3.1135,0.238378
6.341,3.1152,0.2615
6.342,3.11389,0.255585
6.343,3.11842,0.265489
6.344,3.14093,0.335112
6.345,3.13319,0.362754
6.346,3.13031,0.384582
6.347,3.12424,0.410554
6.348,3.12384,0.429017
6.349,3.11801,0.440174
6.35,3.11963,0.483626
6.351,3.11674,0.480881
6.352,3.11972,0.508263
6.353,3.12572,0.600759
6.354,3.11418,0.600993
6.355,3.11275,0.602047
6.356,3.12744,0.616494
6.357,3.1284,0.61904
6.358,3.1176,0.615382
6.359,3.1004,0.647366
6.36,3.11487,0.662101
6.361,3.10459,0.654255
6.362,3.1349,0.684415
6.363,3.13017,0.680687
6.364,3.12258,0.73372
6.365,3.1305,0.746526
6.366,3.11896,0.750566
6.367,3.11282,0.783376
6.368,3.10551,0.780733
6.369,3.11025,0.818023
6.37,3.10355,0.814121
6.371,3.11404,0.83404
6.372,3.14424,0.899419
6.373,3.14148,0.891915
6.374,3.14224,0.893321
6.375,3.13599,0.902937
6.376,3.13529,0.904359
6.377,3.14413,0.910034
6.378,3.11168,0.927577
6.379,3.12144,0.930086
6.38,3.12167,0.932985
6.381,3.1378,0.956365
6.382,3.12689,0.96687
6.383,3.12524,1.00323
6.384,3.12816,1.01043
6.385,3.12827,1.01126
6.386,3.12682,1.02238
6.387,3.11159,1.03441
6.388,3.11071,1.03443
6.389,3.12195,1.03532
6.39,3.12024,1.04548
6.391,3.12479,1.06356
6.392,3.1308,1.0635
6.393,3.16708,1.12373
6.394,3.1431,1.11898
6.395,3.15548,1.12887
6.396,3.13456,1.07809
6.397,3.13446,1.11763
6.398,3.13137,1.10001
6.399,3.13085,1.11832
6.4,3.15841,1.1211
6.401,3.16243,1.14498
6.402,3.13936,1.10863
6.403,3.14739,1.12918
6.404,3.14984,1.13935
6.405,3.11547,1.15927
6.406,3.11441,1.15464
6.407,3.11661,1.12279
6.408,3.12189,1.15179
6.409,3.11908,1.15091
6.41,3.09033,1.1308
6.411,3.11448,1.14835
6.412,3.10075,1.13477
6.413,3.11134,1.13384
6.414,3.1165,1.11441
6.415,3.12008,1.11007
6.416,3.12125,1.11259
6.417,3.10901,1.09797
6.418,3.11872,1.10508
6.419,3.11814,1.1023
6.42,3.17466,1.09462
6.421,3.14943,1.07972
6.422,3.16417,1.0781
6.423,3.15303,1.08534
6.424,3.15729,1.08435
6.425,3.15652,1.07346
6.426,3.14226,1.06366
6.427,3.14449,1.07335
6.428,3.14465,1.06626
6.429,3.13519,1.04093
6.43,3.14744,1.05944
6.431,3.13841,1.0317
6.432,3.13686,1.0318
6.433,3.14202,1.0343
6.434,3.13177,1.0219
6.435,3.13343,1.02134
6.436,3.10817,1.0056
6.437,3.10539,0.984133
6.438,3.11387,0.99537
6.439,3.13499,0.985102
6.44,3.12783,0.981657
6.441,3.13405,0.981795
6.442,3.11489,0.93573
6.443,3.13442,0.948576
6.444,3.13224,0.919819
6.445,3.14332,0.933612
6.446,3.13884,0.889727
6.447,3.14092,0.901892
6.448,3.14654,0.895103
6.449,3.13519,0.838991
6.45,3.14995,0.853587
6.451,3.13957,0.828465
6.452,3.15769,0.817624
6.453,3.14239,0.772884
6.454,3.1594,0.778537
6.455,3.15503,0.634363
6.456,3.13859,0.631537
6.457,3.13729,0.630328
6.458,3.15442,0.632118
6.459,3.15537,0.632469
6.46,3.14466,0.619851
6.461,3.14372,0.61859
6.462,3.15487,0.625386
6.463,3.15612,0.625866
6.464,3.14273,0.614111
6.465,3.14773,0.565654
6.466,3.14091,0.536233
6.467,3.12737,0.547926
6.468,3.12645,0.51975
6.469,3.12609,0.51728
6.47,3.13222,0.469862
6.471,3.13207,0.476817
6.472,3.13318,0.470135
6.473,3.12795,0.448591
6.474,3.11734,0.39177
6.475,3.13049,0.385532
6.476,3.1318,0.38544
6.477,3.11537,0.374894
6.478,3.12358,0.375426
6.479,3.13847,0.337948
6.48,3.12705,0.331497
6.481,3.13792,0.311471
6.482,3.12451,0.294076
6.483,3.12895,0.270347
6.484,3.12787,0.256269
6.485,3.13768,0.215737
6.486,3.13267,0.204898
6.487,3.13236,0.200229
6.488,3.1347,0.158619
6.489,3.13694,0.148807
6.49,3.14633,0.139262
6.491,3.13753,0.124186
6.492,3.13729,0.0904865
6.493,3.14285,0.0805236
6.494,3.12702,-0.0293748
6.495,3.14117,-0.0214768
6.496,3.14207,-0.0222231
6.497,3.13089,-0.0362404
6.498,3.12992,-0.0382188
6.499,3.14124,-0.0333793
6.5,3.13991,-0.100161
6.501,3.129,-0.103165
6.502,3.14291,-0.133104
6.503,3.12306,-0.162581
6.504,3.14057,-0.170192
6.505,3.12451,-0.274538
6.506,3.13099,-0.268955
6.507,3.12999,-0.281193
6.508,3.12825,-0.284469
6.509,3.12919,-0.302837
6.51,3.125,-0.307615
6.511,3.13115,-0.35692
6.512,3.12683,-0.365351
6.513,3.12935,-0.372689
6.514,3.12734,-0.40665
6.515,3.13527,-0.41149
6.516,3.12421,-0.44233
6.517,3.13446,-0.446791
6.518,3.13055,-0.520823
6.519,3.11925,-0.525269
6.52,3.11774,-0.528124
6.521,3.13365,-0.52272
6.522,3.13456,-0.523709
6.523,3.12309,-0.535535
6.524,3.13424,-0.598296
6.525,3.14947,-0.592549
6.526,3.13733,-0.622466
6.527,3.13844,-0.620929
6.528,3.13975,-0.652602
6.529,3.12274,-0.672285
6.53,3.13196,-0.675371
6.531,3.10934,-0.78507
6.532,3.11872,-0.77008
6.533,3.11907,-0.77141
6.534,3.11329,-0.785927
6.535,3.12224,-0.783345
6.536,3.12289,-0.784491
6.537,3.11535,-0.793578
6.538,3.12114,-0.797097
6.539,3.13654,-0.866276
6.54,3.13187,-0.848921
6.541,3.14186,-0.853011
6.542,3.12517,-0.904872
6.543,3.13255,-0.88179
6.544,3.12279,-0.90973
6.545,3.11626,-0.962473
6.546,3.11665,-0.959114
6.547,3.10548,-0.971848
6.548,3.1088,-0.972923
6.549,3.14672,-0.992583
6.55,3.14352,-0.983277
6.551,3.14461,-1.02392
6.552,3.14468,-1.0041
6.553,3.14494,-1.00468
6.554,3.13603,-1.04034
6.555,3.11283,-1.05752
6.556,3.11693,-1.07103
6.557,3.12939,-1.05431
6.558,3.13386,-1.06106
6.559,3.12995,-1.0655
6.56,3.13546,-1.08926
6.561,3.139,-1.08562
6.562,3.13468,-1.08949
6.563,3.13136,-1.09798
6.564,3.11331,-1.13287
6.565,3.12625,-1.12663
6.566,3.11771,-1.13151
6.567,3.11668,-1.13386
6.568,3.12654,-1.12832
6.569,3.14767,-1.11585
6.57,3.14545,-1.12322
6.571,3.13891,-1.13667
6.572,3.12656,-1.14609
6.573,3.12523,-1.16214
6.574,3.12453,-1.1511
6.575,3.14653,-1.15899
6.576,3.12495,-1.18303
6.577,3.12365,-1.18576
6.578,3.1418,-1.15732
6.579,3.12406,-1.17566
6.58,3.13195,-1.17055
6.581,3.12651,-1.17259
6.582,3.13555,-1.16842
6.583,3.13574,-1.16782
6.584,3.14017,-1.16774
6.585,3.12437,-1.16595
6.586,3.13788,-1.17
6.587,3.1366,-1.17099
6.588,3.12459,-1.16015
6.589,3.13384,-1.16533
6.59,3.12537,-1.16499
6.591,3.12874,-1.15246
6.592,3.12069,-1.15538
6.593,3.12462,-1.1113
6.594,3.1177,-1.11718
6.595,3.11684,-1.11857
6.596,3.12481,-1.11131
6.597,3.12547,-1.11162
6.598,3.11702,-1.11771
6.599,3.11562,-1.11953
6.6,3.12811,-1.10972
6.601,3.12827,-1.11049
6.602,3.1233,-1.11302
6.603,3.17714,-1.06071
6.604,3.1788,-1.06298
6.605,3.15864,-1.06877
6.606,3.11966,-1.04563
6.607,3.12626,-1.02653
6.608,3.12037,-1.01123
6.609,3.12627,-0.985136
6.61,3.13718,-0.975318
6.611,3.12168,-0.969315
6.612,3.12087,-0.962262
6.613,3.11617,-0.951662
6.614,3.12036,-0.936434
6.615,3.13827,-0.873495
6.616,3.12303,-0.879168
6.617,3.12169,-0.879824
6.618,3.13794,-0.868537
6.619,3.13892,-0.868106
6.62,3.12503,-0.872042
6.621,3.1074,-0.814884
6.622,3.11832,-0.810772
6.623,3.13524,-0.802374
6.624,3.14079,-0.794892
6.625,3.13099,-0.783621
6.626,3.11723,-0.749539
6.627,3.1064,-0.748766
6.628,3.13754,-0.748225
6.629,3.11902,-0.728242
6.63,3.13608,-0.679446
6.631,3.11995,-0.674129
6.632,3.12414,-0.662025
6.633,3.13223,-0.646191
6.634,3.11999,-0.6237
6.635,3.12607,-0.608773
6.636,3.12228,-0.586973
6.637,3.13468,-0.493988
6.638,3.12439,-0.48613
6.639,3.1251,-0.484655
6.64,3.12595,-0.483062
6.641,3.11915,-0.486847
6.642,3.1182,-0.487436
6.643,3.12885,-0.471478
6.644,3.1189,-0.473483
6.645,3.12163,-0.462375
6.646,3.10465,-0.334848
6.647,3.1087,-0.349194
6.648,3.11016,-0.358958
6.649,3.11929,-0.347815
6.65,3.11663,-0.307845
6.651,3.11168,-0.313098
6.652,3.12066,-0.276182
6.653,3.11745,-0.272745
6.654,3.12525,-0.22536
6.655,3.13746,-0.161034
6.656,3.13357,-0.150655
6.657,3.13433,-0.149096
6.658,3.12797,-0.148681
6.659,3.12133,-0.0973398
6.66,3.12605,-0.104126
6.661,3.11078,0.00606477
6.662,3.10568,0.00234582
6.663,3.10524,0.00285848
6.664,3.11044,0.020059
6.665,3.10515,0.0150255
6.666,3.09912,0.075657
6.667,3.11284,0.055855
6.668,3.11497,0.062072
6.669,3.11731,0.0540544
6.67,3.10342,0.111897
6.671,3.1148,0.11232
6.672,3.11456,0.13802
6.673,3.1048,0.189447
6.674,3.11401,0.217399
6.675,3.11073,0.223495
6.676,3.10856,0.252783
6.677,3.11568,0.260074
6.678,3.11626,0.365626
6.679,3.11712,0.376066
6.68,3.11669,0.379287
6.681,3.12149,0.368411
6.682,3.12127,0.369095
6.683,3.12303,0.388232
6.684,3.11782,0.387352
6.685,3.11793,0.461155
6.686,3.11674,0.472052
6.687,3.117,0.47523
6.688,3.11744,0.459827
6.689,3.10174,0.495136
6.69,3.09808,0.508753
6.691,3.09489,0.525122
6.692,3.11022,0.562036
6.693,3.10362,0.569601
6.694,3.10978,0.592566
6.695,3.11498,0.605074
6.696,3.11177,0.62438
6.697,3.11642,0.673923
6.698,3.12642,0.690294
6.699,3.1276,0.692654
6.7,3.11587,0.689118
6.701,3.12194,0.698629
6.702,3.11903,0.756015
6.703,3.10894,0.736994
6.704,3.11769,0.753837
6.705,3.12285,0.802733
6.706,3.12359,0.812251
6.707,3.11523,0.808471
6.708,3.11928,0.855859
6.709,3.11722,0.843054
6.71,3.1155,0.837565
6.711,3.10508,0.843722
6.712,3.10837,0.879789
6.713,3.10739,0.883146
6.714,3.10929,0.887467
6.715,3.09952,0.895271
6.716,3.10788,0.920986
6.717,3.10097,0.938342
6.718,3.1093,0.959128
6.719,3.10996,0.96113
6.72,3.10266,0.959291
6.721,3.11088,0.967859
6.722,3.11651,0.983604
6.723,3.11618,0.987324
6.724,3.1127,0.986391
6.725,3.12591,1.00545
6.726,3.12586,1.01286
6.727,3.12656,1.02616
6.728,3.14616,1.04448
6.729,3.1244,1.03992
6.73,3.12686,1.06171
6.731,3.12578,1.05801
6.732,3.12412,1.07524
6.733,3.12974,1.07647
6.734,3.12499,1.07628
6.735,3.123,1.09107
6.736,3.12535,1.08479
6.737,3.12158,1.09462
6.738,3.12123,1.10229
6.739,3.12437,1.10399
6.74,3.11683,1.10239
6.741,3.11742,1.11148
6.742,3.12202,1.1094
6.743,3.12086,1.11256
6.744,3.12127,1.11306
6.745,3.11785,1.11345
6.746,3.12406,1.12697
6.747,3.12838,1.11085
6.748,3.12277,1.12495
6.749,3.12239,1.1195
6.75,3.13173,1.11732
6.751,3.12643,1.12085
6.752,3.13187,1.12412
6.753,3.12691,1.11782
6.754,3.13476,1.12255
6.755,3.13503,1.12484
6.756,3.13549,1.10621
6.757,3.13573,1.11643
6.758,3.14535,1.09675
6.759,3.13587,1.07948
6.76,3.13596,1.07995
6.761,3.13623,1.08642
6.762,3.13511,1.08727
6.763,3.14593,1.08779
6.764,3.1469,1.09007
6.765,3.14879,1.09305
6.766,3.1321,1.07692
6.767,3.1401,1.07989
6.768,3.13978,1.02913
6.769,3.12392,1.00189
6.77,3.13465,1.02382
6.771,3.12818,0.990267
6.772,3.13476,0.994347
6.773,3.12707,0.989472
6.774,3.13398,0.993335
6.775,3.12288,0.948553
6.776,3.12662,0.950312
6.777,3.12242,0.940653
6.778,3.12334,0.958621
6.779,3.12834,0.944392
6.78,3.12524,0.948946
6.781,3.13327,0.925983
6.782,3.13404,0.917512
6.783,3.13064,0.906157
6.784,3.13425,0.880735
6.785,3.12672,0.872226
6.786,3.13729,0.847605
6.787,3.13476,0.852751
6.788,3.13479,0.853026
6.789,3.14148,0.844222
6.79,3.13369,0.825055
6.791,3.12834,0.789901
6.792,3.13894,0.780614
6.793,3.1309,0.769858
6.794,3.13514,0.746028
6.795,3.13273,0.739511
6.796,3.13072,0.724714
6.797,3.13273,0.723141
6.798,3.12951,0.667892
6.799,3.13487,0.66832
6.8,3.12655,0.657502
6.801,3.1326,0.656909
6.802,3.12801,0.649442
6.803,3.13196,0.572482
6.804,3.13088,0.566074
6.805,3.13355,0.570106
6.806,3.12617,0.546694
6.807,3.12803,0.539579
6.808,3.13374,0.53214
6.809,3.13187,0.472211
6.81,3.13385,0.460333
6.811,3.11757,0.452145
6.812,3.12856,0.449935
6.813,3.13,0.426097
6.814,3.12625,0.398028
6.815,3.13475,0.318561
6.816,3.13292,0.323084
6.817,3.13359,0.323226
6.818,3.12724,0.305963
6.819,3.13211,0.307384
6.82,3.12459,0.273526
6.821,3.12839,0.249838
6.822,3.12493,0.24125
6.823,3.128,0.1926
6.824,3.1299,0.191851
6.825,3.12094,0.129157
6.826,3.12531,0.124935
6.827,3.12129,0.120064
6.828,3.12505,0.118783
6.829,3.13111,0.0124977
6.83,3.12326,0.0257217
6.831,3.1277,0.00896867
6.832,3.12854,0.00707277
6.833,3.11904,0.00888325
6.834,3.12513,0.00342699
6.835,3.1122,-0.0462376
6.836,3.1217,-0.060689
6.837,3.12675,-0.105776
6.838,3.12325,-0.113829
6.839,3.12463,-0.147465
6.84,3.11322,-0.214263
6.841,3.12276,-0.226046
6.842,3.12343,-0.226248
6.843,3.11555,-0.244065
6.844,3.11449,-0.24641
6.845,3.1254,-0.23977
6.846,3.12808,-0.283669
6.847,3.13072,-0.317073
6.848,3.12168,-0.329675
6.849,3.12231,-0.35759
6.85,3.11663,-0.367836
6.851,3.12109,-0.46185
6.852,3.11873,-0.476608
6.853,3.1183,-0.480219
6.854,3.12312,-0.465602
6.855,3.11884,-0.477719
6.856,3.13296,-0.513419
6.857,3.13833,-0.521851
6.858,3.11351,-0.5634
6.859,3.12566,-0.564214
6.86,3.12404,-0.619173
6.861,3.11413,-0.618151
6.862,3.12228,-0.616866
6.863,3.10944,-0.622515
6.864,3.13007,-0.651307
6.865,3.11513,-0.672886
6.866,3.12691,-0.685337
6.867,3.10914,-0.767589
6.868,3.11258,-0.773019
6.869,3.11098,-0.775497
6.87,3.12543,-0.775033
6.871,3.12632,-0.776883
6.872,3.11459,-0.781611
6.873,3.12971,-0.804039
6.874,3.14031,-0.795815
6.875,3.12298,-0.824144
6.876,3.12862,-0.831638
6.877,3.14448,-0.895863
6.878,3.12126,-0.88393
6.879,3.12672,-0.894431
6.88,3.13433,-0.940352
6.881,3.11664,-0.934537
6.882,3.12679,-0.932637
6.883,3.11285,-0.944029
6.884,3.12163,-0.970263
6.885,3.11874,-0.968408
6.886,3.12965,-1.01253
6.887,3.11368,-0.994646
6.888,3.11714,-1.00612
6.889,3.1274,-1.03906
6.89,3.11458,-1.02791
6.891,3.13498,-1.06897
6.892,3.11742,-1.068
6.893,3.12377,-1.0618
6.894,3.12446,-1.06312
6.895,3.11702,-1.08626
6.896,3.12282,-1.08856
6.897,3.12504,-1.10122
6.898,3.122,-1.1101
6.899,3.128,-1.13558
6.9,3.12677,-1.1376
6.901,3.13743,-1.13312
6.902,3.13834,-1.13393
6.903,3.12777,-1.1434
6.904,3.12703,-1.14537
6.905,3.13541,-1.14149
6.906,3.13606,-1.14233
6.907,3.1236,-1.16752
6.908,3.1327,-1.15891
6.909,3.12524,-1.14821
6.91,3.11726,-1.13452
6.911,3.12975,-1.16453
6.912,3.11748,-1.16316
6.913,3.11908,-1.15072
6.914,3.11376,-1.1515
6.915,3.11776,-1.15196
6.916,3.11466,-1.1549
6.917,3.12168,-1.15208
6.918,3.12093,-1.14889
6.919,3.12429,-1.15352
6.92,3.12294,-1.14983
6.921,3.12713,-1.14718
6.922,3.13273,-1.16326
6.923,3.12602,-1.1495
6.924,3.13163,-1.13423
6.925,3.1322,-1.15586
6.926,3.12968,-1.13059
6.927,3.13435,-1.15363
6.928,3.13676,-1.09427
6.929,3.13815,-1.09325
6.93,3.11702,-1.12085
6.931,3.11573,-1.12233
6.932,3.13215,-1.10996
6.933,3.13279,-1.11076
6.934,3.12268,-1.11376
6.935,3.12111,-1.11653
6.936,3.13586,-1.10117
6.937,3.13675,-1.1017
6.938,3.12598,-1.10846
6.939,3.12528,-1.10989
6.94,3.1349,-1.07525
6.941,3.13571,-1.06097
6.942,3.13512,-1.03876
6.943,3.13194,-1.02368
6.944,3.13354,-1.0005
6.945,3.12792,-0.991061
6.946,3.12268,-0.977296
6.947,3.11209,-0.971285
6.948,3.11707,-0.956957
6.949,3.1117,-0.956902
6.95,3.0887,-0.901538
6.951,3.09052,-0.887469
6.952,3.09118,-0.886513
6.953,3.08211,-0.895355
6.954,3.08035,-0.896442
6.955,3.09583,-0.883945
6.956,3.1471,-0.826209
6.957,3.12841,-0.833159
6.958,3.14762,-0.822038
6.959,3.12903,-0.809557
6.96,3.15148,-0.788218
6.961,3.14415,-0.774077
6.962,3.14603,-0.765919
6.963,3.13667,-0.738545
6.964,3.14032,-0.740505
6.965,3.13759,-0.718933
6.966,3.13193,-0.693676
6.967,3.12643,-0.69089
6.968,3.13044,-0.682346
6.969,3.11093,-0.637704
6.97,3.10919,-0.660293
6.971,3.11201,-0.643993
6.972,3.09565,-0.585767
6.973,3.10415,-0.561997
6.974,3.09042,-0.575165
6.975,3.09677,-0.561269
6.976,3.08971,-0.563123
6.977,3.09266,-0.518126
6.978,3.0972,-0.523891
6.979,3.09927,-0.469365
6.98,3.11178,-0.479663
6.981,3.11566,-0.459171
6.982,3.11121,-0.448627
6.983,3.11239,-0.402348
6.984,3.11993,-0.413424
6.985,3.12841,-0.340558
6.986,3.1234,-0.351559
6.987,3.13133,-0.343243
6.988,3.12953,-0.302707
6.989,3.13057,-0.243003
6.99,3.12986,-0.222755
6.991,3.13049,-0.221283
6.992,3.12382,-0.222075
6.993,3.12306,-0.222363
6.994,3.12793,-0.18872
6.995,3.09981,-0.0803381
6.996,3.1014,-0.0524823
6.997,3.10069,-0.0527676
6.998,3.10317,-0.0504452
6.999,3.13112,-0.0532733
7,3.11492,-0.0503174
7.001,3.1291,-0.0323839
7.002,3.10675,0.00575288
7.003,3.11884,0.0134695
7.004,3.10642,0.016025
7.005,3.12245,0.0360753
7.006,3.10435,0.0805179
7.007,3.1035,0.0784402
7.008,3.10791,0.104622
7.009,3.10332,0.112863
7.01,3.1083,0.141264
7.011,3.11877,0.19199
7.012,3.10053,0.189993
7.013,3.11202,0.204897
7.014,3.11257,0.206386
7.015,3.10945,0.254608
7.016,3.11373,0.262808
7.017,3.10981,0.268277
7.018,3.10485,0.319678
7.019,3.11446,0.332824
7.02,3.10715,0.358908
7.021,3.10891,0.363903
7.022,3.09898,0.413456
7.023,3.11114,0.420154
7.024,3.10654,0.420595
7.025,3.09067,0.470597
7.026,3.11515,0.491797
7.027,3.11661,0.493952
7.028,3.09211,0.490547
7.029,3.10253,0.518139
7.03,3.09747,0.55066
7.031,3.11559,0.571561
7.032,3.11588,0.640003
7.033,3.11454,0.666238
7.034,3.11511,0.668413
7.035,3.11131,0.668203
7.036,3.1106,0.669418
7.037,3.1178,0.678414
7.038,3.11836,0.680097
7.039,3.11249,0.681495
7.04,3.11706,0.743989
7.041,3.11203,0.747335
7.042,3.11843,0.770996
7.043,3.11075,0.778109
7.044,3.10925,0.790665
7.045,3.11292,0.812228
7.046,3.11545,0.869967
7.047,3.10873,0.861699
7.048,3.10755,0.863272
7.049,3.11932,0.871917
7.05,3.115,0.870706
7.051,3.10993,0.870353
7.052,3.10696,0.882447
7.053,3.10921,0.88725
7.054,3.1227,0.916358
7.055,3.12372,0.927772
7.056,3.10855,0.934764
7.057,3.11445,0.941827
7.058,3.11269,0.94324
7.059,3.11992,0.964713
7.06,3.11532,0.978004
7.061,3.11794,0.984208
7.062,3.11559,1.00389
7.063,3.11478,1.01062
7.064,3.11433,1.02521
7.065,3.10849,1.12904
7.066,3.11745,1.10586
7.067,3.11866,1.10803
7.068,3.10352,1.11296
7.069,3.11446,1.11968
7.07,3.10827,1.11248
7.071,3.11308,1.11566
7.072,3.11308,1.11767
7.073,3.11322,1.11964
7.074,3.11351,1.12154
7.075,3.11007,1.12034
7.076,3.10931,1.12119
7.077,3.13645,1.15154
7.078,3.11564,1.12147
7.079,3.14671,1.08824
7.08,3.11902,1.11294
7.081,3.13773,1.11307
7.082,3.13938,1.10913
7.083,3.13447,1.11007
7.084,3.11156,1.11628
7.085,3.11854,1.12282
7.086,3.12633,1.1276
7.087,3.10469,1.12278
7.088,3.12407,1.12573
7.089,3.11503,1.13834
7.09,3.11626,1.13294
7.091,3.11805,1.1385
7.092,3.11995,1.136
7.093,3.13324,1.14024
7.094,3.12589,1.13654
7.095,3.12531,1.13708
7.096,3.13117,1.14011
7.097,3.13085,1.12124
7.098,3.14124,1.11932
7.099,3.1289,1.12027
7.1,3.14192,1.10634
7.101,3.12705,1.10558
7.102,3.13413,1.06765
7.103,3.12012,1.06144
7.104,3.11874,1.0614
7.105,3.13232,1.06816
7.106,3.13313,1.06939
7.107,3.12387,1.06311
7.108,3.12334,1.06362
7.109,3.12659,1.02722
7.11,3.12042,1.02543
7.111,3.12497,1.02546
7.112,3.12219,1.00785
7.113,3.11597,1.00969
7.114,3.12056,0.992699
7.115,3.11326,0.985225
7.116,3.12004,0.988689
7.117,3.11401,0.969218
7.118,3.11829,0.967757
7.119,3.1222,0.948488
7.12,3.12589,0.940975
7.121,3.12162,0.928012
7.122,3.13123,0.910686
7.123,3.14444,0.84396
7.124,3.13503,0.845677
7.125,3.13383,0.845401
7.126,3.14676,0.844937
7.127,3.14759,0.846314
7.128,3.13803,0.832561
7.129,3.13622,0.7911
7.13,3.13662,0.77001
7.131,3.1337,0.725742
7.132,3.1288,0.731436
7.133,3.13309,0.717187
7.134,3.12902,0.669329
7.135,3.13349,0.663294
7.136,3.12988,0.653054
7.137,3.12885,0.651266
7.138,3.12599,0.618792
7.139,3.12864,0.617796
7.14,3.12598,0.586779
7.141,3.12548,0.592628
7.142,3.12778,0.511658
7.143,3.11778,0.495635
7.144,3.11659,0.493869
7.145,3.13145,0.501101
7.146,3.13288,0.501185
7.147,3.11674,0.488826
7.148,3.11562,0.487847
7.149,3.12837,0.49156
7.15,3.1204,0.417249
7.151,3.12517,0.405889
7.152,3.12928,0.37579
7.153,3.12711,0.304908
7.154,3.1319,0.307303
7.155,3.1238,0.302355
7.156,3.12417,0.266153
7.157,3.12258,0.277488
7.158,3.12194,0.236167
7.159,3.12186,0.211777
7.16,3.13381,0.208052
7.161,3.12553,0.19744
7.162,3.12069,0.163145
7.163,3.13136,0.15991
7.164,3.11451,0.132476
7.165,3.13309,0.0430451
7.166,3.12407,0.0366613
7.167,3.12321,0.0344736
7.168,3.13326,0.0378478
7.169,3.1248,0.0284296
7.17,3.12927,0.0246957
7.171,3.11635,-0.0336793
7.172,3.12726,-0.0651057
7.173,3.12896,-0.0709599
7.174,3.11869,-0.114277
7.175,3.12267,-0.127745
7.176,3.11899,-0.149451
7.177,3.12656,-0.239986
7.178,3.10553,-0.254648
7.179,3.10386,-0.257122
7.18,3.12256,-0.254332
7.181,3.11578,-0.264493
7.182,3.11534,-0.266111
7.183,3.12148,-0.305135
7.184,3.13494,-0.308159
7.185,3.10913,-0.3179
7.186,3.13692,-0.32373
7.187,3.11386,-0.415695
7.188,3.12459,-0.405563
7.189,3.11753,-0.418096
7.19,3.12205,-0.417029
7.191,3.11195,-0.448158
7.192,3.11737,-0.455395
7.193,3.12107,-0.487148
7.194,3.11788,-0.503263
7.195,3.10801,-0.597969
7.196,3.11668,-0.585656
7.197,3.11715,-0.586327
7.198,3.11045,-0.605585
7.199,3.11713,-0.604248
7.2,3.11927,-0.629204
7.201,3.12097,-0.634805
7.202,3.12086,-0.639357
7.203,3.10224,-0.703649
7.204,3.12064,-0.682983
7.205,3.10617,-0.720234
7.206,3.11452,-0.765637
7.207,3.12167,-0.776886
7.208,3.12329,-0.777635
7.209,3.10718,-0.791859
7.21,3.10639,-0.794321
7.211,3.11584,-0.789269
7.212,3.12488,-0.805532
7.213,3.10469,-0.835726
7.214,3.12818,-0.832636
7.215,3.10938,-0.857166
7.216,3.13267,-0.915468
7.217,3.13187,-0.928371
7.218,3.12065,-0.93572
7.219,3.11722,-0.93589
7.22,3.10786,-0.938174
7.221,3.11844,-0.945368
7.222,3.1113,-0.944965
7.223,3.12391,-0.987397
7.224,3.1215,-0.974986
7.225,3.11484,-0.987981
7.226,3.11694,-0.980325
7.227,3.1094,-1.00262
7.228,3.10777,-1.02193
7.229,3.10742,-1.02453
7.23,3.1025,-1.05276
7.231,3.11092,-1.05512
7.232,3.11008,-1.05772
7.233,3.11621,-1.05098
7.234,3.10857,-1.06118
7.235,3.11232,-1.06668
7.236,3.10653,-1.11593
7.237,3.12396,-1.09558
7.238,3.12916,-1.09122
7.239,3.12011,-1.1023
7.24,3.12478,-1.13088
7.241,3.13877,-1.1091
7.242,3.12433,-1.1226
7.243,3.11972,-1.15213
7.244,3.12113,-1.15604
7.245,3.12051,-1.159
7.246,3.12575,-1.14763
7.247,3.13693,-1.12706
7.248,3.13126,-1.12957
7.249,3.13375,-1.14166
7.25,3.1012,-1.1653
7.251,3.11019,-1.15922
7.252,3.12086,-1.14466
7.253,3.11764,-1.15843
7.254,3.11047,-1.17257
7.255,3.12567,-1.15352
7.256,3.11801,-1.16965
7.257,3.11824,-1.15058
7.258,3.11642,-1.16217
7.259,3.1159,-1.16352
7.26,3.12043,-1.16023
7.261,3.11226,-1.16656
7.262,3.11853,-1.16033
7.263,3.11189,-1.14718
7.264,3.12372,-1.14187
7.265,3.11422,-1.14484
7.266,3.126,-1.13048
7.267,3.13501,-1.10226
7.268,3.13477,-1.10338
7.269,3.1395,-1.09467
7.27,3.12635,-1.10332
7.271,3.12541,-1.10475
7.272,3.13706,-1.0969
7.273,3.13805,-1.09719
7.274,3.12759,-1.10352
7.275,3.13515,-1.09618
7.276,3.12879,-1.09761
7.277,3.12001,-1.04802
7.278,3.1216,-1.04314
7.279,3.11409,-1.03104
7.28,3.11744,-1.02415
7.281,3.11486,-1.02166
7.282,3.11757,-1.01354
7.283,3.11533,-1.01739
7.284,3.12076,-0.957722
7.285,3.12392,-0.966244
7.286,3.10975,-0.952089
7.287,3.11989,-0.946107
7.288,3.12068,-0.945777
7.289,3.11576,-0.929592
7.29,3.1163,-0.920847
7.291,3.11624,-0.920842
7.292,3.11756,-0.914083
7.293,3.10732,-0.90945
7.294,3.11245,-0.879834
7.295,3.11808,-0.874896
7.296,3.11645,-0.831407
7.297,3.1239,-0.836482
7.298,3.12063,-0.836334
7.299,3.1269,-0.830044
7.3,3.13599,-0.778313
7.301,3.14301,-0.783383
7.302,3.13298,-0.755172
7.303,3.12908,-0.766673
7.304,3.12743,-0.72609
7.305,3.12351,-0.72788
7.306,3.11645,-0.699943
7.307,3.10949,-0.701286
7.308,3.11884,-0.667237
7.309,3.10729,-0.647719
7.31,3.11768,-0.609092
7.311,3.11542,-0.595128
7.312,3.11041,-0.596677
7.313,3.11343,-0.589092
7.314,3.12358,-0.498149
7.315,3.12628,-0.502959
7.316,3.12131,-0.505992
7.317,3.12129,-0.505846
7.318,3.13233,-0.480359
7.319,3.11582,-0.481757
7.32,3.11664,-0.457212
7.321,3.10891,-0.433349
7.322,3.11074,-0.419952
7.323,3.09213,-0.28821
7.324,3.09339,-0.285488
7.325,3.09639,-0.282291
7.326,3.1076,-0.250782
7.327,3.1228,-0.243328
7.328,3.109,-0.246625
7.329,3.12047,-0.197699
7.33,3.11902,-0.199579
7.331,3.10944,-0.201642
7.332,3.11848,-0.136635
7.333,3.10865,-0.145711
7.334,3.12316,-0.120127
7.335,3.11161,-0.138346
7.336,3.11165,-0.091359
7.337,3.11338,-0.084595
7.338,3.11858,-0.0695324
7.339,3.12004,-0.0221082
7.34,3.1234,-0.00501753
7.341,3.1224,0.00310952
7.342,3.11857,0.0126944
7.343,3.1094,0.039703
7.344,3.11737,0.0569996
7.345,3.11189,0.0739664
7.346,3.10889,0.102915
7.347,3.11156,0.108701
7.348,3.08912,0.266799
7.349,3.09502,0.251135
7.35,3.09383,0.253001
7.351,3.10329,0.261703
7.352,3.10438,0.264246
7.353,3.09108,0.260558
7.354,3.09019,0.261052
7.355,3.09957,0.274278
7.356,3.09406,0.278293
7.357,3.09881,0.379155
7.358,3.09436,0.383337
7.359,3.12069,0.36589
7.36,3.11153,0.404345
7.361,3.11778,0.465176
7.362,3.12093,0.481534
7.363,3.11549,0.477925
7.364,3.12186,0.502026
7.365,3.12371,0.559943
7.366,3.11928,0.563414
7.367,3.1226,0.559176
7.368,3.12168,0.589737
7.369,3.12086,0.633893
7.37,3.13183,0.635112
7.371,3.12241,0.647356
7.372,3.122,0.649582
7.373,3.11153,0.653858
7.374,3.11456,0.679942
7.375,3.11148,0.689744
7.376,3.10486,0.700912
7.377,3.117,0.714051
7.378,3.10061,0.722338
7.379,3.11089,0.769469
7.38,3.10096,0.762311
7.381,3.10508,0.771839
7.382,3.10576,0.774178
7.383,3.0929,0.784131
7.384,3.10419,0.815102
7.385,3.10501,0.811386
7.386,3.10375,0.845321
7.387,3.1096,0.857515
7.388,3.10699,0.859509
7.389,3.11065,0.867658
7.39,3.10263,0.93632
7.391,3.10535,0.952151
7.392,3.1043,0.942181
7.393,3.10268,0.955691
7.394,3.10922,0.953269
7.395,3.11773,0.979761
7.396,3.12009,0.978542
7.397,3.11396,0.995213
7.398,3.11746,1.01542
7.399,3.12241,1.02426
7.4,3.11883,1.02983
7.401,3.1191,1.05684
7.402,3.12818,1.06575
7.403,3.12383,1.06374
7.404,3.12414,1.07327
7.405,3.1274,1.07384
7.406,3.12368,1.08558
7.407,3.12972,1.08815
7.408,3.12229,1.09482
7.409,3.12762,1.09728
7.41,3.12114,1.10534
7.411,3.12677,1.10592
7.412,3.12521,1.12975
7.413,3.12193,1.11735
7.414,3.12212,1.11914
7.415,3.12141,1.12002
7.416,3.12055,1.1209
7.417,3.12835,1.12721
7.418,3.12661,1.12741
7.419,3.13012,1.12984
7.42,3.12352,1.11566
7.421,3.12629,1.11661
7.422,3.12974,1.11966
7.423,3.1217,1.11568
7.424,3.12952,1.12257
7.425,3.12968,1.12358
7.426,3.13283,1.14126
7.427,3.12271,1.1356
7.428,3.11958,1.1073
7.429,3.11749,1.11789
7.43,3.13017,1.10516
7.431,3.11819,1.09881
7.432,3.14126,1.09841
7.433,3.13178,1.08685
7.434,3.13085,1.08668
7.435,3.14086,1.09692
7.436,3.13165,1.09598
7.437,3.11876,1.10459
7.438,3.12224,1.11104
7.439,3.11551,1.09967
7.44,3.14017,1.06858
7.441,3.12781,1.08115
7.442,3.13222,1.07241
7.443,3.12622,1.05791
7.444,3.13428,1.06293
7.445,3.12982,1.06306
7.446,3.13806,1.03366
7.447,3.13266,1.03191
7.448,3.13818,1.04062
7.449,3.13166,1.03362
7.45,3.13403,1.00379
7.451,3.13066,1.00556
7.452,3.13249,0.986702
7.453,3.12979,0.984107
7.454,3.12942,0.954334
7.455,3.13426,0.954566
7.456,3.12804,0.951619
7.457,3.13711,0.89778
7.458,3.13464,0.889703
7.459,3.13445,0.88994
7.46,3.13814,0.886336
7.461,3.1383,0.885943
7.462,3.13852,0.885372
7.463,3.1365,0.892287
7.464,3.12189,0.852759
7.465,3.13013,0.824773
7.466,3.13164,0.796283
7.467,3.13755,0.792291
7.468,3.13722,0.789979
7.469,3.14355,0.749048
7.47,3.13947,0.749214
7.471,3.13745,0.721103
7.472,3.13674,0.719472
7.473,3.13254,0.648655
7.474,3.12483,0.636654
7.475,3.12491,0.635376
7.476,3.12475,0.639728
7.477,3.12367,0.63876
7.478,3.13426,0.639938
7.479,3.12877,0.568207
7.48,3.13627,0.592353
7.481,3.13377,0.523893
7.482,3.12354,0.517203
7.483,3.13171,0.515385
7.484,3.12851,0.468836
7.485,3.12759,0.469609
7.486,3.1266,0.462904
7.487,3.13528,0.447096
7.488,3.12691,0.423798
7.489,3.13058,0.358989
7.49,3.13204,0.369759
7.491,3.12456,0.358976
7.492,3.12782,0.354771
7.493,3.13327,0.285331
7.494,3.11768,0.295834
7.495,3.13472,0.287235
7.496,3.12918,0.254634
7.497,3.13228,0.25236
7.498,3.12785,0.149798
7.499,3.12761,0.163671
7.5,3.12826,0.162487
7.501,3.12166,0.15552
7.502,3.1285,0.153562
7.503,3.12526,0.144309
7.504,3.129,0.0548163
7.505,3.12065,0.0605522
7.506,3.117,0.0419604
7.507,3.12656,0.0347783
7.508,3.12959,-0.013279
7.509,3.12661,-0.00693624
7.51,3.13118,-0.0331148
7.511,3.12225,-0.0805369
7.512,3.12763,-0.0934178
7.513,3.12433,-0.102227
7.514,3.1282,-0.144166
7.515,3.12307,-0.160542
7.516,3.12253,-0.170368
7.517,3.12506,-0.207217
7.518,3.12303,-0.207247
7.519,3.12324,-0.249058
7.52,3.12438,-0.244625
7.521,3.13061,-0.346266
7.522,3.11823,-0.345976
7.523,3.11744,-0.349351
7.524,3.12767,-0.339638
7.525,3.12866,-0.340626
7.526,3.1186,-0.353009
7.527,3.12081,-0.452735
7.528,3.12131,-0.427139
7.529,3.12493,-0.436018
7.53,3.12892,-0.454221
7.531,3.12667,-0.4692
7.532,3.12036,-0.564967
7.533,3.11992,-0.555386
7.534,3.11585,-0.558051
7.535,3.11491,-0.560705
7.536,3.14148,-0.558927
7.537,3.11839,-0.589247
7.538,3.124,-0.60216
7.539,3.11943,-0.645234
7.54,3.11822,-0.68755
7.541,3.12631,-0.688976
7.542,3.12671,-0.688873
7.543,3.12088,-0.709146
7.544,3.12694,-0.712684
7.545,3.12694,-0.756797
7.546,3.11429,-0.752336
7.547,3.12579,-0.759327
7.548,3.12735,-0.812868
7.549,3.12377,-0.801872
7.55,3.12432,-0.837113
7.551,3.12743,-0.830107
7.552,3.13517,-0.908569
7.553,3.11916,-0.912435
7.554,3.11766,-0.916538
7.555,3.13424,-0.901482
7.556,3.13493,-0.902967
7.557,3.12715,-0.912942
7.558,3.12688,-0.914242
7.559,3.1297,-1.00457
7.56,3.11587,-0.970978
7.561,3.12164,-0.982145
7.562,3.1235,-0.989816
7.563,3.12012,-1.02414
7.564,3.13255,-0.996222
7.565,3.12513,-1.01425
7.566,3.13485,-1.02727
7.567,3.13035,-1.05003
7.568,3.13506,-1.0711
7.569,3.12085,-1.0747
7.57,3.12479,-1.09144
7.571,3.1147,-1.11485
7.572,3.11387,-1.11753
7.573,3.12374,-1.1063
7.574,3.12007,-1.12398
7.575,3.1261,-1.12457
7.576,3.12594,-1.12532
7.577,3.12597,-1.12567
7.578,3.1232,-1.13774
7.579,3.12208,-1.13916
7.58,3.1318,-1.13789
7.581,3.16602,-1.1791
7.582,3.14508,-1.1742
7.583,3.14722,-1.13409
7.584,3.12179,-1.13572
7.585,3.13059,-1.15517
7.586,3.12237,-1.14655
7.587,3.11871,-1.16632
7.588,3.11564,-1.16256
7.589,3.11976,-1.1669
7.59,3.11306,-1.16064
7.591,3.11205,-1.14886
7.592,3.11646,-1.14361
7.593,3.15031,-1.18275
7.594,3.13974,-1.16162
7.595,3.1477,-1.16464
7.596,3.11701,-1.14852
7.597,3.13414,-1.17697
7.598,3.13716,-1.14812
7.599,3.1394,-1.17505
7.6,3.13629,-1.14509
7.601,3.13636,-1.17121
7.602,3.11997,-1.13826
7.603,3.14098,-1.12983
7.604,3.14225,-1.12858
7.605,3.12598,-1.14957
7.606,3.12516,-1.15068
7.607,3.13372,-1.14436
7.608,3.13421,-1.14508
7.609,3.13916,-1.1239
7.61,3.12411,-1.13895
7.611,3.11387,-1.08976
7.612,3.11229,-1.09264
7.613,3.14033,-1.0937
7.614,3.12694,-1.07562
7.615,3.11578,-1.04809
7.616,3.11583,-1.0402
7.617,3.11439,-1.04166
7.618,3.1283,-1.03059
7.619,3.16613,-1.01648
7.62,3.14517,-1.01048
7.621,3.1187,-1.00851
7.622,3.12298,-1.01344
7.623,3.11008,-1.00781
7.624,3.10603,-0.987893
7.625,3.11298,-0.97153
7.626,3.16702,-0.958707
7.627,3.14504,-0.944895
7.628,3.13456,-0.946689
7.629,3.12562,-0.938691
7.63,3.13533,-0.894992
7.631,3.12891,-0.895339
7.632,3.13044,-0.887294
7.633,3.11934,-0.856604
7.634,3.12791,-0.841586
7.635,3.11999,-0.834354
7.636,3.12566,-0.81389
7.637,3.11757,-0.805202
7.638,3.10393,-0.68606
7.639,3.11216,-0.676883
7.64,3.11198,-0.675713
7.641,3.11168,-0.679146
7.642,3.11803,-0.665707
7.643,3.1184,-0.664583
7.644,3.11093,-0.670229
7.645,3.10979,-0.670952
7.646,3.1202,-0.656766
7.647,3.11472,-0.657881
7.648,3.14495,-0.579432
7.649,3.14925,-0.578313
7.65,3.11884,-0.59253
7.651,3.13694,-0.556285
7.652,3.12389,-0.503911
7.653,3.11994,-0.504451
7.654,3.12864,-0.484645
7.655,3.13229,-0.473779
7.656,3.13408,-0.462652
7.657,3.13687,-0.393484
7.658,3.12846,-0.396309
7.659,3.12577,-0.390679
7.66,3.11208,-0.335908
7.661,3.10726,-0.339159
7.662,3.09956,-0.338068
7.663,3.11612,-0.275694
7.664,3.10442,-0.281486
7.665,3.11323,-0.239405
7.666,3.10468,-0.256494
7.667,3.10438,-0.248008
7.668,3.12003,-0.210826
7.669,3.10774,-0.206339
7.67,3.11272,-0.169401
7.671,3.10614,-0.177161
7.672,3.1237,-0.1307
7.673,3.12362,-0.116398
7.674,3.11718,-0.0899749
7.675,3.11626,-0.0878604
7.676,3.1243,-0.0464673
7.677,3.12454,-0.0149797
7.678,3.11951,-0.0137829
7.679,3.13039,0.0248116
7.68,3.11801,0.0456041
7.681,3.12622,0.072654
7.682,3.10921,0.131276
7.683,3.1185,0.13763
7.684,3.11883,0.13906
7.685,3.11468,0.144448
7.686,3.1206,0.152688
7.687,3.11003,0.222172
7.688,3.11951,0.2362
7.689,3.11546,0.23337
7.69,3.11419,0.246719
7.691,3.11076,0.264352
7.692,3.11195,0.289569
7.693,3.11004,0.308041
7.694,3.11031,0.385462
7.695,3.10828,0.381732
7.696,3.10725,0.382958
7.697,3.11847,0.393916
7.698,3.11945,0.395506
7.699,3.10799,0.396722
7.7,3.10728,0.50927
7.701,3.11526,0.495595
7.702,3.11571,0.496222
7.703,3.10731,0.529229
7.704,3.11141,0.529844
7.705,3.11203,0.53174
7.706,3.10325,0.532405
7.707,3.1222,0.558403
7.708,3.10473,0.580245
7.709,3.11996,0.638414
7.71,3.13206,0.66357
7.711,3.11759,0.663445
7.712,3.12435,0.672834
7.713,3.11912,0.675468
7.714,3.1306,0.719974
7.715,3.10766,0.720156
7.716,3.13309,0.720206
7.717,3.11247,0.724975
7.718,3.11177,0.731904
7.719,3.11325,0.804218
7.72,3.10406,0.78372
7.721,3.1174,0.801979
7.722,3.11673,0.866737
7.723,3.12175,0.864671
7.724,3.11484,0.858448
7.725,3.1168,0.866967
7.726,3.10372,0.891927
7.727,3.11644,0.899406
7.728,3.11185,0.911202
7.729,3.1167,0.925218
7.73,3.11874,0.934795
7.731,3.11665,0.959441
7.732,3.12346,0.966526
7.733,3.13177,0.994461
7.734,3.11678,1.00534
7.735,3.11518,1.00522
7.736,3.13373,1.0259
7.737,3.13436,1.02876
7.738,3.12503,1.01681
7.739,3.12413,1.01719
7.74,3.13312,1.03161
7.741,3.13141,1.03281
7.742,3.14742,1.08897
7.743,3.1383,1.09395
7.744,3.10665,1.05912
7.745,3.1272,1.08051
7.746,3.10766,1.07648
7.747,3.1297,1.08008
7.748,3.10893,1.08968
7.749,3.10553,1.10045
7.75,3.105,1.1035
7.751,3.12006,1.11404
7.752,3.11279,1.10498
7.753,3.16394,1.10048
7.754,3.13429,1.09791
7.755,3.1555,1.11102
7.756,3.10231,1.1085
7.757,3.12951,1.12307
7.758,3.12574,1.12686
7.759,3.17826,1.15333
7.76,3.15207,1.1377
7.761,3.12574,1.11901
7.762,3.13717,1.14634
7.763,3.13165,1.14387
7.764,3.10521,1.1226
7.765,3.13883,1.15132
7.766,3.10626,1.1292
7.767,3.13009,1.14451
7.768,3.11317,1.12087
7.769,3.10743,1.1047
7.77,3.10509,1.10297
7.771,3.1273,1.12871
7.772,3.12775,1.13011
7.773,3.11852,1.121
7.774,3.12266,1.12406
7.775,3.12697,1.08499
7.776,3.16062,1.11315
7.777,3.1469,1.09667
7.778,3.15385,1.08614
7.779,3.14867,1.0789
7.78,3.15863,1.09394
7.781,3.1366,1.05893
7.782,3.14823,1.05066
7.783,3.14349,1.05751
7.784,3.13411,1.02937
7.785,3.14539,1.0356
7.786,3.13327,1.0214
7.787,3.14307,1.02518
7.788,3.1292,1.00606
7.789,3.13139,0.974956
7.79,3.12993,0.972183
7.791,3.13065,0.972689
7.792,3.12177,0.96912
7.793,3.12066,0.969206
7.794,3.13155,0.971314
7.795,3.1382,0.929615
7.796,3.12897,0.929078
7.797,3.12972,0.918382
7.798,3.12621,0.865469
7.799,3.11789,0.867429
7.8,3.1474,0.846903
7.801,3.13286,0.850463
7.802,3.13912,0.822413
7.803,3.14625,0.808233
7.804,3.13577,0.802231
7.805,3.14444,0.798196
7.806,3.1393,0.743
7.807,3.13267,0.750662
7.808,3.14563,0.738754
7.809,3.14056,0.736196
7.81,3.13701,0.69244
7.811,3.13869,0.696014
7.812,3.14431,0.652741
7.813,3.13521,0.657661
7.814,3.13199,0.613097
7.815,3.13738,0.586419
7.816,3.13144,0.584208
7.817,3.1346,0.564998
7.818,3.13274,0.547655
7.819,3.13489,0.502885
7.82,3.13377,0.489107
7.821,3.1372,0.489547
7.822,3.13781,0.489409
7.823,3.12947,0.431216
7.824,3.12907,0.417537
7.825,3.13092,0.420473
7.826,3.13064,0.395908
7.827,3.13134,0.389634
7.828,3.12784,0.28035
7.829,3.13651,0.281309
7.83,3.13756,0.281116
7.831,3.12666,0.266404
7.832,3.1258,0.264462
7.833,3.13674,0.271758
7.834,3.12854,0.261916
7.835,3.12836,0.261063
7.836,3.12029,0.214179
7.837,3.12626,0.195189
7.838,3.13626,0.13247
7.839,3.14256,0.13308
7.84,3.1281,0.102692
7.841,3.13666,0.0974832
7.842,3.13698,-0.0107293
7.843,3.12867,-0.0120606
7.844,3.12887,-0.0132943
7.845,3.12829,-0.0225136
7.846,3.13338,-0.0197668
7.847,3.12683,-0.0288611
7.848,3.12833,-0.081252
7.849,3.12566,-0.0899115
7.85,3.1239,-0.109968
7.851,3.12373,-0.113822
7.852,3.12685,-0.146881
7.853,3.11361,-0.154731
7.854,3.134,-0.218265
7.855,3.13604,-0.235269
7.856,3.11642,-0.25794
7.857,3.12731,-0.257911
7.858,3.12609,-0.269747
7.859,3.13074,-0.282407
7.86,3.1376,-0.347838
7.861,3.12808,-0.351529
7.862,3.13845,-0.359043
7.863,3.1294,-0.384293
7.864,3.1351,-0.400909
7.865,3.12756,-0.435458
7.866,3.1284,-0.442845
7.867,3.13243,-0.456813
7.868,3.12891,-0.483996
7.869,3.12214,-0.585699
7.87,3.1285,-0.599079
7.871,3.1291,-0.601523
7.872,3.13015,-0.604067
7.873,3.11645,-0.602681
7.874,3.1153,-0.603823
7.875,3.13013,-0.615326
7.876,3.12174,-0.61838
7.877,3.12115,-0.620065
7.878,3.12869,-0.620764
7.879,3.11402,-0.696279
7.88,3.1291,-0.697396
7.881,3.12567,-0.695918
7.882,3.1256,-0.749749
7.883,3.134,-0.751408
7.884,3.13013,-0.762425
7.885,3.12934,-0.790827
7.886,3.13207,-0.797724
7.887,3.13068,-0.828794
7.888,3.12777,-0.837562
7.889,3.13023,-0.863557
7.89,3.12203,-0.873674
7.891,3.13073,-0.874123
7.892,3.12185,-0.910078
7.893,3.12361,-0.908412
7.894,3.12443,-0.915444
7.895,3.12691,-0.928512
7.896,3.11978,-0.944222
7.897,3.12394,-0.955691
7.898,3.12025,-0.969817
7.899,3.12215,-0.978308
7.9,3.12313,-0.995072
7.901,3.12202,-0.997789
7.902,3.12657,-1.0247
7.903,3.12907,-1.01834
7.904,3.12088,-1.03205
7.905,3.13324,-1.04316
7.906,3.12841,-1.04715
7.907,3.1268,-1.10203
7.908,3.12574,-1.10295
7.909,3.14066,-1.12439
7.91,3.14052,-1.1287
7.911,3.14063,-1.10664
7.912,3.12984,-1.11444
7.913,3.12934,-1.11686
7.914,3.12828,-1.11933
7.915,3.13837,-1.11418
7.916,3.13893,-1.11473
7.917,3.14015,-1.11438
7.918,3.12857,-1.1307
7.919,3.12727,-1.13235
7.92,3.14112,-1.12656
7.921,3.14003,-1.16759
7.922,3.14015,-1.15407
7.923,3.12598,-1.13567
7.924,3.10585,-1.14104
7.925,3.11643,-1.15005
7.926,3.10602,-1.14335
7.927,3.11268,-1.1397
7.928,3.10945,-1.14369
7.929,3.11856,-1.13848
7.93,3.11877,-1.13743
7.931,3.12735,-1.12902
7.932,3.12584,-1.14329
7.933,3.14036,-1.12884
7.934,3.13069,-1.14138
7.935,3.16356,-1.13744
7.936,3.16225,-1.13988
7.937,3.18183,-1.1222
7.938,3.14606,-1.13434
7.939,3.16279,-1.1124
7.94,3.15881,-1.11566
7.941,3.1507,-1.1187
7.942,3.15399,-1.11928
7.943,3.13788,-1.13316
7.944,3.14749,-1.12394
7.945,3.14876,-1.12459
7.946,3.11177,-1.10403
7.947,3.11783,-1.13501
7.948,3.10807,-1.11127
7.949,3.08837,-1.11105
7.95,3.0851,-1.10558
7.951,3.08547,-1.09371
7.952,3.0655,-1.06783
7.953,3.0784,-1.07096
7.954,3.07136,-1.05291
7.955,3.11231,-1.01224
7.956,3.10322,-1.01469
7.957,3.10124,-0.981354
7.958,3.1128,-1.00202
7.959,3.12233,-0.986405
7.96,3.13195,-0.99526
7.961,3.13534,-0.970999
7.962,3.15007,-0.979408
7.963,3.16044,-0.944762
7.964,3.16893,-0.941721
7.965,3.16943,-0.941969
7.966,3.16498,-0.941076
7.967,3.14835,-0.910719
7.968,3.17133,-0.89692
7.969,3.14649,-0.833308
7.97,3.14813,-0.827851
7.971,3.13355,-0.817163
7.972,3.13292,-0.811343
7.973,3.1391,-0.789971
7.974,3.12547,-0.785986
7.975,3.1283,-0.772247
7.976,3.1213,-0.757836
7.977,3.12376,-0.697678
7.978,3.11276,-0.702927
7.979,3.1119,-0.702974
7.98,3.12143,-0.693502
7.981,3.12549,-0.692436
7.982,3.10943,-0.67388
7.983,3.11961,-0.662743
7.984,3.11687,-0.631032
7.985,3.11582,-0.623568
7.986,3.11552,-0.623795
7.987,3.12536,-0.604812
7.988,3.11445,-0.594838
7.989,3.12051,-0.533704
7.99,3.12799,-0.530519
7.991,3.12882,-0.528828
7.992,3.11792,-0.536432
7.993,3.12268,-0.5263
7.994,3.1309,-0.429665
7.995,3.1251,-0.429178
7.996,3.13084,-0.419787
7.997,3.1229,-0.384488
7.998,3.12813,-0.373223
7.999,3.11127,-0.212374
8,3.11899,-0.212984
