$MeshFormat
4.1 0 8
$EndMeshFormat
$PhysicalNames
5
2 1 "Inflow"
2 2 "Outflow"
2 3 "Wall"
2 4 "Cylinder"
3 5 "Domain"
$EndPhysicalNames
$Entities
16 24 10 1
1 0 0 0 0 
2 2.5 0 0 0 
3 2.5 0.41 0 0 
4 0 0.41 0 0 
5 0.45 0.15 0 0 
6 0.55 0.15 0 0 
7 0.55 0.25 0 0 
8 0.45 0.25 0 0 
9 0 0 0.41 0 
10 2.5 0 0.41 0 
14 2.5 0.41 0.41 0 
18 0 0.41 0.41 0 
25 0.45 0.15 0.41 0 
26 0.55 0.15 0.41 0 
30 0.55 0.25 0.41 0 
34 0.45 0.25 0.41 0 
1 0 0 0 2.5 0 0 0 2 1 -2 
2 2.5 0 0 2.5 0.41 0 0 2 2 -3 
3 0 0.41 0 2.5 0.41 0 0 2 3 -4 
4 0 0 0 0 0.41 0 0 2 4 -1 
5 0.45 0.15 0 0.55 0.15 0 0 2 5 -6 
6 0.55 0.15 0 0.55 0.25 0 0 2 6 -7 
7 0.45 0.25 0 0.55 0.25 0 0 2 7 -8 
8 0.45 0.15 0 0.45 0.25 0 0 2 8 -5 
10 0 0 0.41 2.5 0 0.41 0 2 9 -10 
11 2.5 0 0.41 2.5 0.41 0.41 0 2 10 -14 
12 0 0.41 0.41 2.5 0.41 0.41 0 2 14 -18 
13 0 0 0.41 0 0.41 0.41 0 2 18 -9 
14 0.45 0.15 0.41 0.55 0.15 0.41 0 2 25 -26 
15 0.55 0.15 0.41 0.55 0.25 0.41 0 2 26 -30 
16 0.45 0.25 0.41 0.55 0.25 0.41 0 2 30 -34 
17 0.45 0.15 0.41 0.45 0.25 0.41 0 2 34 -25 
19 0 0 0 0 0 0.41 0 2 1 -9 
20 2.5 0 0 2.5 0 0.41 0 2 2 -10 
24 2.5 0.41 0 2.5 0.41 0.41 0 2 3 -14 
28 0 0.41 0 0 0.41 0.41 0 2 4 -18 
35 0.45 0.15 0 0.45 0.15 0.41 0 2 5 -25 
36 0.55 0.15 0 0.55 0.15 0.41 0 2 6 -26 
40 0.55 0.25 0 0.55 0.25 0.41 0 2 7 -30 
44 0.45 0.25 0 0.45 0.25 0.41 0 2 8 -34 
1 0 0 0 2.5 0.41 0 1 3 8 1 2 3 4 5 6 7 8 
21 0 0 0 2.5 0 0.41 1 3 4 1 20 -10 -19 
25 2.5 0 0 2.5 0.41 0.41 1 2 4 2 24 -11 -20 
29 0 0.41 0 2.5 0.41 0.41 1 3 4 3 28 -12 -24 
33 0 0 0 0 0.41 0.41 1 1 4 4 19 -13 -28 
37 0.45 0.15 0 0.55 0.15 0.41 1 4 4 5 36 -14 -35 
41 0.55 0.15 0 0.55 0.25 0.41 1 4 4 6 40 -15 -36 
45 0.45 0.25 0 0.55 0.25 0.41 1 4 4 7 44 -16 -40 
49 0.45 0.15 0 0.45 0.25 0.41 1 4 4 8 35 -17 -44 
50 0 0 0.41 2.5 0.41 0.41 1 3 8 10 11 12 13 14 15 16 17 
1 0 0 0 2.5 0.41 0.41 1 5 10 -1 50 21 25 29 33 37 41 45 49 
$EndEntities
$Nodes
51 1398 1 1398
0 1 0 1
1
0 0 0
0 2 0 1
2
2.5 0 0
0 3 0 1
3
2.5 0.41 0
0 4 0 1
4
0 0.41 0
0 5 0 1
5
0.45 0.15 0
0 6 0 1
6
0.55 0.15 0
0 7 0 1
7
0.55 0.25 0
0 8 0 1
8
0.45 0.25 0
0 9 0 1
9
0 0 0.41
0 10 0 1
10
2.5 0 0.41
0 14 0 1
11
2.5 0.41 0.41
0 18 0 1
12
0 0.41 0.41
0 25 0 1
13
0.45 0.15 0.41
0 26 0 1
14
0.55 0.15 0.41
0 30 0 1
15
0.55 0.25 0.41
0 34 0 1
16
0.45 0.25 0.41
1 1 0 30
17
18
19
20
21
22
23
24
25
26
27
28
29
30
31
32
33
34
35
36
37
38
39
40
41
42
43
44
45
46
0.08064516129026143 0 0
0.1612903225805044 0 0
0.2419354838707706 0 0
0.3225806451610092 0 0
0.4032258064511016 0 0
0.4838709677411888 0 0
0.5645161290312759 0 0
0.645161290321363 0 0
0.7258064516114503 0 0
0.8064516129015374 0 0
0.8870967741916246 0 0
0.9677419354817117 0 0
1.048387096771988 0 0
1.129032258062433 0 0
1.209677419352879 0 0
1.290322580643325 0 0
1.37096774193377 0 0
1.451612903224215 0 0
1.53225806451466 0 0
1.612903225805105 0 0
1.69354838709555 0 0
1.774193548385995 0 0
1.85483870967644 0 0
1.935483870966885 0 0
2.01612903225733 0 0
2.096774193547775 0 0
2.17741935483822 0 0
2.258064516128665 0 0
2.33870967741911 0 0
2.419354838709555 0 0
1 2 0 4
47
48
49
50
2.5 0.0819999999998168 0
2.5 0.1639999999995692 0
2.5 0.2459999999995605 0
2.5 0.3279999999997851 0
1 3 0 30
51
52
53
54
55
56
57
58
59
60
61
62
63
64
65
66
67
68
69
70
71
72
73
74
75
76
77
78
79
80
2.419354838709677 0.41 0
2.338709677419355 0.41 0
2.258064516129032 0.41 0
2.17741935483871 0.41 0
2.096774193548387 0.41 0
2.016129032258064 0.41 0
1.935483870967742 0.41 0
1.854838709677419 0.41 0
1.774193548387096 0.41 0
1.693548387096773 0.41 0
1.61290322580645 0.41 0
1.532258064516127 0.41 0
1.451612903225804 0.41 0
1.370967741935481 0.41 0
1.290322580645158 0.41 0
1.209677419354835 0.41 0
1.129032258064513 0.41 0
1.04838709677419 0.41 0
0.9677419354838681 0.41 0
0.8870967741935456 0.41 0
0.8064516129032233 0.41 0
0.7258064516129008 0.41 0
0.6451612903225787 0.41 0
0.5645161290322562 0.41 0
0.4838709677419342 0.41 0
0.4032258064516112 0.41 0
0.3225806451612896 0.41 0
0.2419354838709671 0.41 0
0.1612903225806446 0.41 0
0.08064516129032206 0.41 0
1 4 0 4
81
82
83
84
0 0.3280000000001972 0
0 0.2460000000004368 0
0 0.1640000000004435 0
0 0.0820000000002169 0
1 5 0 2
85
86
0.4833333333333153 0.15 0
0.5166666666666956 0.15 0
1 6 0 2
87
88
0.55 0.1833333333332429 0
0.55 0.2166666666665726 0
1 7 0 2
89
90
0.5166666666668474 0.25 0
0.4833333333334201 0.25 0
1 8 0 2
91
92
0.45 0.2166666666667607 0
0.45 0.1833333333334255 0
1 10 0 30
93
94
95
96
97
98
99
100
101
102
103
104
105
106
107
108
109
110
111
112
113
114
115
116
117
118
119
120
121
122
0.08064516129026143 0 0.41
0.1612903225805044 0 0.41
0.2419354838707706 0 0.41
0.3225806451610092 0 0.41
0.4032258064511016 0 0.41
0.4838709677411888 0 0.41
0.5645161290312759 0 0.41
0.645161290321363 0 0.41
0.7258064516114503 0 0.41
0.8064516129015374 0 0.41
0.8870967741916246 0 0.41
0.9677419354817117 0 0.41
1.048387096771988 0 0.41
1.129032258062433 0 0.41
1.209677419352879 0 0.41
1.290322580643325 0 0.41
1.37096774193377 0 0.41
1.451612903224215 0 0.41
1.53225806451466 0 0.41
1.612903225805105 0 0.41
1.69354838709555 0 0.41
1.774193548385995 0 0.41
1.85483870967644 0 0.41
1.935483870966885 0 0.41
2.01612903225733 0 0.41
2.096774193547775 0 0.41
2.17741935483822 0 0.41
2.258064516128665 0 0.41
2.33870967741911 0 0.41
2.419354838709555 0 0.41
1 11 0 4
123
124
125
126
2.5 0.0819999999998168 0.41
2.5 0.1639999999995692 0.41
2.5 0.2459999999995605 0.41
2.5 0.3279999999997851 0.41
1 12 0 30
127
128
129
130
131
132
133
134
135
136
137
138
139
140
141
142
143
144
145
146
147
148
149
150
151
152
153
154
155
156
2.419354838709677 0.41 0.41
2.338709677419355 0.41 0.41
2.258064516129032 0.41 0.41
2.17741935483871 0.41 0.41
2.096774193548387 0.41 0.41
2.016129032258064 0.41 0.41
1.935483870967742 0.41 0.41
1.854838709677419 0.41 0.41
1.774193548387096 0.41 0.41
1.693548387096773 0.41 0.41
1.61290322580645 0.41 0.41
1.532258064516127 0.41 0.41
1.451612903225804 0.41 0.41
1.370967741935481 0.41 0.41
1.290322580645158 0.41 0.41
1.209677419354835 0.41 0.41
1.129032258064513 0.41 0.41
1.04838709677419 0.41 0.41
0.9677419354838681 0.41 0.41
0.8870967741935456 0.41 0.41
0.8064516129032233 0.41 0.41
0.7258064516129008 0.41 0.41
0.6451612903225787 0.41 0.41
0.5645161290322562 0.41 0.41
0.4838709677419342 0.41 0.41
0.4032258064516112 0.41 0.41
0.3225806451612896 0.41 0.41
0.2419354838709671 0.41 0.41
0.1612903225806446 0.41 0.41
0.08064516129032206 0.41 0.41
1 13 0 4
157
158
159
160
0 0.3280000000001972 0.41
0 0.2460000000004368 0.41
0 0.1640000000004435 0.41
0 0.0820000000002169 0.41
1 14 0 2
161
162
0.4833333333333153 0.15 0.41
0.5166666666666956 0.15 0.41
1 15 0 2
163
164
0.55 0.1833333333332429 0.41
0.55 0.2166666666665726 0.41
1 16 0 2
165
166
0.5166666666668474 0.25 0.41
0.4833333333334201 0.25 0.41
1 17 0 2
167
168
0.45 0.2166666666667607 0.41
0.45 0.1833333333334255 0.41
1 19 0 4
169
170
171
172
0 0 0.0819999999998168
0 0 0.1639999999995692
0 0 0.2459999999995605
0 0 0.3279999999997851
1 20 0 4
173
174
175
176
2.5 0 0.0819999999998168
2.5 0 0.1639999999995692
2.5 0 0.2459999999995605
2.5 0 0.3279999999997851
1 24 0 4
177
178
179
180
2.5 0.41 0.0819999999998168
2.5 0.41 0.1639999999995692
2.5 0.41 0.2459999999995605
2.5 0.41 0.3279999999997851
1 28 0 4
181
182
183
184
0 0.41 0.0819999999998168
0 0.41 0.1639999999995692
0 0.41 0.2459999999995605
0 0.41 0.3279999999997851
1 35 0 9
185
186
187
188
189
190
191
192
193
0.45 0.15 0.04099999999992403
0.45 0.15 0.0819999999998168
0.45 0.15 0.1229999999997052
0.45 0.15 0.1639999999995692
0.45 0.15 0.2049999999994737
0.45 0.15 0.2459999999995605
0.45 0.15 0.2869999999996506
0.45 0.15 0.3279999999997851
0.45 0.15 0.3689999999998763
1 36 0 9
194
195
196
197
198
199
200
201
202
0.55 0.15 0.04099999999992403
0.55 0.15 0.0819999999998168
0.55 0.15 0.1229999999997052
0.55 0.15 0.1639999999995692
0.55 0.15 0.2049999999994737
0.55 0.15 0.2459999999995605
0.55 0.15 0.2869999999996506
0.55 0.15 0.3279999999997851
0.55 0.15 0.3689999999998763
1 40 0 9
203
204
205
206
207
208
209
210
211
0.55 0.25 0.04099999999992403
0.55 0.25 0.0819999999998168
0.55 0.25 0.1229999999997052
0.55 0.25 0.1639999999995692
0.55 0.25 0.2049999999994737
0.55 0.25 0.2459999999995605
0.55 0.25 0.2869999999996506
0.55 0.25 0.3279999999997851
0.55 0.25 0.3689999999998763
1 44 0 9
212
213
214
215
216
217
218
219
220
0.45 0.25 0.04099999999992403
0.45 0.25 0.0819999999998168
0.45 0.25 0.1229999999997052
0.45 0.25 0.1639999999995692
0.45 0.25 0.2049999999994737
0.45 0.25 0.2459999999995605
0.45 0.25 0.2869999999996506
0.45 0.25 0.3279999999997851
0.45 0.25 0.3689999999998763
2 1 0 190
221
222
223
224
225
226
227
228
229
230
231
232
233
234
235
236
237
238
239
240
241
242
243
244
245
246
247
248
249
250
251
252
253
254
255
256
257
258
259
260
261
262
263
264
265
266
267
268
269
270
271
272
273
274
275
276
277
278
279
280
281
282
283
284
285
286
287
288
289
290
291
292
293
294
295
296
297
298
299
300
301
302
303
304
305
306
307
308
309
310
311
312
313
314
315
316
317
318
319
320
321
322
323
324
325
326
327
328
329
330
331
332
333
334
335
336
337
338
339
340
341
342
343
344
345
346
347
348
349
350
351
352
353
354
355
356
357
358
359
360
361
362
363
364
365
366
367
368
369
370
371
372
373
374
375
376
377
378
379
380
381
382
383
384
385
386
387
388
389
390
391
392
393
394
395
396
397
398
399
400
401
402
403
404
405
406
407
408
409
410
0.5815524485481199 0.2002124241750028 0
0.4133021050999536 0.202530465732958 0
0.7705118900931007 0.3412886419472523 0
0.9334850351266436 0.07121122676646918 0
2.217861175671008 0.3348034788758195 0
2.06446903849492 0.332600863441839 0
1.895231724562231 0.3446595834803863 0
1.734501862183322 0.341277201224131 0
1.572580645161289 0.3401592416302868 0
1.401097000288732 0.3352457997268388 0
1.080986517545454 0.06402017015074821 0
1.24710615759917 0.3440230668089305 0
0.06427956085873386 0.2007075643893284 0
0.2777744432718338 0.3414250880471109 0
2.304864094144727 0.07297970081264585 0
2.134487269401578 0.06833416007603728 0
1.975806451612104 0.06766438064441777 0
1.814516129031198 0.06984075836982048 0
1.653225806450314 0.06984075836981757 0
1.003991508810221 0.3342886805378782 0
1.493237568501788 0.06817566737422021 0
1.336654842625524 0.06987441723415906 0
0.2810917573753025 0.07193379844558548 0
0.7574675793855273 0.07477890338620687 0
2.429519314433354 0.2041899847079768 0
0.5304855091477311 0.281701481205114 0
0.5723443076975557 0.281442324842982 0
0.4683948320657839 0.2818073414722788 0
0.4274557446478556 0.2817733257614201 0
0.5306320112178136 0.1181371072269858 0
0.574410133120154 0.1181772816991973 0
0.468478587480629 0.1180747463947944 0
0.4267236511210971 0.1184162666655559 0
2.371092957617728 0.3358195507148254 0
0.1218399044201247 0.08583378533913727 0
0.1226886918219 0.3444899097611048 0
0.4501321792741434 0.3188289770829371 0
0.4016724819703784 0.3222766858220916 0
0.3738148574547703 0.2717152825032481 0
0.5478585633660975 0.319678352926243 0
0.5963184330258116 0.3199878005710694 0
0.6196956982234592 0.2762491094345976 0
0.6434898332732093 0.3121182934265993 0
0.6729469152229594 0.2683465532705971 0
0.633877722821004 0.2225391222086196 0
0.6973426824884201 0.2186636599736295 0
0.6603693919452408 0.1690376063116446 0
0.7243086781974292 0.1550832089875215 0
0.7640689963950941 0.2133269729257 0
0.6890396926895962 0.1067131774124703 0
0.4500103004957721 0.08117466132751648 0
0.4023360292541242 0.08036131663161376 0
0.3869683104313442 0.1179896791514082 0
0.5853271171141992 0.1578304980077415 0
0.5475168484502738 0.07331220126230571 0
0.602407304442936 0.06245024878892152 0
0.4991503431067479 0.3139192763659638 0
0.4991653233946748 0.08494827841056143 0
0.791246547397696 0.1457983257445469 0
0.8350616033184897 0.2054061330994746 0
0.8764136278999023 0.1364744218211435 0
0.9130086433861868 0.1987643227143419 0
0.8796578112901308 0.2689410065393161 0
0.957833868159377 0.2624843416974046 0
0.9893532239514238 0.1897111574614019 0
1.0372230466038 0.2574455331477517 0
1.068550798603189 0.1827549419459012 0
1.11693435363117 0.2474109350501169 0
1.148243713635797 0.1733752872309987 0
1.195640111355698 0.230325839446378 0
1.226413717972055 0.1557672049271531 0
1.275114584679806 0.218128160367628 0
1.168382597731114 0.08674609829405099 0
1.168619116197161 0.3037054120618971 0
0.2018135500679838 0.3443361534904482 0
0.2394229125146107 0.2804403736358582 0
0.3084592297724759 0.2767895446864554 0
0.2743815555003387 0.2224463731720556 0
0.2047446266100771 0.219321872367559 0
0.2504251531857962 0.154681254820536 0
0.1716796171943465 0.1561152323182149 0
0.3394277010853052 0.2175134255200034 0
0.2046447293470531 0.08224117845685551 0
0.3079844302515927 0.1291533829230817 0
0.9234114654274284 0.3378983570240235 0
0.8444538026563574 0.3411129434390551 0
0.8052140989654288 0.2751636690346091 0
1.018262963330568 0.1162042328265497 0
1.305654186095019 0.1437092517463295 0
1.352451338404564 0.2096788646628333 0
1.385384342992089 0.1377929800869582 0
1.423264845219772 0.2066079406629079 0
1.320634756577599 0.2866442845700427 0
2.431489113167379 0.1233543481086707 0
2.352659285406486 0.1506625693357962 0
2.358977895496976 0.2448839388081388 0
2.288130013637529 0.2046599902598857 0
2.292079140964117 0.2865282663163614 0
2.21873097157286 0.2466719361627013 0
2.218537216204872 0.1646671353162726 0
2.152097045396477 0.2026965722537997 0
2.144744824526211 0.2858750952256773 0
2.078213941828456 0.2448031379277187 0
2.000610793713465 0.2727280051467294 0
2.012395928402789 0.1961662287906199 0
1.936872925536072 0.2253180247287283 0
2.219438690788498 0.08184797123935385 0
1.572797659265271 0.06956324320387797 0
1.61293939482266 0.1396352642119559 0
1.693554415265104 0.1396738079850139 0
1.653225806450298 0.2095222751094049 0
1.73432232426695 0.2076277731544827 0
1.574570058756036 0.2084517262379486 0
1.535026814717459 0.1389962364445174 0
1.73387197243568 0.06983947357738268 0
1.895161290321657 0.06947802874891434 0
1.852033504983125 0.13716127295694 0
2.056016695437314 0.06705055130788681 0
2.090007140892592 0.1456555178154302 0
1.094074419955603 0.3347630292547446 0
1.491493249632979 0.3404031206386968 0
1.815263911587151 0.3414598722798415 0
1.864871449188519 0.2683128487443573 0
1.653279453938008 0.3410234006279362 0
1.773802412502209 0.1381900993934049 0
1.938104170753568 0.1459570704405302 0
0.3466064684605326 0.085125608784569 0
0.3426912343883131 0.3299093008912196 0
1.256184224069986 0.07601616203361543 0
0.1624070262605767 0.2817899508386485 0
0.5862885029535518 0.2424308156733489 0
2.433464954489262 0.2849534855477925 0
0.05937998523613251 0.1260885490875653 0
0.07523765975946327 0.2819253436484174 0
1.777978915035425 0.2725039657139743 0
1.61290322580509 0.2748407583694124 0
1.534499313168097 0.2753959325249927 0
1.694368597946516 0.2744658956998902 0
1.813556444689688 0.2038473777983335 0
2.379530833399588 0.06783192461048931 0
1.414807093391107 0.06746134883287051 0
0.4079082631079892 0.1593027232100966 0
0.3783065750275663 0.1907562552020452 0
0.4156995937619304 0.2414299478411366 0
0.7360692878158697 0.2748803790396318 0
0.8455384244062684 0.06518077495871412 0
1.454282296476876 0.2747318809043329 0
0.5229824808919745 0.3614678934161737 0
1.974972192889647 0.3445228768379724 0
0.499606136864106 0.2754856198086713 0
0.4996551844186256 0.1242320264064683 0
1.459259410208266 0.1385373263380851 0
0.6184554664131747 0.1829381859252169 0
0.6287077664732563 0.1234699504151734 0
0.6880203777863169 0.3400212992078299 0
0.1316180827014523 0.217446224569158 0
2.014466077419673 0.124498749799777 0
2.140253717415847 0.3546558875086671 0
0.9461046987389449 0.1424730723179812 0
2.295561493560248 0.3554302591814013 0
1.496817123091084 0.2071201738521308 0
2.280936058711715 0.1363128754935436 0
1.326025647409228 0.3571826302211624 0
0.652548489896855 0.06271643175404824 0
0.5142084768396163 0.04065074272290792 0
0.570766516495948 0.3549298547368431 0
0.6200592485236786 0.3606211695698763 0
0.4303389308956719 0.3641837861972853 0
2.162061978954946 0.1311621124109639 0
1.38935554220978 0.2645121074039101 0
1.934511817177987 0.2911082677876347 0
0.4772949803820944 0.353679986612472 0
0.3798298656815021 0.3652737152045993 0
1.24165561112501 0.2764125672507572 0
1.00806451612685 0.04989987748883935 0
1.879047897664891 0.1984633932770018 0
0.3507520004378472 0.1552925733844076 0
0.3079029679149564 0.1792861916837653 0
2.440101398003829 0.06025257803985934 0
0.7052838024247389 0.05573979709955561 0
2.441199559387515 0.3508274390564685 0
0.05880044061255629 0.3508274390565112 0
0.05420941888162272 0.05889535090198459 0
0.382828649023933 0.2251047527948938 0
1.169354838709673 0.3653812493340444 0
1.100738742865479 0.1272053041995503 0
0.431975979432811 0.04122081443921082 0
0.376439657074011 0.04079567473446232 0
0.4758462095808126 0.04959889938003933 0
0.109759430082158 0.1572382711406808 0
2 21 0 153
411
412
413
414
415
416
417
418
419
420
421
422
423
424
425
426
427
428
429
430
431
432
433
434
435
436
437
438
439
440
441
442
443
444
445
446
447
448
449
450
451
452
453
454
455
456
457
458
459
460
461
462
463
464
465
466
467
468
469
470
471
472
473
474
475
476
477
478
479
480
481
482
483
484
485
486
487
488
489
490
491
492
493
494
495
496
497
498
499
500
501
502
503
504
505
506
507
508
509
510
511
512
513
514
515
516
517
518
519
520
521
522
523
524
525
526
527
528
529
530
531
532
533
534
535
536
537
538
539
540
541
542
543
544
545
546
547
548
549
550
551
552
553
554
555
556
557
558
559
560
561
562
563
0.6833963162277079 0 0.3411750393479389
0.5240441986522677 0 0.06904732569667688
0.8467741934617763 0 0.06984075844779916
0.3631369439117194 0 0.3459354731705629
1.008064515920727 0 0.06984075832535176
1.734073597843469 0 0.06907466369761966
2.217741935483443 0 0.3401592416301812
1.574668199808443 0 0.06882496077104741
1.894704195636407 0 0.06740502871271495
1.329473955168139 0 0.06778983031513569
2.056291844457645 0 0.07307152046285659
1.169045677100804 0 0.06960962747146147
0.07067581784244152 0 0.2054493749497187
0.928590560185486 0 0.3422101693911437
1.089018839477509 0 0.3403903725656304
1.653225806450328 0 0.3401592417352595
1.81480415767956 0 0.3411253306493046
1.49193548388428 0 0.3401592412084956
1.975806451612107 0 0.3401592417352593
1.249999999998102 0 0.340159241630181
0.2822580645158899 0 0.06984075850089735
2.30434542183446 0 0.0743121356696453
0.5247448675002798 0 0.34056891527806
0.6854838709664066 0 0.06984075850082952
2.429372327220528 0 0.2045495802120593
0.2006315581516896 0 0.3396738644020472
2.369480513656401 0 0.3396350513031131
0.1305100141089851 0 0.07034086672120679
2.432043738545934 0 0.1239544692313783
2.349504234932727 0 0.1538746139701743
2.360558890438609 0 0.2456091184782679
2.287007627872622 0 0.2050137767307612
2.291908451989225 0 0.2866129287437841
2.216876052542726 0 0.2474501736716536
2.136567977522771 0 0.2931879312566896
2.143950410749322 0 0.2107441402626466
2.073426141622637 0 0.2544750019532379
2.070441865020075 0 0.1721255478864724
2.003342681421211 0 0.2168756042416612
2.139329856304642 0 0.1301911942261722
1.996638536565966 0 0.1383942287575031
1.932685374861953 0 0.1837867456877521
1.934472813350494 0 0.2693801892796532
1.853745099072519 0 0.2265655911282097
2.212459245304762 0 0.1659742912620027
2.219711282480543 0 0.08142934223207594
1.858750709858501 0 0.1439118958709152
1.791325782707476 0 0.1914702534387867
0.06799322853310198 0 0.2860991949448394
0.1535440749957215 0 0.2568978469192794
0.1407916949725217 0 0.1643877238118118
0.2168505558508369 0 0.204846636144541
0.2088495932671719 0 0.1230889747393581
0.2835093598392034 0 0.1637721309974184
0.3640329963060051 0 0.1165497693229545
0.3584114594721104 0 0.1976726235822786
0.4262591934287799 0 0.1546787226611228
0.4287756283880506 0 0.2349030263147873
0.4904941134343838 0 0.1896785187806452
0.2902679970486524 0 0.2453107701736483
1.088295448402372 0 0.06953648656768295
1.046565736319566 0 0.1388909831350236
0.9670282111715266 0 0.1393948109936057
1.008064516398645 0 0.2095222749337864
1.088709678131921 0 0.2095222744680903
0.9270473330857596 0 0.2092963572779271
0.9273616049701511 0 0.069805530710361
0.8868820415059562 0 0.139591059146744
0.8463181719498603 0 0.2092212884861503
0.8063371322747837 0 0.139620013944328
0.7661290321279839 0 0.2095222756153793
0.8057782131466784 0 0.2765003281389798
0.7257645757323963 0 0.1396591856047983
0.686651309583851 0 0.207471209850264
1.169769067785564 0 0.3404635134288153
1.211498780223502 0 0.271109017081319
1.291036304987529 0 0.2706051889133721
1.249999999732996 0 0.2004777250240098
1.331017183290637 0 0.2007036423605438
1.371178724740297 0 0.2704088084676516
1.411746023936942 0 0.2007788104783161
1.169354838655264 0 0.2004777251260825
1.4517259917037 0 0.2703799335849553
1.49193548285824 0 0.2004777234889451
1.45228627557856 0 0.1334996858055866
1.532299433833122 0 0.2703407940987794
1.571413163084183 0 0.2025288024116003
1.330721731433622 0 0.3401931082624938
1.411345474132458 0 0.3401822091454654
1.008383830679908 0 0.3406288301555161
0.2833405540236694 0 0.3345988883008874
1.65382284756874 0 0.0693979910308941
1.690933509917535 0 0.1381315855325051
0.4421803449176721 0 0.3348162167703229
1.814086987650599 0 0.06825379696654239
1.572583946686856 0 0.3401615827694823
1.894959366982161 0 0.3414544003000949
2.056451612879802 0 0.3401592416433158
0.4435483871658794 0 0.06984075838314674
1.249680685447647 0 0.0693711699170754
0.6043646219902323 0 0.340535838410215
0.5686177544019996 0 0.2742305464588219
0.7661161232600157 0 0.06983433012912549
0.6048355210667727 0 0.06955298749573359
0.564516128925535 0 0.1396815168263096
1.733900131204669 0 0.3405094483114593
1.692744696088545 0 0.2711478377303095
0.6452230734732773 0 0.139354096089992
1.612496253351534 0 0.2709312123902296
1.774193548328132 0 0.2703184832519562
2.434804202484648 0 0.2829829357253939
1.12607776452712 0 0.1374008764470163
1.131986751272207 0 0.2725991237841768
0.7653128292101732 0 0.3428815218230321
1.492751684846441 0 0.06711847937749929
0.8868275310932437 0 0.2759631560995415
1.371236945349833 0 0.1340368455320306
1.614371831975321 0 0.1371200274918269
0.6451893022497164 0 0.2736386431857336
0.06571577921526921 0 0.1271248042099525
2.375914274681401 0 0.06836718309095702
1.208933646799761 0 0.1359272821550244
1.04913086889155 0 0.2740727180440006
0.9679858922459703 0 0.2749903385266817
1.290078613654707 0 0.1350096620073052
0.8465947816819868 0 0.3428060893092545
1.411469727387692 0 0.06719391206876674
1.533111044431564 0 0.1351061182932275
1.651229887794899 0 0.2047887257498768
0.7254545092571829 0 0.2750709648832698
0.6138044796155749 0 0.2071128233969374
1.975806451612107 0 0.06519492913596876
0.1245799290662946 0 0.3422447389063367
0.5076726915991543 0 0.2708844150427479
2.137096774193 0 0.05887042995680662
0.3598036712792753 0 0.2726366955621468
1.721515732483492 0 0.2048685651085388
0.2233766240068574 0 0.2724276912418839
2.298387096773888 0 0.353898890560829
0.2016129032256375 0 0.05594394881737798
2.281883561602225 0 0.1402491017399847
1.774193548335157 0 0.1244074440252792
2.009668793164189 0 0.283659808612045
0.4844476018921076 0 0.1242453832689367
2.137096774192997 0 0.3575537524339544
0.3629032258060554 0 0.05218531997028409
1.938379340747328 0 0.1177791906356401
1.854838709524592 0 0.289823495506235
2.440017093299395 0 0.06033549004820495
0.05994894359156003 0 0.3496979121760046
2.441199559456754 0 0.3508274394001633
0.05880044060389573 0 0.05917256094286467
0.5525896627071898 0 0.2140411706155246
2 25 0 24
564
565
566
567
568
569
570
571
572
573
574
575
576
577
578
579
580
581
582
583
584
585
586
587
2.5 0.208301313563824 0.05473849702352879
2.5 0.2049999999995649 0.3389859169966305
2.5 0.3432703859462856 0.2010361587981629
2.5 0.06711971100558431 0.2003526852764923
2.5 0.2866525357570811 0.3405646922645565
2.5 0.2474596069412463 0.2749380908972605
2.5 0.1627293890674544 0.2758306311298774
2.5 0.204999999912667 0.1969577509467778
2.5 0.1231930637337459 0.3404545652339406
2.5 0.280753685760316 0.07711731157333594
2.5 0.06944667884436306 0.1230465664079968
2.5 0.07475852373322821 0.2811314083409402
2.5 0.3437313851163643 0.1253666443594951
2.5 0.3328788507108058 0.2803828930235477
2.5 0.1295149387789012 0.07155336363252593
2.5 0.135965168970119 0.1580055866809649
2.5 0.2788397487459345 0.1594388763889876
2.5 0.2145987206165244 0.1302503157475673
2.5 0.3499718344558225 0.3499718333699731
2.5 0.06002816629799312 0.06002816623358609
2.5 0.3499718337719318 0.06002816629236857
2.5 0.06002816635162966 0.3499718338717517
2.5 0.1272242418279063 0.2221372359216525
2.5 0.2827975917540949 0.2221694758723318
2 29 0 153
588
589
590
591
592
593
594
595
596
597
598
599
600
601
602
603
604
605
606
607
608
609
610
611
612
613
614
615
616
617
618
619
620
621
622
623
624
625
626
627
628
629
630
631
632
633
634
635
636
637
638
639
640
641
642
643
644
645
646
647
648
649
650
651
652
653
654
655
656
657
658
659
660
661
662
663
664
665
666
667
668
669
670
671
672
673
674
675
676
677
678
679
680
681
682
683
684
685
686
687
688
689
690
691
692
693
694
695
696
697
698
699
700
701
702
703
704
705
706
707
708
709
710
711
712
713
714
715
716
717
718
719
720
721
722
723
724
725
726
727
728
729
730
731
732
733
734
735
736
737
738
739
740
0.3650505380334783 0.41 0.0678481043724997
0.68548387096774 0.41 0.06984075826463412
0.5241935483870954 0.41 0.06984075826463412
1.008373678003402 0.41 0.06960962747751399
0.8467741935483848 0.41 0.06984075826463433
2.13590378156039 0.41 0.06894765861851801
1.976132889017155 0.41 0.06968619201885279
1.169354838433156 0.41 0.06984075838566911
1.653225806355964 0.41 0.06984075834671563
1.411290322715004 0.41 0.06984075830456718
1.80472701769465 0.41 0.341670654977229
0.07067581763014541 0.41 0.2045506251452948
2.42930902682749 0.41 0.2045388486697102
0.4435483870967727 0.41 0.340159241735366
0.2822580645161281 0.41 0.3401592417353659
0.6048387096774168 0.41 0.3401592417353659
0.7661290321820216 0.41 0.3401592416458618
0.9274193548387066 0.41 0.3401592417353657
1.088400515437598 0.41 0.3403903725857648
2.060377260887071 0.41 0.3384182007141365
2.217741935483871 0.41 0.3401592417353654
1.249999999999997 0.41 0.3401592417353653
1.491935483870966 0.41 0.340159241630287
1.653225806451612 0.41 0.340159241630287
1.814822531062258 0.41 0.0683395009326507
2.299799657150442 0.41 0.07022728559983192
0.2001658879491375 0.41 0.07023797640888363
0.1305100147298659 0.41 0.3396591331389092
2.369495510241572 0.41 0.3396617403702464
0.06799322855222778 0.41 0.1239008047549622
0.1511572895297419 0.41 0.1534200475469243
0.1402158215310751 0.41 0.245662721671065
0.2133826009015878 0.41 0.2051373918078968
0.2084297791657761 0.41 0.2868870174859696
0.2823101610360679 0.41 0.245255170001552
0.2822402780528406 0.41 0.1643284265002505
0.3523588447337076 0.41 0.2069721256013554
0.3613060786134326 0.41 0.2925730606744466
0.4239317620377885 0.41 0.2487241044625531
0.4244585254090532 0.41 0.1676491052584244
0.5023518228112818 0.41 0.209114165340049
2.431981598759966 0.41 0.1238148521441472
2.348804634134717 0.41 0.153411548608123
2.359775095130858 0.41 0.2456674900487691
2.286601287122769 0.41 0.2051612465954185
2.291559476586119 0.41 0.2869089150674609
2.218414430699926 0.41 0.2471999878656117
2.218677383031554 0.41 0.1647737611246768
2.147742747057234 0.41 0.2047954489231266
2.141941379811418 0.41 0.2875870755612492
2.077813718874376 0.41 0.2451155726145989
1.99897782187051 0.41 0.2773188592104595
2.011976289062793 0.41 0.1965404786104794
1.936506528984976 0.41 0.2258312645926526
1.927862663478459 0.41 0.3056065448804621
1.850311876640166 0.41 0.2641580703320802
1.880024007690574 0.41 0.1871763284737344
1.798668637825595 0.41 0.2030628904578797
0.444405132287673 0.41 0.06694441530424511
0.6854838708911735 0.41 0.3401592417274908
0.6451614250455406 0.41 0.2703182995142437
0.5645161290550065 0.41 0.2703184833787876
0.6000628729527233 0.41 0.2027322033353269
0.68413099563738 0.41 0.2017552051069797
0.5242115718963163 0.41 0.3407389995548514
2.21846124268552 0.41 0.07552949705625908
1.572580645104525 0.41 0.06984075821897905
1.612903225622643 0.41 0.1396815165617185
1.532258064384097 0.41 0.1396815166318471
1.572580644998428 0.41 0.2095222743597207
1.491935483804501 0.41 0.2095222749736141
1.650408005324302 0.41 0.209100938174251
1.572580645161288 0.41 0.3401592417353652
1.249999999775181 0.41 0.06984075838979324
1.209677419134037 0.41 0.1396815165918484
1.290322580581731 0.41 0.1396815168461595
1.130815083516049 0.41 0.1388952480511683
1.169354838415281 0.41 0.2095222743305721
1.088709677441642 0.41 0.2095222746995384
1.330645161483907 0.41 0.06984075850427529
1.3709677421631 0.41 0.1396815168618748
1.330645161244466 0.41 0.2095222751796879
1.250000000111638 0.41 0.2095222755549273
1.491935483877121 0.41 0.06984075824900979
0.6030966904054478 0.41 0.07066637517059764
1.00765028707654 0.41 0.3404635134484585
0.9659205750609157 0.41 0.271109017124041
0.8863830498622791 0.41 0.2706051891626424
0.9274193547220935 0.41 0.2004777247310044
0.8467741936578708 0.41 0.2004777247995731
1.008064515888681 0.41 0.2004777250755595
0.8061857472749459 0.41 0.2704226121063688
0.7661290325212635 0.41 0.0698407585449287
2.055915892097578 0.41 0.06881314428615669
2.086437040554507 0.41 0.1414238380768438
1.330645161290321 0.41 0.3401592421598197
1.733879190683274 0.41 0.0689353805556351
1.16929990249057 0.41 0.3404392611535548
1.896320442421534 0.41 0.06887910501949847
1.730111729248904 0.41 0.3411965504077172
0.92747429111393 0.41 0.06956073885529537
1.411290322769912 0.41 0.3401592416487844
0.282211969592105 0.41 0.07563210467616921
0.7255797293713293 0.41 0.270382732029487
1.411290322524484 0.41 0.2095222749826475
0.8466928101102447 0.41 0.3401922460937004
1.089285347536611 0.41 0.06954817373122128
1.690370209173689 0.41 0.1378428728931244
1.451612903267149 0.41 0.1396815167243934
0.7657257892225753 0.41 0.2014128549882939
0.5533277730836639 0.41 0.144649604449531
1.937478751360051 0.41 0.1397625958704639
1.045432603641244 0.41 0.2725991237157605
1.051341206755462 0.41 0.1374002835028068
2.434484969951115 0.41 0.2829230391055122
0.06550997956850813 0.41 0.2829249653516747
1.128313882688212 0.41 0.2740710025715544
1.532258064265585 0.41 0.2748407584304867
1.370967742058745 0.41 0.2748407588361654
1.290322580297551 0.41 0.2748407585454383
1.451612903103744 0.41 0.274840758324896
0.8870967741344449 0.41 0.1351592414983104
0.968460368373119 0.41 0.1359287881423732
1.20946350916605 0.41 0.2745787402717255
0.8064516132618484 0.41 0.1351592271884801
1.692299669184377 0.41 0.2750884031585724
1.612199636398103 0.41 0.2749906158994287
0.725657073012135 0.41 0.1353005445236471
0.6453352720383398 0.41 0.1385812980300398
0.1245799290328962 0.41 0.06775526117352167
2.375366914216736 0.41 0.06772457083397015
1.764710472742148 0.41 0.2726180670732151
1.77419354855026 0.41 0.1325978083411918
1.724554218789462 0.41 0.207670631493224
1.997671076158884 0.41 0.3453280323871809
0.4921108883598162 0.41 0.2795885771515403
2.016152000682481 0.41 0.1268503434292683
2.137096774193548 0.41 0.3538614309998919
0.2016129032258078 0.41 0.3540560507303976
2.298387096774194 0.41 0.3540702424286604
0.3497280440800141 0.41 0.1362622764230432
2.28059232785807 0.41 0.1363316098379108
0.2186262330813147 0.41 0.1373856763319111
0.3629032258064506 0.41 0.3578146790995211
0.4781300705033464 0.41 0.1225871915418672
2.156379694449239 0.41 0.1317430215223125
1.870786729557783 0.41 0.3488714516331821
0.05994894325608868 0.41 0.06030208776162574
2.440101398085111 0.41 0.06025257818063922
2.441199559456866 0.41 0.3508274394002411
0.05880044054313238 0.41 0.3508274394002449
1.852854660179843 0.41 0.1204653607462474
0.4032258062395204 0.41 0.1127378667918764
2 33 0 25
741
742
743
744
745
746
747
748
749
750
751
752
753
754
755
756
757
758
759
760
761
762
763
764
765
0 0.3432703860673448 0.2010361586673919
0 0.06672961421258161 0.2010361587834046
0 0.2050000001206702 0.3389859169995496
0 0.2001367303791163 0.06481313232310247
0 0.1233474643127961 0.340564692313543
0 0.1625403928986946 0.2749380909843031
0 0.2472742498907886 0.2758360044748256
0 0.2050000005730059 0.1969577510186667
0 0.123032053508411 0.0607878556639871
0 0.2795873167247577 0.07855654513916142
0 0.2868070941864925 0.340454798399845
0 0.07712114937716846 0.2803828930605524
0 0.3352838975846054 0.2812050124340517
0 0.3435925317897686 0.1255379815587518
0 0.07841644000268178 0.12068062395029
0 0.1376743738669585 0.1641954088039263
0 0.2786222116564497 0.1597073049548124
0 0.2174854428624593 0.1339859169542589
0 0.3499718336842683 0.06002816638014244
0 0.06002816564043473 0.3499718333517342
0 0.06002816623396379 0.06002816629826365
0 0.3499718337900608 0.3499718337899503
0 0.127202407646359 0.2221694758995268
0 0.2827975918969537 0.2221694757032324
0 0.1602149032549541 0.111830734345797
2 37 0 22
766
767
768
769
770
771
772
773
774
775
776
777
778
779
780
781
782
783
784
785
786
787
0.5000000000000054 0.15 0.02886751345267046
0.5000000000000054 0.15 0.3811324865839714
0.5144929584449558 0.15 0.1434999999996373
0.4855070415551582 0.15 0.2254999999995171
0.5166359009300197 0.15 0.3032079458773094
0.4833640988928409 0.15 0.1067920551477371
0.4838354133278437 0.15 0.1811701394499907
0.4855070414677731 0.15 0.2664999998481117
0.5159225163525692 0.15 0.3460239330711009
0.4840774836430726 0.15 0.06397606693580546
0.5192210919558744 0.15 0.05874959557766794
0.4807789080722721 0.15 0.3512504044716808
0.5226366656395188 0.15 0.26365551598323
0.4789404162044837 0.15 0.1436442952924576
0.5189642497677978 0.15 0.09902467597726673
0.5185926754563854 0.15 0.1892244410509481
0.5198617016733945 0.15 0.2294202597079651
0.481035748873911 0.15 0.3109753242445978
0.5271167992060792 0.15 0.3796841913586845
0.4666666666666577 0.15 0.3894999999999382
0.5333333338047134 0.15 0.02049999999996202
0.4728832006140122 0.15 0.03031580864216762
2 41 0 22
788
789
790
791
792
793
794
795
796
797
798
799
800
801
802
803
804
805
806
807
808
809
0.55 0.1999999999999078 0.3811324865839917
0.55 0.1999999999999078 0.02886751345265006
0.55 0.1855070415737335 0.1434999999996373
0.55 0.2161645867364587 0.2288298603313949
0.55 0.2166359008254095 0.3032079452751977
0.55 0.1856386385802806 0.2663020786103091
0.55 0.2166359008680384 0.1067920546560845
0.55 0.2127318149106052 0.1866756384758083
0.55 0.2159225162907542 0.346023933063325
0.55 0.2159225163927517 0.0639760669225963
0.55 0.1807789070130758 0.05874959607085049
0.55 0.1807789071671992 0.351250404121893
0.55 0.1812757758348299 0.2208594863048155
0.55 0.18105309757206 0.3109757497829165
0.55 0.221011628431166 0.1434999999996373
0.55 0.1810357482388744 0.09902467541049483
0.55 0.2210717430247117 0.266337344065426
0.55 0.1785839536848579 0.1848885150356296
0.55 0.1666666666666215 0.3894999999999382
0.55 0.2271167991763788 0.3796841914273181
0.55 0.1666666666666215 0.02049999999996201
0.55 0.2271167991882413 0.03031580861392154
2 45 0 22
810
811
812
813
814
815
816
817
818
819
820
821
822
823
824
825
826
827
828
829
830
831
0.5000000000001338 0.25 0.3811324865839917
0.5000000000001338 0.25 0.02886751345265012
0.5144929584449558 0.25 0.1434999999996373
0.4855070415551582 0.25 0.2254999999995171
0.4833640989794405 0.25 0.3032079450960233
0.4833640992049645 0.25 0.1067920551608852
0.5142920891302442 0.25 0.2655576745499813
0.483835412983739 0.25 0.18117013934915
0.4840774839113261 0.25 0.3460239335281811
0.484077483643092 0.25 0.06397606693577183
0.5192210919559017 0.25 0.05874959557770882
0.5192210920003698 0.25 0.3512504047708797
0.5185926744483964 0.25 0.1892244409278797
0.4789404162098914 0.25 0.1436442957066086
0.5189642521069191 0.25 0.09902467533279234
0.521184415663384 0.25 0.2248917110816412
0.478988372549172 0.25 0.2664999999996056
0.518936176513924 0.25 0.3108544876349117
0.5333333333334237 0.25 0.3894999999999381
0.5333333333334237 0.25 0.02049999999996201
0.4728832008655503 0.25 0.3796841917092075
0.4728832008351673 0.25 0.03031580856192478
2 49 0 22
832
833
834
835
836
837
838
839
840
841
842
843
844
845
846
847
848
849
850
851
852
853
0.45 0.2000000000000931 0.02886751345265086
0.45 0.2000000000000931 0.381132486583991
0.45 0.1855070415550442 0.1434999999996373
0.45 0.1855070415551582 0.2254999999995171
0.45 0.1833640991720857 0.303207945302447
0.45 0.2166359007848265 0.1067920547912693
0.45 0.2144929584262489 0.1844999999995215
0.45 0.2142920902838168 0.2655576746232609
0.45 0.184077483704132 0.3460239331693103
0.45 0.2159225163046487 0.06397606684655935
0.45 0.1807789069913651 0.05874959598108571
0.45 0.2192210928351312 0.3512504041314937
0.45 0.2210116284208772 0.1434999999996373
0.45 0.2210116284650878 0.2254999999995171
0.45 0.2189361785377122 0.3108544878549103
0.45 0.1810357482642793 0.099024675461826
0.45 0.1789883725390099 0.1844999999995215
0.45 0.1789883715686911 0.2664999999996055
0.45 0.2333333333333803 0.3894999999999383
0.45 0.1728832007255458 0.379684191465711
0.45 0.2271167991809905 0.03031580852149286
0.45 0.1666666666667128 0.02049999999996201
2 50 0 190
854
855
856
857
858
859
860
861
862
863
864
865
866
867
868
869
870
871
872
873
874
875
876
877
878
879
880
881
882
883
884
885
886
887
888
889
890
891
892
893
894
895
896
897
898
899
900
901
902
903
904
905
906
907
908
909
910
911
912
913
914
915
916
917
918
919
920
921
922
923
924
925
926
927
928
929
930
931
932
933
934
935
936
937
938
939
940
941
942
943
944
945
946
947
948
949
950
951
952
953
954
955
956
957
958
959
960
961
962
963
964
965
966
967
968
969
970
971
972
973
974
975
976
977
978
979
980
981
982
983
984
985
986
987
988
989
990
991
992
993
994
995
996
997
998
999
1000
1001
1002
1003
1004
1005
1006
1007
1008
1009
1010
1011
1012
1013
1014
1015
1016
1017
1018
1019
1020
1021
1022
1023
1024
1025
1026
1027
1028
1029
1030
1031
1032
1033
1034
1035
1036
1037
1038
1039
1040
1041
1042
1043
0.5815524485481199 0.2002124241750028 0.41
0.4133021050999536 0.202530465732958 0.41
0.7705118900931007 0.3412886419472523 0.41
0.9334850351266436 0.07121122676646872 0.41
2.217861175671008 0.3348034788758195 0.41
2.06446903849492 0.332600863441839 0.41
1.895231724562231 0.3446595834803863 0.41
1.734501862183322 0.341277201224131 0.41
1.572580645161289 0.3401592416302868 0.41
1.401097000288732 0.3352457997268386 0.41
1.080986517545454 0.06402017015074751 0.41
1.247106157599169 0.3440230668089303 0.41
0.06427956085873386 0.2007075643893284 0.41
0.2777744432718338 0.3414250880471109 0.41
2.304864094144727 0.07297970081264585 0.41
2.134487269401578 0.06833416007603728 0.41
1.975806451612104 0.06766438064441777 0.41
1.814516129031198 0.06984075836982048 0.41
1.653225806450314 0.06984075836981757 0.41
1.003991508810222 0.3342886805378776 0.41
1.493237568501789 0.0681756673742205 0.41
1.336654842625525 0.0698744172341591 0.41
0.2810917573753025 0.07193379844558548 0.41
0.757467579385527 0.07477890338620684 0.41
2.429519314433354 0.2041899847079768 0.41
0.530485509147731 0.281701481205114 0.41
0.5723443076975557 0.2814423248429822 0.41
0.4683948320657839 0.2818073414722788 0.41
0.4274557446478556 0.2817733257614201 0.41
0.5306320112178136 0.1181371072269858 0.41
0.574410133120154 0.1181772816991976 0.41
0.468478587480629 0.1180747463947944 0.41
0.4267236511210971 0.1184162666655559 0.41
2.371092957617728 0.3358195507148254 0.41
0.1218399044201247 0.08583378533913727 0.41
0.1226886918219 0.3444899097611048 0.41
0.4501321792741434 0.3188289770829371 0.41
0.4016724819703784 0.3222766858220916 0.41
0.3738148574547703 0.2717152825032481 0.41
0.5478585633660974 0.3196783529262431 0.41
0.5963184330258114 0.3199878005710697 0.41
0.6196956982234592 0.2762491094345979 0.41
0.6434898332732093 0.3121182934265997 0.41
0.6729469152229596 0.2683465532705975 0.41
0.6338777228210042 0.2225391222086199 0.41
0.6973426824884205 0.2186636599736296 0.41
0.6603693919452409 0.1690376063116449 0.41
0.7243086781974293 0.1550832089875215 0.41
0.7640689963950942 0.2133269729256999 0.41
0.689039692689596 0.1067131774124706 0.41
0.4500103004957721 0.08117466132751648 0.41
0.4023360292541242 0.08036131663161376 0.41
0.3869683104313442 0.1179896791514082 0.41
0.5853271171141992 0.1578304980077417 0.41
0.5475168484502738 0.07331220126230574 0.41
0.602407304442936 0.06245024878892175 0.41
0.4991503431067479 0.3139192763659638 0.41
0.4991653233946748 0.08494827841056143 0.41
0.7912465473976962 0.1457983257445466 0.41
0.83506160331849 0.2054061330994742 0.41
0.8764136278999023 0.1364744218211431 0.41
0.913008643386187 0.1987643227143413 0.41
0.8796578112901312 0.2689410065393155 0.41
0.9578338681593772 0.2624843416974035 0.41
0.9893532239514238 0.1897111574614008 0.41
1.0372230466038 0.2574455331477507 0.41
1.068550798603189 0.1827549419458998 0.41
1.11693435363117 0.2474109350501157 0.41
1.148243713635797 0.1733752872309975 0.41
1.195640111355697 0.2303258394463773 0.41
1.226413717972056 0.1557672049271525 0.41
1.275114584679806 0.2181281603676279 0.41
1.168382597731115 0.08674609829405015 0.41
1.16861911619716 0.3037054120618959 0.41
0.2018135500679838 0.3443361534904482 0.41
0.2394229125146107 0.2804403736358582 0.41
0.3084592297724759 0.2767895446864554 0.41
0.2743815555003387 0.2224463731720556 0.41
0.2047446266100771 0.219321872367559 0.41
0.2504251531857962 0.154681254820536 0.41
0.1716796171943465 0.1561152323182149 0.41
0.3394277010853052 0.2175134255200034 0.41
0.2046447293470531 0.08224117845685551 0.41
0.3079844302515927 0.1291533829230817 0.41
0.9234114654274286 0.3378983570240233 0.41
0.8444538026563575 0.341112943439055 0.41
0.8052140989654292 0.2751636690346089 0.41
1.018262963330568 0.1162042328265488 0.41
1.305654186095019 0.1437092517463295 0.41
1.352451338404565 0.2096788646628335 0.41
1.385384342992089 0.1377929800869588 0.41
1.423264845219772 0.2066079406629086 0.41
1.320634756577599 0.2866442845700427 0.41
2.431489113167379 0.1233543481086707 0.41
2.352659285406486 0.1506625693357962 0.41
2.358977895496976 0.2448839388081388 0.41
2.288130013637529 0.2046599902598857 0.41
2.292079140964117 0.2865282663163614 0.41
2.21873097157286 0.2466719361627013 0.41
2.218537216204872 0.1646671353162726 0.41
2.152097045396477 0.2026965722537997 0.41
2.144744824526211 0.2858750952256773 0.41
2.078213941828456 0.2448031379277187 0.41
2.000610793713465 0.2727280051467294 0.41
2.012395928402789 0.1961662287906199 0.41
1.936872925536072 0.2253180247287283 0.41
2.219438690788498 0.08184797123935385 0.41
1.572797659265271 0.06956324320387791 0.41
1.61293939482266 0.1396352642119558 0.41
1.693554415265104 0.1396738079850139 0.41
1.653225806450298 0.2095222751094049 0.41
1.73432232426695 0.2076277731544827 0.41
1.574570058756036 0.2084517262379493 0.41
1.535026814717459 0.1389962364445179 0.41
1.73387197243568 0.06983947357738268 0.41
1.895161290321657 0.06947802874891434 0.41
1.852033504983125 0.13716127295694 0.41
2.056016695437314 0.06705055130788681 0.41
2.090007140892592 0.1456555178154302 0.41
1.094074419955603 0.3347630292547441 0.41
1.491493249632979 0.3404031206386968 0.41
1.815263911587151 0.3414598722798415 0.41
1.864871449188519 0.2683128487443573 0.41
1.653279453938008 0.3410234006279363 0.41
1.773802412502209 0.1381900993934049 0.41
1.938104170753568 0.1459570704405302 0.41
0.3466064684605326 0.085125608784569 0.41
0.3426912343883131 0.3299093008912196 0.41
1.256184224069986 0.07601616203361518 0.41
0.1624070262605767 0.2817899508386485 0.41
0.5862885029535518 0.242430815673349 0.41
2.433464954489262 0.2849534855477925 0.41
0.05937998523613251 0.1260885490875653 0.41
0.07523765975946327 0.2819253436484174 0.41
1.777978915035425 0.2725039657139743 0.41
1.612903225805092 0.2748407583694135 0.41
1.534499313168097 0.2753959325249934 0.41
1.694368597946516 0.2744658956998904 0.41
1.813556444689688 0.2038473777983335 0.41
2.379530833399588 0.06783192461048931 0.41
1.414807093391107 0.06746134883287094 0.41
0.4079082631079892 0.1593027232100966 0.41
0.3783065750275663 0.1907562552020452 0.41
0.4156995937619304 0.2414299478411366 0.41
0.7360692878158697 0.2748803790396317 0.41
0.8455384244062683 0.06518077495871373 0.41
1.454282296476876 0.2747318809043329 0.41
0.5229824808919744 0.3614678934161739 0.41
1.974972192889647 0.3445228768379724 0.41
0.499606136864106 0.2754856198086713 0.41
0.4996551844186256 0.1242320264064683 0.41
1.459259410208266 0.138537326338086 0.41
0.6184554664131749 0.182938185925217 0.41
0.6287077664732563 0.123469950415174 0.41
0.688020377786317 0.3400212992078302 0.41
0.1316180827014523 0.217446224569158 0.41
2.014466077419673 0.124498749799777 0.41
2.140253717415847 0.3546558875086671 0.41
0.9461046987389449 0.1424730723179805 0.41
2.295561493560248 0.3554302591814013 0.41
1.496817123091084 0.2071201738521313 0.41
2.280936058711715 0.1363128754935436 0.41
1.326025647409228 0.3571826302211623 0.41
0.652548489896855 0.0627164317540483 0.41
0.5142084768396163 0.04065074272290792 0.41
0.570766516495948 0.3549298547368435 0.41
0.6200592485236787 0.3606211695698769 0.41
0.4303389308956719 0.3641837861972853 0.41
2.162061978954946 0.1311621124109639 0.41
1.389355542209781 0.2645121074039098 0.41
1.934511817177987 0.2911082677876347 0.41
0.4772949803820944 0.353679986612472 0.41
0.3798298656815021 0.3652737152045993 0.41
1.241655611125008 0.2764125672507574 0.41
1.00806451612685 0.0498998774888387 0.41
1.879047897664891 0.1984633932770018 0.41
0.3507520004378472 0.1552925733844076 0.41
0.3079029679149564 0.1792861916837653 0.41
2.440101398003829 0.06025257803985934 0.41
0.7052838024247388 0.05573979709955607 0.41
2.441199559387515 0.3508274390564685 0.41
0.05880044061255629 0.3508274390565112 0.41
0.05420941888162272 0.05889535090198459 0.41
0.382828649023933 0.2251047527948938 0.41
1.169354838709673 0.3653812493340429 0.41
1.100738742865478 0.1272053041995494 0.41
0.431975979432811 0.04122081443921082 0.41
0.376439657074011 0.04079567473446232 0.41
0.4758462095808126 0.04959889938003933 0.41
0.109759430082158 0.1572382711406808 0.41
3 1 0 355
1044
1045
1046
1047
1048
1049
1050
1051
1052
1053
1054
1055
1056
1057
1058
1059
1060
1061
1062
1063
1064
1065
1066
1067
1068
1069
1070
1071
1072
1073
1074
1075
1076
1077
1078
1079
1080
1081
1082
1083
1084
1085
1086
1087
1088
1089
1090
1091
1092
1093
1094
1095
1096
1097
1098
1099
1100
1101
1102
1103
1104
1105
1106
1107
1108
1109
1110
1111
1112
1113
1114
1115
1116
1117
1118
1119
1120
1121
1122
1123
1124
1125
1126
1127
1128
1129
1130
1131
1132
1133
1134
1135
1136
1137
1138
1139
1140
1141
1142
1143
1144
1145
1146
1147
1148
1149
1150
1151
1152
1153
1154
1155
1156
1157
1158
1159
1160
1161
1162
1163
1164
1165
1166
1167
1168
1169
1170
1171
1172
1173
1174
1175
1176
1177
1178
1179
1180
1181
1182
1183
1184
1185
1186
1187
1188
1189
1190
1191
1192
1193
1194
1195
1196
1197
1198
1199
1200
1201
1202
1203
1204
1205
1206
1207
1208
1209
1210
1211
1212
1213
1214
1215
1216
1217
1218
1219
1220
1221
1222
1223
1224
1225
1226
1227
1228
1229
1230
1231
1232
1233
1234
1235
1236
1237
1238
1239
1240
1241
1242
1243
1244
1245
1246
1247
1248
1249
1250
1251
1252
1253
1254
1255
1256
1257
1258
1259
1260
1261
1262
1263
1264
1265
1266
1267
1268
1269
1270
1271
1272
1273
1274
1275
1276
1277
1278
1279
1280
1281
1282
1283
1284
1285
1286
1287
1288
1289
1290
1291
1292
1293
1294
1295
1296
1297
1298
1299
1300
1301
1302
1303
1304
1305
1306
1307
1308
1309
1310
1311
1312
1313
1314
1315
1316
1317
1318
1319
1320
1321
1322
1323
1324
1325
1326
1327
1328
1329
1330
1331
1332
1333
1334
1335
1336
1337
1338
1339
1340
1341
1342
1343
1344
1345
1346
1347
1348
1349
1350
1351
1352
1353
1354
1355
1356
1357
1358
1359
1360
1361
1362
1363
1364
1365
1366
1367
1368
1369
1370
1371
1372
1373
1374
1375
1376
1377
1378
1379
1380
1381
1382
1383
1384
1385
1386
1387
1388
1389
1390
1391
1392
1393
1394
1395
1396
1397
1398
0.1075469145966758 0.2786294514438321 0.2942699839185962
0.08424374385459307 0.3188973597166729 0.1959626243193628
0.6079833703750867 0.1513304284219051 0.2482755189775548
0.6251146403878352 0.1040334160266655 0.205554905027568
0.5784404864619331 0.1129384127048128 0.1783626153475522
0.6146636052616694 0.1529929385516145 0.1742768995183667
2.01802371386749 0.07661041493450269 0.1631677301522234
1.973843508043104 0.2109281065163288 0.152911985392525
2.07018695309512 0.1612416115720284 0.08196229214739731
1.971115532504939 0.1056990193303615 0.09985674354754592
0.3953843952831297 0.2653005084367762 0.2150536897711049
0.3909339225190173 0.1980255260461899 0.1984249012708655
0.4744199796248485 0.3332850554396894 0.0606511526760057
2.364335844534635 0.2265431807027571 0.2527221441122837
2.274921492852195 0.1951744641201932 0.2768350480054024
2.416220151669855 0.2031616747990518 0.317048674660081
0.3700804410866833 0.2531628422672479 0.3051351734172253
0.3360150083941703 0.1912900624115171 0.3014906292547614
0.3115888489501483 0.2363435473862619 0.3503785842477573
0.2933437894865588 0.2409707199353481 0.2660211436692043
0.1322101478976333 0.2813369272508047 0.1255144672873828
1.810680645112853 0.07737064682257963 0.298269389566044
0.612739135117881 0.2311228610553223 0.0824988084311353
0.4253221668769726 0.3308007991542659 0.3114327962451868
0.4635730123265309 0.3219219585329761 0.358150264627386
0.4722856825996972 0.3130808559853435 0.2716462851161826
2.136736060194078 0.09078022169754529 0.1872673053019109
0.1907525386682239 0.2599328488276688 0.07105391340877629
1.861397059249513 0.1669662136650349 0.2922740380423126
0.6740431097713588 0.1330206369686915 0.3440897410247046
0.6862690600183092 0.1417078473858847 0.2726561757363473
0.7317753356165084 0.0993537753378199 0.3301052041196427
0.6390542979019765 0.08570997035730797 0.2694384672141986
1.609871750865916 0.3365533138592284 0.1808631991871191
1.652090321498881 0.3325347914681029 0.09930059939947172
1.587651422526734 0.2543243242884051 0.1679872837676749
1.544611073289979 0.3029346156835253 0.08282750997957276
0.9207627029409203 0.3078854145403055 0.07702778094235316
1.94280757127474 0.09705089756257358 0.2495416144291668
2.034017733670858 0.07788952529319861 0.2920381980751855
0.5399915504283836 0.06636253157698381 0.09577657935646637
0.6013121592175334 0.08391957508489659 0.06913123076714206
0.6080700431258648 0.0867017779210925 0.1418627280112238
2.320246941420641 0.2301630114967202 0.07141771090800107
2.404593804009095 0.1937457958771511 0.07849084581485424
2.318024084860188 0.1433817203897493 0.08842063279072042
2.414232875830854 0.09741505159558947 0.3121673454698592
0.4895326652865856 0.2934859950710079 0.09020093493041216
0.5189067889815947 0.348371265914036 0.1074721074715906
2.203853436988291 0.2856136482570085 0.3126998159635973
2.303539386425068 0.3085127839440187 0.3307686701130927
1.773103433705216 0.2022361170709597 0.07726818963457588
1.805118126181062 0.09754508083651175 0.07404134466891756
1.859809189230636 0.2021769037083994 0.1359790098180598
1.816515867922521 0.1343118403528423 0.2006592094069823
1.284344982959676 0.08631497503076659 0.2965164916464632
1.186764413560145 0.08629682011575338 0.3257498853706414
2.29928147864458 0.09783400431395542 0.3273660836472654
1.584099874744826 0.2959825658626037 0.2573133563432505
1.534022159089234 0.2041972926106874 0.2032079462422884
1.559007699663852 0.2046007359049077 0.2781462401002617
2.096108711675025 0.3162662454871909 0.1549396876211447
2.013057928206274 0.2743529191551463 0.1952538316583315
2.083369194747867 0.3043124660668191 0.2604124239182425
2.215629269325872 0.1521511492730199 0.09653929442977041
1.67912879040801 0.08525514177775784 0.3041530022640486
1.596544196623964 0.08146739170997926 0.2967625635781074
0.2173235779587988 0.1032485672164265 0.152245790882493
0.08177140591738175 0.09303859537227063 0.1983146749991669
0.1467750641996359 0.1798949956431113 0.1693439858745371
0.1212869694795954 0.1150840696674032 0.1282506494463119
0.5177203219395138 0.3325118000875306 0.3646045820981886
0.2312113553062286 0.1270248257958596 0.07573305485965616
2.349898864069435 0.07009696835667636 0.1104140110005182
2.414953291548497 0.0901140781393977 0.1958611081900311
2.426982808959891 0.1724326880335544 0.1589751514211275
2.339096162830523 0.1554875023587665 0.2037495327882019
1.026723454001932 0.09913433434800084 0.082353778938264
0.2489126321720428 0.07578618258433623 0.3160619364044528
0.217078790870183 0.1086031329737333 0.2531128508553826
0.3543334114696154 0.1227091568184996 0.09503788117475889
0.312250376415231 0.1619731858410558 0.05818937974700841
0.4120176186462192 0.1584733034149104 0.06282758813810875
0.4150215415615858 0.2132312778687245 0.3701687938231677
0.3955815311311528 0.1334599886422254 0.3620844759491481
1.713337201500729 0.2799897411339632 0.1409730396392053
1.68505913349675 0.2026008577903314 0.1138094959698983
1.922503827696405 0.119186240050054 0.3240215085013367
2.411594095563407 0.3269493979166904 0.2174889908658243
1.28064437170003 0.2870038997431736 0.2056811592314001
1.359127656471401 0.2810504090708381 0.2057010692167564
1.313677477641286 0.3065670368184849 0.08338913090546383
1.91525758153597 0.2447629221308152 0.3394330641835471
1.869623597455558 0.3227161434925799 0.3129343577235056
1.887282523914984 0.3062791778796436 0.2359397391990328
1.843638608396239 0.2494394942380529 0.3061804846840497
1.747882729545307 0.335886710795649 0.188279635222281
2.108164503764437 0.1342942540488681 0.3218642217783487
2.04535205370539 0.2140183902614696 0.3289334514192019
0.1737457145289041 0.06862202118943635 0.08428933858838508
0.4796344462137662 0.09444904122961134 0.1986115309660153
0.5331654515565931 0.1091568994618114 0.2018143875472031
0.5294149529783962 0.07268178324567907 0.1596322078309214
1.90680127944718 0.2031052477538772 0.2052500686622846
1.224259103475815 0.3289018279026851 0.08560712209454456
1.131843389614748 0.3181268127908694 0.1138699852164473
1.634261613493428 0.2049218034527123 0.2236943087612137
1.647366944449873 0.2270294667834759 0.300177813816484
1.029421619553292 0.1856094555161515 0.1067877068417919
0.9814260277918024 0.1215831628817771 0.2056429387899733
1.061162676391062 0.1167838082375197 0.2056526331719498
0.9987217160027893 0.2012494248906915 0.2048308630445896
1.665359756989226 0.279901489608417 0.2053652985806271
0.1508806969627094 0.1895131383361745 0.06753767171445163
0.3431199382023827 0.216800861549226 0.1104383623361552
0.3868326672500654 0.2008295717949225 0.07174999999981863
0.5928513902702546 0.1847464715756684 0.3382037066904465
0.6112459107308403 0.188121037932006 0.1335020382593991
0.7287435227814102 0.3350082555660713 0.2971143622792166
0.6674965916965051 0.2757893709890928 0.3051578912926634
0.5083725368856459 0.2921689154795497 0.3315140029126271
0.6819888399943869 0.1529816281333052 0.05880951441260394
0.6236343115325811 0.1590570490780494 0.08290650697829591
0.7121986898883584 0.2130502296968768 0.08280208501988549
0.6121245533822206 0.2311795935446901 0.3268112486976539
0.667941102649446 0.08369179361876607 0.06922084587174852
1.689724237386414 0.3164010709721611 0.2785118152335235
2.405781103973804 0.3104015101072839 0.3210813021578203
0.3884870968535317 0.1682012147885934 0.3284694285203239
0.8107296205664023 0.08209075281620576 0.3025568710954857
1.517936270375276 0.3296865577872894 0.301109345320991
1.480589957121638 0.204303934627097 0.2767341854785647
0.318030206972445 0.16383605709975 0.1288926759872179
0.8158266368221176 0.1618524704628333 0.3308888813288882
0.8420018147060149 0.3224762305592593 0.3224950926523001
0.263433691653381 0.3137754004497522 0.3396194512240052
0.9035362219987808 0.1281080732656527 0.2056432320875678
0.8972978460542043 0.07814683144597946 0.3006326695220974
0.8247247197685337 0.1326602800107428 0.2057100915154502
0.5394592240765307 0.3310208812056974 0.3023010333975228
1.242584823775801 0.3099846098957612 0.3277957169493073
0.5346940043472035 0.3318889479812476 0.2378233192175394
1.024093192725438 0.08959190457378621 0.3141534623379081
1.010124292450502 0.2207613988518733 0.3227440243937806
1.324752535848507 0.2075112087044981 0.1322344667540281
1.396820653885515 0.1142324135425382 0.07776681762417163
0.223877565464023 0.208401218377662 0.1334737113957585
0.2507381258854872 0.3138361046945494 0.1816637944189379
0.5592277261579243 0.2950128064034016 0.3595123108016672
2.274922546804181 0.1952088567153467 0.133280713832846
2.253505163393801 0.08352904048467499 0.1125800166124754
1.402258782824175 0.2180509560619284 0.3324799690503927
1.133663982568351 0.2632685775450246 0.2536280860720584
1.103383882061073 0.1934454496451454 0.2763547620282621
1.171378140378633 0.1665928229491061 0.322089559909107
1.160295024895886 0.2936678900254564 0.3308113126097942
0.9913110562281815 0.2694067648246089 0.09962390988346706
1.052189589945563 0.3247123102939382 0.1139796400478428
1.078230732205314 0.2549594684707605 0.07187502860342487
1.337445226702511 0.2834051372892816 0.3261703099136421
1.121855266332961 0.3351951706778201 0.2210146317843956
0.5858189972347457 0.1353725484592677 0.05789626249559628
0.2534499884959863 0.3329365846967535 0.09958654248237463
0.06884637142389435 0.1732824574888435 0.09856047606113116
0.1013253519272696 0.2001956034791244 0.3242188639196537
0.622785761984477 0.3233318146879868 0.3151857211044518
1.509574644038393 0.2792640873343236 0.2057073675284298
2.133171324818402 0.307509408180941 0.07879290829326061
2.252611385901273 0.2983476186610574 0.09340513535221531
2.425694141489816 0.08771859727594723 0.07774626322835899
0.7611710827094468 0.1042558089054281 0.08195783018011139
1.420827028976361 0.2581451122341668 0.2529768882901665
0.8564682008303606 0.2048543705921691 0.2778836744968784
0.08275583222753333 0.2199271490009946 0.2400588180951291
0.6053602098335343 0.2704952417090616 0.359500345233732
0.4467980997438789 0.09287984360756142 0.147760112555669
0.4034827443420682 0.0862619612841258 0.0612724020880341
0.4576341991182368 0.09414346657766394 0.06127277352997204
0.5675816218625185 0.05917379850878971 0.2376229632767298
0.4738171922458487 0.3130349666564937 0.1470638785906415
0.4186916072021388 0.3262333259936411 0.09689615473443772
2.078918223970029 0.07985870252557922 0.1035356630842527
1.289306778343169 0.0844179098119536 0.1078758476759181
1.208669079243732 0.08683733792545709 0.1111388566106092
0.4169814419259423 0.07085494782264481 0.3569683687745103
0.6571700960029027 0.2576707858340209 0.1526137685054802
0.6876412486196367 0.2951241630390146 0.06886146742294488
0.7923206607109485 0.3055885763596029 0.08127592219801695
0.1169673994276583 0.1187676627154266 0.2728922732507489
0.7755657770237238 0.3327184231916821 0.1562366376451741
0.8532990156504472 0.3352350250685959 0.1242842549339491
0.6882172019380712 0.08080540872125033 0.1791845072854441
0.6808587463029897 0.1420867567303234 0.2076895485620887
0.7637005941832807 0.2696462016512749 0.2734385843921465
0.6916720895519297 0.136458728256054 0.1329801014763297
0.7307318004116108 0.228121216962245 0.3270433776983265
0.6703761327728049 0.2377547549654708 0.3570544349296185
0.4753394681982676 0.09185077977487358 0.3206184518134614
0.5200576313217647 0.1120136561837129 0.3689342204224512
0.6004135120831756 0.1909996005112278 0.2811435391727449
0.620933679551445 0.1997359235945478 0.22683134881735
0.2862061090587121 0.2537311253823647 0.07093442128827818
0.3882200014325693 0.3230775990389042 0.147111550172624
2.228412025654584 0.3248805822400868 0.1674476186314025
2.364162036235539 0.2771043741774232 0.1248158523162568
2.195263734150971 0.1072866984645181 0.3229093421730643
1.75344883021207 0.1255409340284722 0.2541040461871753
1.740230205766361 0.1083330449156699 0.1710844172903968
1.704793348856066 0.1144542533014021 0.07982980961680475
0.6652448968687326 0.2145977367425805 0.276085855570305
0.402955696335157 0.2769548532548746 0.358460595086403
0.3648803708385315 0.2100231877878706 0.3505858135285368
0.5338281879007061 0.1060145481690431 0.04474075676232255
1.974693003363101 0.2097889166853926 0.2681556259890029
0.3889953438009515 0.1526590600144093 0.2830753561451701
0.6076210199468685 0.3189794417223574 0.08406457567613349
0.5351967333801534 0.3167327040939839 0.05119506473688765
0.2866395414580723 0.1783144275023357 0.208953393251442
0.2856946657275921 0.08019312687439294 0.2070315852244937
0.3061853677975948 0.1003586864277664 0.1382796917853702
1.874575341738452 0.07667720738601139 0.1985448736374038
1.882991209846139 0.07473457549620464 0.115926813398874
1.113942416695187 0.1260363499217667 0.08437343971204611
1.78420939144116 0.2968316031397789 0.07827939985523583
0.8247124424269715 0.2780933692728926 0.2044282464715063
0.7899700006039189 0.3386382038855059 0.2377514897355452
0.7154412431241628 0.2786974234470058 0.1690224942984597
0.8972414503530104 0.07721691324080365 0.1149945763344311
0.33706424953383 0.2896127469502816 0.2121554926869698
0.4259761059925381 0.2944670717324103 0.1803344756659603
0.4190016864800957 0.3494223733158111 0.2064462172356653
1.398049802416989 0.303373382096005 0.08789740364714602
0.3559610983165467 0.3159687542242506 0.09310010284503994
1.647150984638578 0.07321768646124918 0.1422027714748895
0.5696348519414997 0.1081685310566743 0.2735649807560148
2.417252434257202 0.1531714142986816 0.2482988077325479
1.728673468049867 0.2056476301037877 0.205303443967403
1.994054530318129 0.301276474337241 0.3256358549977708
0.1641783913505133 0.3334393151496621 0.2084575029310726
0.179167618045741 0.3320576042899533 0.335761840109445
1.39690008544928 0.1133863268029854 0.3280913795234831
0.6191841859747886 0.1435595647303217 0.302061694408257
0.5337191630902253 0.09388143296718413 0.3191532589772099
0.178718890244156 0.1441744655877678 0.333883233818756
2.140520488614533 0.3348982115943263 0.3295932933456464
2.116535600132763 0.2084114820216247 0.2660622922501927
1.957081746400934 0.3255990327349351 0.1662268104472253
1.080280228346707 0.298998882010944 0.3331770742796065
2.167010495002367 0.08227520689670405 0.09687096324171077
0.9357618576913312 0.2023002972584559 0.1321387133952706
0.6667686591997358 0.3339271811588249 0.2028105220422629
0.6634874535561897 0.3242288254792052 0.1296968195246568
0.6503258167726105 0.1891421250160751 0.3273786445473085
0.5940231809344818 0.1368864653441728 0.3605639618170509
2.309449099839929 0.2981869849156893 0.2276699033734678
1.280614073105607 0.1408887006779174 0.2042644224388002
1.324755759441819 0.2057611680751505 0.2778639015289613
2.023790584555119 0.3051228581270382 0.07664811698443101
0.6037702493906417 0.09167745558312633 0.3234894282808858
0.5014311580226811 0.1070828709707886 0.08681522688442835
0.4863105837810774 0.09377180367032824 0.255204523095978
0.9475294781034327 0.1316623782841482 0.08980705585038506
0.6247856510784525 0.3117754626599559 0.2450452640293675
0.7776842371148955 0.2050301395609949 0.1335165584264988
0.9525052557118494 0.3267684796507191 0.248068815893375
0.9037664645814244 0.2733219569816987 0.2042740504486357
0.9208453995442469 0.3211828131761237 0.320619687037513
1.353881411097304 0.1198222266931151 0.1522476217063024
1.480590338105394 0.2060949169381943 0.1332466146213411
1.224486771894196 0.08469045562572264 0.2419351599457742
1.440074206555647 0.3289365172250903 0.3015725876212382
1.639189486622662 0.1491979431561972 0.2812920658165607
1.680592415996271 0.1074446194438951 0.2271650955842525
1.447148816751731 0.326263124706558 0.2235177736398549
1.907808758775745 0.3124481877286143 0.1048835586957863
0.6051757815244665 0.2536882779138032 0.2705915040035762
0.5574061556130074 0.3090962294278738 0.1793219784020358
0.3476309449586745 0.09353055655964194 0.332300844322668
0.6936232005806706 0.2841641124271945 0.2439643076063585
1.549961498982725 0.1136932281882658 0.07912040767693532
1.172883198069236 0.2018698944517572 0.07756531568264385
1.244682433016286 0.2097748846901812 0.1317048044417592
0.6038861908969999 0.3127371366204144 0.1409503286331418
0.4224489418377614 0.07869959775021336 0.2204628038894448
0.344660021504943 0.1058257387742755 0.2014983561838375
0.6754451175825968 0.1943715002878139 0.1607277597848548
0.7262294044286572 0.1943111089266266 0.2496090243963192
1.352976358872663 0.1198781649996285 0.2553129921988999
1.141142297279274 0.1103102749245025 0.2055028894261614
1.18244868092606 0.2112180366462744 0.204722281670334
0.3905866676218195 0.3048863149193041 0.2568225619150783
1.537477446418457 0.2079359841449926 0.07378880760609999
1.439492153992424 0.2645209734064249 0.1690540736647177
0.5918742693139696 0.2741085925089312 0.1073310839266215
0.5935603001345786 0.2427660105250478 0.1520426652129315
1.102145148637661 0.1203889684009671 0.3298229753459821
0.2752850168395679 0.1744653494505916 0.322112923272689
1.061378170310297 0.2628752193208314 0.2045859347021153
1.103376103313246 0.1941305534844098 0.139698543504352
2.163164127261206 0.2754180109719543 0.1959020561765606
0.4593183356559415 0.1098346919429732 0.3646793237660084
0.3050185793594986 0.3158645004092858 0.2714731404522415
0.3560018921828444 0.3174358115085546 0.3202651091679054
0.9998066669321835 0.3038307355284084 0.3292955256950684
1.893946186142261 0.2374944577268909 0.0688744168459568
2.151038022972169 0.2245982008462834 0.1041288561398492
2.214642259691098 0.2366692007538873 0.2446311818375173
2.230036055765896 0.1052114830255825 0.2070918086986263
2.217052765186515 0.1848335676581363 0.1851870130966699
0.6273983565200092 0.2522395515054249 0.206229288948491
1.628468902439706 0.3007605551588766 0.3306493905650637
1.624438621824294 0.1437986387338248 0.09185547678476447
2.033057985854944 0.1583307431957084 0.2250512371837981
0.3882356523029078 0.2202531525639987 0.2498320896909204
0.2238780118712693 0.2083454226367865 0.276512881655014
1.469994316117171 0.2709333895565842 0.07727013112896594
2.302268125660027 0.082013290653474 0.1808793129645531
0.3166218373691034 0.3415061766990739 0.1481007662215662
1.433465884479531 0.1337486151818852 0.2042940030079438
1.517641957134681 0.08126825496852895 0.2961300179274556
0.9274614278781781 0.3419973321784279 0.1537852065636846
1.587782168125306 0.1345798973248274 0.2050798961133522
1.82296431706291 0.2770713920578669 0.2008683632225747
0.9151018336874488 0.1423119359450962 0.3415406804152131
0.9357606508730187 0.2040479214703232 0.2776345694087626
0.1611079284018287 0.2482191154329808 0.2354790123225093
1.244685761484722 0.2079787727388029 0.2781841081524945
1.70083972980168 0.1621020327462565 0.3289321096032025
1.522662401851887 0.09594561161664697 0.1583867068019619
2.089005863226727 0.2122552334586392 0.1566173271898454
1.781550530238045 0.1907615242550778 0.3048966852459707
0.3973817711277165 0.1452587423563163 0.2186338758704518
0.2302290052797002 0.3173870965790272 0.2705463392541473
0.4002711089813541 0.2461108329200971 0.04931501052704955
0.3774736989565711 0.2428750115798818 0.1689574550288216
0.3386020184247648 0.2210988814756429 0.2216639141312907
0.3095836370879352 0.1444772709976858 0.2723293605300253
0.4755899752409483 0.3266006003590005 0.2136001829653137
0.3936117955394604 0.1426235927942467 0.1282039759196332
0.3994782103108849 0.1913700637739635 0.1458113825903202
1.769081877242147 0.2979196140436123 0.3074128177964832
0.8465371595912349 0.1307556021280427 0.08204370407751868
0.7621856061476054 0.09035475978696918 0.1616814369593381
0.8564695436284493 0.2031279831540149 0.131918193293997
1.381966138906095 0.2063280772490204 0.204996768638354
0.290868737007286 0.2552686199437367 0.1417209398863506
1.000135850258197 0.3172636041213309 0.183190574331748
0.3956999955115584 0.2639415940331565 0.1121543456564154
0.365222733169238 0.1534718385223149 0.1716772613998622
0.3895405957434481 0.07940552879463471 0.1430736976032799
1.17667765320615 0.1533849733966913 0.1479317765907311
0.7658106066819796 0.1342049402262281 0.2588139158714809
1.200788624307923 0.2952745200624747 0.2056418200905051
0.6053683450368125 0.2704953808607939 0.05049514130199752
1.02549750443045 0.1599483198490246 0.2709200186584803
$EndNodes
$Elements
11 7202 1 7202
2 1 2 464
1 300 243 304 
2 244 268 270 
3 315 235 360 
4 323 325 339 
5 276 24 384 
6 221 265 351 
7 275 23 276 
8 23 24 276 
9 18 19 303 
10 286 288 340 
11 263 375 387 
12 235 315 382 
13 322 226 323 
14 259 297 302 
15 30 31 293 
16 316 254 318 
17 243 300 303 
18 375 73 387 
19 231 30 293 
20 5 92 362 
21 19 243 303 
22 268 244 279 
23 259 302 404 
24 240 286 340 
25 7 88 351 
26 321 323 339 
27 279 244 366 
28 255 18 303 
29 91 8 364 
30 72 73 375 
31 265 221 373 
32 222 91 364 
33 226 322 378 
34 281 279 366 
35 92 222 362 
36 301 255 303 
37 318 254 380 
38 347 273 397 
39 87 6 274 
40 288 294 340 
41 88 221 351 
42 240 284 286 
43 244 270 400 
44 309 291 349 
45 221 87 274 
46 350 354 376 
47 323 226 324 
48 255 301 410 
49 297 259 348 
50 313 230 383 
51 230 313 390 
52 318 225 319 
53 319 225 322 
54 274 251 374 
55 224 308 379 
56 339 325 377 
57 308 224 395 
58 284 240 305 
59 243 20 347 
60 325 326 346 
61 23 275 385 
62 293 31 349 
63 304 347 397 
64 77 234 348 
65 320 327 382 
66 242 309 349 
67 314 315 360 
68 254 316 352 
69 251 276 374 
70 297 298 302 
71 350 256 354 
72 264 266 365 
73 266 269 365 
74 259 258 348 
75 224 281 366 
76 291 293 349 
77 77 78 234 
78 325 346 377 
79 304 243 347 
80 79 256 295 
81 19 20 243 
82 309 242 311 
83 234 78 295 
84 234 296 297 
85 373 274 374 
86 69 70 305 
87 327 320 389 
88 222 364 404 
89 362 363 397 
90 283 305 306 
91 306 223 307 
92 240 69 305 
93 343 326 391 
94 71 72 223 
95 323 324 325 
96 281 224 379 
97 234 295 296 
98 305 70 306 
99 353 255 410 
100 354 233 376 
101 311 242 361 
102 283 306 307 
103 232 294 394 
104 231 293 406 
105 283 284 305 
106 232 313 383 
107 347 20 408 
108 294 232 405 
109 265 262 351 
110 77 348 393 
111 327 235 382 
112 300 304 398 
113 313 232 394 
114 264 262 265 
115 264 365 375 
116 71 223 306 
117 223 72 375 
118 326 343 396 
119 78 79 295 
120 372 334 381 
121 325 324 326 
122 297 296 298 
123 263 264 375 
124 25 26 244 
125 363 302 397 
126 322 225 378 
127 295 256 350 
128 225 318 380 
129 314 245 315 
130 374 276 384 
131 48 245 314 
132 315 245 316 
133 315 316 317 
134 355 228 358 
135 47 48 314 
136 48 49 245 
137 317 316 318 
138 82 83 233 
139 317 318 319 
140 273 362 397 
141 317 319 320 
142 320 319 321 
143 321 319 322 
144 321 322 323 
145 67 68 340 
146 68 240 340 
147 329 333 334 
148 329 331 333 
149 328 329 334 
150 241 328 334 
151 29 30 231 
152 38 238 335 
153 37 38 335 
154 328 239 329 
155 236 43 327 
156 36 239 328 
157 40 237 336 
158 329 330 331 
159 42 236 338 
160 329 239 330 
161 237 41 338 
162 44 235 327 
163 241 35 328 
164 238 39 336 
165 38 39 238 
166 36 37 239 
167 34 35 241 
168 32 33 242 
169 40 41 237 
170 44 45 235 
171 43 44 327 
172 239 37 335 
173 42 43 236 
174 39 40 336 
175 35 36 328 
176 41 42 338 
177 330 239 335 
178 68 69 240 
179 53 54 225 
180 57 58 227 
181 55 56 226 
182 62 63 341 
183 59 60 228 
184 65 66 232 
185 61 62 229 
186 63 64 230 
187 58 59 342 
188 60 61 344 
189 27 28 224 
190 63 230 341 
191 229 62 341 
192 227 58 342 
193 228 60 344 
194 61 229 344 
195 59 228 342 
196 331 330 332 
197 335 238 345 
198 330 335 345 
199 332 330 345 
200 227 342 343 
201 238 336 337 
202 336 237 346 
203 238 337 345 
204 337 336 346 
205 310 311 312 
206 338 236 339 
207 292 310 313 
208 310 309 311 
209 292 309 310 
210 291 289 293 
211 292 291 309 
212 290 291 292 
213 288 290 294 
214 290 289 291 
215 324 226 369 
216 288 289 290 
217 51 52 254 
218 79 80 256 
219 17 18 255 
220 288 287 289 
221 298 300 398 
222 287 285 308 
223 246 260 277 
224 362 222 363 
225 286 287 288 
226 296 295 350 
227 286 285 287 
228 284 285 286 
229 70 71 306 
230 284 282 285 
231 234 297 348 
232 280 283 307 
233 221 274 373 
234 299 296 350 
235 280 282 283 
236 244 26 366 
237 316 245 352 
238 31 32 349 
239 269 307 365 
240 269 280 307 
241 332 355 358 
242 298 299 300 
243 283 282 284 
244 49 50 352 
245 83 84 353 
246 81 82 354 
247 361 241 372 
248 384 24 400 
249 342 228 355 
250 332 345 359 
251 253 5 362 
252 242 33 361 
253 34 241 361 
254 24 25 400 
255 45 46 360 
256 247 7 351 
257 27 224 366 
258 266 265 267 
259 300 301 303 
260 312 372 381 
261 280 281 282 
262 32 242 349 
263 346 326 396 
264 226 56 369 
265 57 227 369 
266 246 277 370 
267 280 279 281 
268 245 49 352 
269 300 299 301 
270 275 250 278 
271 233 83 353 
272 82 233 354 
273 311 361 372 
274 307 223 365 
275 355 332 359 
276 343 342 355 
277 235 45 360 
278 298 296 299 
279 333 356 357 
280 333 331 356 
281 229 341 357 
282 356 229 357 
283 344 229 356 
284 344 356 358 
285 356 331 358 
286 228 344 358 
287 331 332 358 
288 345 337 359 
289 33 34 361 
290 357 367 381 
291 346 237 377 
292 338 339 377 
293 340 294 405 
294 225 54 378 
295 55 226 378 
296 269 279 280 
297 357 341 367 
298 315 317 382 
299 53 225 380 
300 2 47 399 
301 65 232 383 
302 230 64 383 
303 46 2 399 
304 254 52 380 
305 231 308 395 
306 308 285 379 
307 227 343 391 
308 341 230 367 
309 26 27 366 
310 236 327 389 
311 363 222 404 
312 310 312 390 
313 29 231 395 
314 224 28 395 
315 308 231 406 
316 292 313 394 
317 249 258 259 
318 294 290 394 
319 67 340 405 
320 232 66 405 
321 293 289 406 
322 337 346 396 
323 50 3 401 
324 4 81 402 
325 84 1 403 
326 343 355 359 
327 3 51 401 
328 80 4 402 
329 1 17 403 
330 278 250 371 
331 261 247 262 
332 267 373 374 
333 56 57 369 
334 287 308 406 
335 272 253 273 
336 264 265 266 
337 282 281 379 
338 367 312 381 
339 273 253 362 
340 267 265 373 
341 334 333 381 
342 269 268 279 
343 268 267 270 
344 249 259 364 
345 74 75 368 
346 92 91 222 
347 262 247 351 
348 241 334 372 
349 312 367 390 
350 321 339 389 
351 263 262 264 
352 312 311 372 
353 8 249 364 
354 266 267 268 
355 266 268 269 
356 397 302 398 
357 76 77 393 
358 75 76 388 
359 73 74 387 
360 88 87 221 
361 6 251 274 
362 277 260 368 
363 320 321 389 
364 90 89 370 
365 8 90 248 
366 89 7 246 
367 302 298 398 
368 301 299 376 
369 299 350 376 
370 237 338 377 
371 86 85 371 
372 6 86 250 
373 85 5 252 
374 54 55 378 
375 21 22 407 
376 270 374 384 
377 52 53 380 
378 22 23 385 
379 285 282 379 
380 272 273 347 
381 317 320 382 
382 64 65 383 
383 364 259 404 
384 270 267 374 
385 246 7 247 
386 257 248 277 
387 369 227 391 
388 6 250 251 
389 20 21 408 
390 252 271 278 
391 261 262 263 
392 275 278 385 
393 343 359 396 
394 367 230 390 
395 8 248 249 
396 252 5 253 
397 352 50 401 
398 353 84 403 
399 81 354 402 
400 260 247 261 
401 339 236 389 
402 313 310 390 
403 326 324 391 
404 333 357 381 
405 25 244 400 
406 74 386 387 
407 365 223 375 
408 251 275 276 
409 277 248 370 
410 290 292 394 
411 28 29 395 
412 249 257 258 
413 360 46 399 
414 47 314 399 
415 252 278 371 
416 271 253 272 
417 51 254 401 
418 256 80 402 
419 17 255 403 
420 254 352 401 
421 255 353 403 
422 354 256 402 
423 66 67 405 
424 348 258 393 
425 289 287 406 
426 324 369 391 
427 75 388 392 
428 246 247 260 
429 359 337 396 
430 249 248 257 
431 251 250 275 
432 314 360 399 
433 258 257 388 
434 89 246 370 
435 248 90 370 
436 252 253 271 
437 85 252 371 
438 250 86 371 
439 233 353 410 
440 261 263 387 
441 260 261 386 
442 302 363 404 
443 407 22 409 
444 368 260 386 
445 301 376 410 
446 257 277 392 
447 386 261 387 
448 74 368 386 
449 270 384 400 
450 277 368 392 
451 271 272 407 
452 278 271 409 
453 272 347 408 
454 368 75 392 
455 388 257 392 
456 258 388 393 
457 376 233 410 
458 385 278 409 
459 304 397 398 
460 407 272 408 
461 271 407 409 
462 388 76 393 
463 22 385 409 
464 21 407 408 
2 21 2 376
465 432 531 440 
466 436 543 460 
467 421 450 448 
468 470 546 501 
469 504 546 468 
470 440 551 432 
471 460 548 436 
472 437 443 441 
473 438 463 461 
474 501 546 414 
475 448 451 421 
476 445 508 447 
477 468 544 504 
478 465 509 467 
479 437 549 443 
480 438 550 463 
481 432 456 44 
482 414 546 504 
483 454 520 458 
484 44 456 43 
485 445 555 508 
486 421 545 450 
487 465 556 509 
488 417 444 443 
489 431 464 463 
490 417 445 444 
491 431 465 464 
492 454 558 520 
493 440 531 439 
494 441 521 437 
495 460 543 459 
496 461 530 438 
497 432 551 456 
498 503 552 547 
499 501 548 470 
500 429 507 453 
501 450 455 446 
502 457 505 419 
503 446 455 444 
504 450 456 455 
505 547 552 458 
506 464 470 462 
507 457 552 505 
508 445 446 444 
509 465 466 464 
510 451 542 421 
511 456 551 455 
512 507 558 453 
513 465 467 466 
514 445 447 446 
515 466 470 464 
516 443 549 417 
517 435 440 439 
518 441 442 440 
519 435 441 440 
520 461 462 460 
521 423 461 460 
522 423 460 459 
523 528 538 418 
524 529 540 411 
525 422 532 522 
526 425 533 523 
527 489 535 527 
528 476 534 526 
529 524 536 102 
530 525 537 34 
531 435 439 174 
532 463 550 431 
533 461 463 462 
534 462 548 460 
535 463 464 462 
536 441 443 442 
537 175 435 174 
538 467 468 466 
539 447 448 446 
540 423 459 171 
541 443 444 442 
542 174 439 173 
543 170 423 171 
544 171 459 172 
545 444 455 442 
546 467 469 468 
547 447 449 448 
548 448 450 446 
549 449 451 448 
550 449 452 451 
551 449 453 452 
552 453 454 452 
553 454 457 452 
554 454 458 457 
555 111 506 112 
556 428 499 493 
557 493 496 428 
558 428 506 111 
559 112 506 426 
560 496 506 428 
561 483 513 480 
562 493 499 490 
563 434 513 483 
564 490 499 498 
565 478 480 413 
566 480 513 413 
567 473 478 477 
568 110 499 428 
569 31 510 422 
570 476 478 473 
571 36 502 418 
572 32 510 31 
573 472 475 474 
574 107 485 430 
575 100 511 411 
576 108 498 109 
577 490 498 487 
578 473 477 415 
579 20 431 19 
580 25 434 24 
581 109 499 110 
582 114 516 427 
583 116 507 429 
584 476 479 478 
585 28 477 27 
586 415 477 28 
587 434 514 24 
588 25 513 434 
589 37 502 36 
590 485 486 430 
591 479 480 478 
592 498 499 109 
593 26 513 25 
594 24 514 23 
595 479 481 480 
596 481 483 480 
597 479 482 481 
598 424 500 104 
599 477 478 413 
600 105 425 106 
601 96 414 97 
602 119 417 120 
603 107 430 108 
604 98 433 99 
605 100 411 101 
606 103 424 104 
607 104 500 105 
608 39 505 38 
609 105 500 425 
610 99 511 100 
611 106 485 107 
612 489 490 487 
613 113 516 114 
614 115 507 116 
615 486 487 430 
616 38 505 416 
617 413 513 26 
618 23 514 412 
619 30 471 29 
620 29 471 415 
621 422 471 30 
622 474 476 473 
623 419 505 39 
624 430 498 108 
625 27 477 413 
626 471 472 415 
627 29 415 28 
628 112 426 113 
629 114 427 115 
630 36 418 35 
631 110 428 111 
632 38 416 37 
633 40 419 39 
634 23 412 22 
635 27 413 26 
636 31 422 30 
637 33 420 32 
638 116 429 117 
639 45 432 44 
640 42 421 41 
641 98 504 433 
642 414 504 97 
643 486 488 487 
644 488 489 487 
645 433 511 99 
646 425 485 106 
647 487 498 430 
648 472 473 415 
649 420 510 32 
650 97 504 98 
651 416 502 37 
652 489 491 490 
653 427 507 115 
654 426 516 113 
655 486 492 488 
656 491 493 490 
657 491 494 493 
658 494 496 493 
659 491 495 494 
660 472 474 473 
661 506 519 426 
662 496 519 506 
663 494 497 496 
664 426 517 516 
665 497 519 496 
666 426 519 517 
667 516 520 427 
668 416 503 502 
669 517 520 516 
670 481 484 483 
671 483 518 434 
672 434 518 514 
673 484 518 483 
674 433 512 511 
675 514 515 412 
676 514 518 515 
677 117 508 118 
678 429 508 117 
679 22 509 21 
680 412 509 22 
681 96 501 414 
682 95 501 96 
683 121 437 122 
684 94 436 95 
685 18 438 17 
686 436 501 95 
687 458 552 457 
688 453 553 429 
689 435 521 441 
690 469 544 468 
691 436 548 501 
692 423 530 461 
693 492 523 475 
694 475 522 492 
695 495 537 525 
696 482 536 524 
697 523 533 475 
698 527 535 420 
699 522 532 492 
700 526 534 424 
701 497 538 528 
702 484 540 529 
703 176 521 175 
704 169 530 170 
705 422 522 471 
706 476 526 479 
707 35 525 34 
708 425 523 485 
709 101 524 102 
710 486 523 492 
711 489 527 491 
712 472 522 475 
713 502 528 418 
714 511 529 411 
715 103 536 424 
716 33 537 420 
717 495 538 494 
718 497 539 519 
719 482 540 481 
720 484 541 518 
721 421 542 41 
722 40 542 419 
723 46 531 45 
724 93 543 94 
725 469 554 515 
726 456 545 43 
727 417 555 445 
728 520 547 458 
729 431 556 465 
730 504 544 433 
731 453 558 454 
732 175 521 435 
733 420 537 527 
734 424 536 526 
735 525 538 495 
736 528 539 497 
737 524 540 482 
738 529 541 484 
739 479 526 482 
740 411 524 101 
741 485 523 486 
742 471 522 472 
743 418 525 35 
744 491 527 495 
745 503 528 502 
746 512 529 511 
747 45 531 432 
748 170 530 423 
749 42 545 421 
750 475 533 474 
751 510 532 422 
752 474 534 476 
753 533 534 474 
754 420 535 510 
755 424 534 500 
756 500 533 425 
757 500 534 533 
758 492 532 488 
759 510 535 532 
760 532 535 488 
761 488 535 489 
762 102 536 103 
763 34 537 33 
764 494 538 497 
765 519 539 517 
766 481 540 484 
767 518 541 515 
768 41 542 40 
769 419 557 457 
770 94 543 436 
771 517 547 520 
772 442 551 440 
773 173 559 2 
774 417 549 120 
775 2 559 46 
776 470 548 462 
777 172 560 9 
778 431 550 19 
779 9 560 93 
780 121 549 437 
781 466 546 470 
782 18 550 438 
783 416 552 503 
784 449 553 453 
785 119 555 417 
786 508 555 118 
787 20 556 431 
788 509 556 21 
789 515 554 412 
790 520 558 427 
791 457 557 452 
792 508 553 447 
793 10 561 176 
794 1 562 169 
795 526 536 482 
796 527 537 495 
797 418 538 525 
798 411 540 524 
799 503 539 528 
800 512 541 529 
801 469 563 544 
802 122 561 10 
803 17 562 1 
804 509 554 467 
805 433 544 512 
806 450 545 456 
807 515 563 469 
808 43 545 42 
809 468 546 466 
810 503 547 539 
811 120 549 121 
812 19 550 18 
813 455 551 442 
814 544 563 512 
815 429 553 508 
816 505 552 416 
817 447 553 449 
818 412 554 509 
819 539 547 517 
820 467 554 469 
821 118 555 119 
822 176 561 521 
823 21 556 20 
824 169 562 530 
825 541 563 515 
826 542 557 419 
827 452 557 451 
828 427 558 507 
829 46 559 531 
830 439 559 173 
831 93 560 543 
832 459 560 172 
833 437 561 122 
834 438 562 17 
835 521 561 437 
836 530 562 438 
837 451 557 542 
838 531 559 439 
839 543 560 459 
840 512 563 541 
2 25 2 66
841 578 581 579 
842 564 581 578 
843 569 577 568 
844 572 575 570 
845 580 581 573 
846 578 579 574 
847 576 580 573 
848 575 586 570 
849 569 587 577 
850 573 581 564 
851 49 564 48 
852 173 574 174 
853 125 568 126 
854 49 573 564 
855 50 573 49 
856 174 574 567 
857 565 572 570 
858 565 568 125 
859 565 570 569 
860 124 565 125 
861 174 567 175 
862 179 566 178 
863 124 572 565 
864 123 572 124 
865 565 569 568 
866 570 571 569 
867 175 575 176 
868 178 576 177 
869 180 577 179 
870 48 578 47 
871 564 578 48 
872 566 576 178 
873 179 577 566 
874 567 575 175 
875 574 579 567 
876 126 582 11 
877 176 585 10 
878 2 583 173 
879 3 584 50 
880 47 583 2 
881 177 584 3 
882 10 585 123 
883 11 582 180 
884 579 581 571 
885 566 580 576 
886 571 587 569 
887 570 586 571 
888 567 586 575 
889 577 587 566 
890 580 587 571 
891 571 586 579 
892 575 585 176 
893 576 584 177 
894 180 582 577 
895 578 583 47 
896 568 582 126 
897 173 583 574 
898 50 584 573 
899 123 585 572 
900 577 582 568 
901 572 585 575 
902 573 584 576 
903 574 583 578 
904 571 581 580 
905 579 586 567 
906 566 587 580 
2 29 2 376
907 649 650 628 
908 638 682 640 
909 614 717 618 
910 630 718 613 
911 650 698 628 
912 637 638 607 
913 618 730 614 
914 613 729 630 
915 615 621 619 
916 631 633 616 
917 601 626 625 
918 698 716 672 
919 636 682 638 
920 607 725 637 
921 615 726 621 
922 633 727 616 
923 133 722 642 
924 642 734 133 
925 645 739 720 
926 638 639 607 
927 644 739 645 
928 650 716 698 
929 598 734 643 
930 625 731 601 
931 643 719 598 
932 682 724 640 
933 634 637 608 
934 602 622 621 
935 633 634 608 
936 686 739 699 
937 590 698 672 
938 602 625 622 
939 623 728 690 
940 635 729 653 
941 690 730 623 
942 629 718 630 
943 618 717 617 
944 619 703 615 
945 616 702 631 
946 686 699 594 
947 699 739 644 
948 643 734 642 
949 622 625 624 
950 625 626 624 
951 695 721 720 
952 653 733 635 
953 628 723 649 
954 638 640 639 
955 645 719 643 
956 628 732 627 
957 601 723 626 
958 690 728 588 
959 614 730 690 
960 653 729 613 
961 626 627 624 
962 640 641 639 
963 637 725 608 
964 720 721 645 
965 629 630 600 
966 626 628 627 
967 630 631 600 
968 630 632 631 
969 619 620 618 
970 599 619 618 
971 599 618 617 
972 591 710 701 
973 606 704 700 
974 178 629 600 
975 621 726 602 
976 632 633 631 
977 619 621 620 
978 608 727 633 
979 632 634 633 
980 621 622 620 
981 641 642 639 
982 599 617 182 
983 177 629 178 
984 635 636 634 
985 622 624 623 
986 178 600 179 
987 183 599 182 
988 632 635 634 
989 622 623 620 
990 182 617 181 
991 636 637 634 
992 641 643 642 
993 636 638 637 
994 641 644 643 
995 644 645 643 
996 648 651 650 
997 648 691 651 
998 663 668 667 
999 663 669 668 
1000 661 667 65 
1001 663 667 661 
1002 597 696 671 
1003 67 694 595 
1004 665 670 662 
1005 589 680 72 
1006 679 691 604 
1007 596 684 60 
1008 677 679 675 
1009 654 656 655 
1010 60 684 59 
1011 590 672 74 
1012 592 688 70 
1013 662 670 663 
1014 65 667 64 
1015 72 680 71 
1016 674 676 675 
1017 676 677 675 
1018 595 694 664 
1019 59 612 58 
1020 606 673 144 
1021 605 693 146 
1022 671 696 656 
1023 68 694 67 
1024 70 688 69 
1025 74 672 73 
1026 674 678 676 
1027 66 661 65 
1028 62 654 61 
1029 675 693 605 
1030 679 693 675 
1031 654 671 656 
1032 134 598 135 
1033 138 610 139 
1034 142 685 143 
1035 136 611 137 
1036 56 681 55 
1037 59 684 612 
1038 139 689 140 
1039 604 693 679 
1040 604 691 647 
1041 144 673 145 
1042 146 693 147 
1043 55 681 593 
1044 61 654 596 
1045 668 696 597 
1046 611 660 137 
1047 136 687 611 
1048 609 685 142 
1049 143 685 606 
1050 138 660 610 
1051 598 687 135 
1052 663 670 669 
1053 594 681 56 
1054 667 668 597 
1055 151 652 601 
1056 647 648 603 
1057 149 647 603 
1058 654 655 596 
1059 151 601 152 
1060 131 607 132 
1061 147 604 148 
1062 69 591 68 
1063 149 603 150 
1064 61 596 60 
1065 64 597 63 
1066 153 602 154 
1067 135 687 136 
1068 145 605 146 
1069 141 609 142 
1070 137 660 138 
1071 143 606 144 
1072 150 652 151 
1073 71 592 70 
1074 73 589 72 
1075 75 590 74 
1076 77 588 76 
1077 57 594 56 
1078 67 595 66 
1079 148 647 149 
1080 604 647 148 
1081 129 608 130 
1082 55 593 54 
1083 603 652 150 
1084 140 689 683 
1085 595 664 662 
1086 612 686 58 
1087 610 689 139 
1088 656 657 655 
1089 71 680 592 
1090 64 667 597 
1091 62 671 654 
1092 669 692 668 
1093 69 688 591 
1094 73 672 589 
1095 595 661 66 
1096 662 663 661 
1097 647 691 648 
1098 145 673 605 
1099 147 693 604 
1100 75 646 590 
1101 597 671 63 
1102 588 646 76 
1103 57 686 594 
1104 673 674 605 
1105 658 696 692 
1106 674 675 605 
1107 595 662 661 
1108 141 683 609 
1109 656 658 657 
1110 591 694 68 
1111 76 646 75 
1112 63 671 62 
1113 58 686 57 
1114 656 696 658 
1115 140 683 141 
1116 692 696 668 
1117 664 665 662 
1118 664 666 665 
1119 596 695 684 
1120 655 695 596 
1121 679 697 691 
1122 691 697 651 
1123 657 659 655 
1124 677 697 679 
1125 659 695 655 
1126 648 650 649 
1127 649 652 603 
1128 648 649 603 
1129 681 682 593 
1130 54 653 53 
1131 593 653 54 
1132 77 690 588 
1133 78 690 77 
1134 79 614 78 
1135 53 613 52 
1136 127 616 128 
1137 155 615 156 
1138 53 653 613 
1139 614 690 78 
1140 640 699 641 
1141 641 699 644 
1142 698 732 628 
1143 631 702 600 
1144 599 703 619 
1145 678 700 666 
1146 666 701 678 
1147 700 704 666 
1148 701 710 678 
1149 179 702 180 
1150 184 703 183 
1151 606 700 673 
1152 591 701 694 
1153 674 700 678 
1154 664 701 666 
1155 80 717 79 
1156 52 718 51 
1157 627 728 624 
1158 695 720 684 
1159 602 731 625 
1160 719 721 713 
1161 673 700 674 
1162 694 701 664 
1163 183 703 599 
1164 600 702 179 
1165 589 715 680 
1166 709 712 677 
1167 670 711 707 
1168 689 706 683 
1169 707 711 609 
1170 658 705 657 
1171 670 707 669 
1172 658 708 705 
1173 689 708 706 
1174 609 711 685 
1175 676 710 709 
1176 685 704 606 
1177 709 710 688 
1178 705 708 610 
1179 666 704 665 
1180 592 709 688 
1181 665 711 670 
1182 692 708 658 
1183 706 708 692 
1184 610 708 689 
1185 678 710 676 
1186 676 709 677 
1187 688 710 591 
1188 706 707 683 
1189 669 707 706 
1190 704 711 665 
1191 660 705 610 
1192 669 706 692 
1193 685 711 704 
1194 683 707 609 
1195 592 712 709 
1196 680 712 592 
1197 589 716 715 
1198 611 714 660 
1199 687 713 611 
1200 705 714 657 
1201 660 714 705 
1202 677 712 697 
1203 713 714 611 
1204 672 716 589 
1205 657 714 659 
1206 659 714 713 
1207 715 716 651 
1208 697 715 651 
1209 680 715 712 
1210 712 715 697 
1211 651 716 650 
1212 79 717 614 
1213 639 722 607 
1214 613 718 52 
1215 687 719 713 
1216 598 719 687 
1217 681 724 682 
1218 131 725 607 
1219 608 725 130 
1220 630 729 632 
1221 620 730 618 
1222 181 735 4 
1223 602 726 154 
1224 129 727 608 
1225 4 735 80 
1226 3 736 177 
1227 51 736 3 
1228 155 726 615 
1229 616 727 128 
1230 649 723 652 
1231 153 731 602 
1232 601 731 152 
1233 593 733 653 
1234 645 721 719 
1235 132 722 133 
1236 659 721 695 
1237 133 734 134 
1238 180 737 11 
1239 12 738 184 
1240 684 720 612 
1241 11 737 127 
1242 156 738 12 
1243 607 722 132 
1244 636 733 682 
1245 652 723 601 
1246 642 722 639 
1247 626 723 628 
1248 635 733 636 
1249 699 724 594 
1250 720 739 612 
1251 713 721 659 
1252 594 724 681 
1253 627 740 728 
1254 640 724 699 
1255 130 725 131 
1256 154 726 155 
1257 128 727 129 
1258 624 728 623 
1259 632 729 635 
1260 623 730 620 
1261 732 740 627 
1262 152 731 153 
1263 702 737 180 
1264 184 738 703 
1265 646 732 590 
1266 682 733 593 
1267 590 732 698 
1268 134 734 598 
1269 718 736 51 
1270 80 735 717 
1271 617 735 181 
1272 177 736 629 
1273 646 740 732 
1274 127 737 616 
1275 615 738 156 
1276 612 739 686 
1277 616 737 702 
1278 703 738 615 
1279 588 740 646 
1280 717 735 617 
1281 629 736 718 
1282 728 740 588 
2 33 2 68
1283 746 752 745 
1284 751 753 747 
1285 750 758 757 
1286 750 757 754 
1287 746 763 752 
1288 753 764 747 
1289 755 765 749 
1290 756 765 755 
1291 744 758 750 
1292 747 748 746 
1293 743 747 746 
1294 82 750 81 
1295 84 749 83 
1296 171 742 170 
1297 83 749 744 
1298 159 745 160 
1299 743 746 745 
1300 158 743 159 
1301 83 744 82 
1302 158 751 743 
1303 182 741 183 
1304 157 751 158 
1305 744 750 82 
1306 743 745 159 
1307 743 751 747 
1308 172 752 171 
1309 183 753 184 
1310 170 755 169 
1311 181 754 182 
1312 171 752 742 
1313 182 754 741 
1314 742 755 170 
1315 741 753 183 
1316 81 759 4 
1317 4 759 181 
1318 160 760 9 
1319 1 761 84 
1320 169 761 1 
1321 12 762 157 
1322 184 762 12 
1323 9 760 172 
1324 748 758 756 
1325 742 756 755 
1326 754 757 741 
1327 748 763 746 
1328 747 764 748 
1329 758 765 756 
1330 741 764 753 
1331 752 763 742 
1332 756 763 748 
1333 748 764 757 
1334 753 762 184 
1335 755 761 169 
1336 172 760 752 
1337 181 759 754 
1338 745 760 160 
1339 750 759 81 
1340 84 761 749 
1341 157 762 751 
1342 749 765 744 
1343 752 760 745 
1344 751 762 753 
1345 749 761 755 
1346 754 759 750 
1347 757 758 748 
1348 742 763 756 
1349 757 764 741 
1350 744 765 758 
2 37 2 68
1351 777 783 774 
1352 776 780 775 
1353 769 782 773 
1354 773 782 778 
1355 772 781 769 
1356 781 782 769 
1357 774 783 770 
1358 775 780 771 
1359 773 778 770 
1360 770 783 773 
1361 768 779 771 
1362 772 779 768 
1363 768 781 772 
1364 771 780 768 
1365 774 784 767 
1366 775 787 766 
1367 202 784 774 
1368 185 787 775 
1369 189 769 190 
1370 189 772 769 
1371 201 770 200 
1372 186 771 187 
1373 197 768 196 
1374 188 772 189 
1375 190 773 191 
1376 769 773 190 
1377 202 774 201 
1378 185 775 186 
1379 14 784 202 
1380 194 786 6 
1381 193 785 13 
1382 5 787 185 
1383 195 780 776 
1384 192 783 777 
1385 201 774 770 
1386 186 775 771 
1387 768 780 196 
1388 197 781 768 
1389 773 783 191 
1390 771 779 187 
1391 188 779 772 
1392 770 778 200 
1393 766 786 776 
1394 767 785 777 
1395 86 766 85 
1396 161 767 162 
1397 192 777 193 
1398 195 776 194 
1399 766 776 775 
1400 767 777 774 
1401 196 780 195 
1402 198 781 197 
1403 187 779 188 
1404 191 783 192 
1405 198 782 781 
1406 200 778 199 
1407 778 782 199 
1408 199 782 198 
1409 776 786 194 
1410 777 785 193 
1411 86 786 766 
1412 767 784 162 
1413 766 787 85 
1414 161 785 767 
1415 162 784 14 
1416 13 785 161 
1417 6 786 86 
1418 85 787 5 
2 41 2 68
1419 797 803 798 
1420 799 801 796 
1421 800 805 795 
1422 791 800 795 
1423 794 803 797 
1424 796 801 792 
1425 790 802 795 
1426 795 805 790 
1427 793 800 791 
1428 792 801 793 
1429 791 804 793 
1430 793 804 792 
1431 794 802 790 
1432 790 803 794 
1433 796 807 788 
1434 789 809 797 
1435 211 807 796 
1436 797 809 203 
1437 207 795 206 
1438 199 793 200 
1439 205 794 204 
1440 196 790 197 
1441 208 791 207 
1442 210 792 209 
1443 791 795 207 
1444 211 796 210 
1445 204 797 203 
1446 202 806 14 
1447 15 807 211 
1448 6 808 194 
1449 203 809 7 
1450 201 801 799 
1451 798 803 195 
1452 210 796 792 
1453 794 797 204 
1454 795 802 206 
1455 196 803 790 
1456 793 801 200 
1457 205 802 794 
1458 790 805 197 
1459 199 800 793 
1460 792 804 209 
1461 208 804 791 
1462 798 808 789 
1463 788 806 799 
1464 88 789 87 
1465 163 788 164 
1466 201 799 202 
1467 194 798 195 
1468 797 798 789 
1469 788 799 796 
1470 195 803 196 
1471 200 801 201 
1472 206 802 205 
1473 209 804 208 
1474 197 805 198 
1475 198 805 800 
1476 198 800 199 
1477 194 808 798 
1478 799 806 202 
1479 88 809 789 
1480 789 808 87 
1481 788 807 164 
1482 163 806 788 
1483 164 807 15 
1484 7 809 88 
1485 14 806 163 
1486 87 808 6 
2 45 2 68
1487 819 824 820 
1488 821 827 818 
1489 813 822 817 
1490 813 825 822 
1491 815 824 819 
1492 818 827 814 
1493 812 824 815 
1494 812 823 817 
1495 815 823 812 
1496 813 826 816 
1497 816 826 814 
1498 817 822 812 
1499 816 825 813 
1500 814 827 816 
1501 811 831 819 
1502 818 830 810 
1503 819 831 212 
1504 220 830 818 
1505 217 813 216 
1506 219 814 218 
1507 208 816 209 
1508 214 815 213 
1509 205 812 206 
1510 216 817 215 
1511 813 817 216 
1512 220 818 219 
1513 213 819 212 
1514 211 828 15 
1515 7 829 203 
1516 16 830 220 
1517 212 831 8 
1518 210 827 821 
1519 820 824 204 
1520 219 818 814 
1521 815 819 213 
1522 812 822 206 
1523 816 827 209 
1524 208 825 816 
1525 817 823 215 
1526 214 823 815 
1527 814 826 218 
1528 217 826 813 
1529 205 824 812 
1530 820 829 811 
1531 810 828 821 
1532 90 811 89 
1533 165 810 166 
1534 210 821 211 
1535 203 820 204 
1536 819 820 811 
1537 810 821 818 
1538 206 822 207 
1539 822 825 207 
1540 209 827 210 
1541 207 825 208 
1542 215 823 214 
1543 218 826 217 
1544 204 824 205 
1545 203 829 820 
1546 821 828 211 
1547 811 829 89 
1548 165 828 810 
1549 90 831 811 
1550 810 830 166 
1551 15 828 165 
1552 89 829 7 
1553 166 830 16 
1554 8 831 90 
2 49 2 68
1555 843 846 840 
1556 842 847 841 
1557 840 846 836 
1558 841 847 837 
1559 835 845 838 
1560 839 845 835 
1561 834 844 837 
1562 838 844 834 
1563 836 846 839 
1564 835 849 839 
1565 839 849 836 
1566 837 847 834 
1567 834 848 838 
1568 838 848 835 
1569 841 852 832 
1570 840 851 833 
1571 212 852 841 
1572 193 851 840 
1573 217 839 218 
1574 213 837 214 
1575 215 838 216 
1576 190 835 189 
1577 192 836 191 
1578 188 834 187 
1579 193 840 192 
1580 212 841 213 
1581 220 850 16 
1582 8 852 212 
1583 13 851 193 
1584 185 853 5 
1585 219 846 843 
1586 186 847 842 
1587 192 840 836 
1588 213 841 837 
1589 835 848 189 
1590 188 848 834 
1591 837 844 214 
1592 215 844 838 
1593 839 846 218 
1594 834 847 187 
1595 217 845 839 
1596 838 845 216 
1597 836 849 191 
1598 190 849 835 
1599 832 853 842 
1600 833 850 843 
1601 92 832 91 
1602 167 833 168 
1603 219 843 220 
1604 186 842 185 
1605 832 842 841 
1606 833 843 840 
1607 189 848 188 
1608 187 847 186 
1609 214 844 215 
1610 218 846 219 
1611 191 849 190 
1612 216 845 217 
1613 842 853 185 
1614 843 850 220 
1615 92 853 832 
1616 832 852 91 
1617 833 851 168 
1618 167 850 833 
1619 168 851 13 
1620 5 853 92 
1621 16 850 167 
1622 91 852 8 
2 50 2 464
1623 933 876 937 
1624 877 901 903 
1625 948 868 993 
1626 956 958 972 
1627 909 100 1017 
1628 854 898 984 
1629 908 99 909 
1630 99 100 909 
1631 94 95 936 
1632 919 921 973 
1633 896 1008 1020 
1634 868 948 1015 
1635 955 859 956 
1636 892 930 935 
1637 106 107 926 
1638 949 887 951 
1639 876 933 936 
1640 1008 149 1020 
1641 864 106 926 
1642 13 168 995 
1643 95 876 936 
1644 901 877 912 
1645 892 935 1037 
1646 873 919 973 
1647 15 164 984 
1648 954 956 972 
1649 912 877 999 
1650 888 94 936 
1651 167 16 997 
1652 148 149 1008 
1653 898 854 1006 
1654 855 167 997 
1655 859 955 1011 
1656 914 912 999 
1657 168 855 995 
1658 934 888 936 
1659 951 887 1013 
1660 980 906 1030 
1661 163 14 907 
1662 921 927 973 
1663 164 854 984 
1664 873 917 919 
1665 877 903 1033 
1666 942 924 982 
1667 854 163 907 
1668 983 987 1009 
1669 956 859 957 
1670 888 934 1043 
1671 930 892 981 
1672 946 863 1016 
1673 863 946 1023 
1674 951 858 952 
1675 952 858 955 
1676 907 884 1007 
1677 857 941 1012 
1678 972 958 1010 
1679 941 857 1028 
1680 917 873 938 
1681 876 96 980 
1682 958 959 979 
1683 99 908 1018 
1684 926 107 982 
1685 937 980 1030 
1686 153 867 981 
1687 953 960 1015 
1688 875 942 982 
1689 947 948 993 
1690 887 949 985 
1691 884 909 1007 
1692 930 931 935 
1693 983 889 987 
1694 897 899 998 
1695 899 902 998 
1696 892 891 981 
1697 857 914 999 
1698 924 926 982 
1699 153 154 867 
1700 958 979 1010 
1701 937 876 980 
1702 155 889 928 
1703 95 96 876 
1704 942 875 944 
1705 867 154 928 
1706 867 929 930 
1707 1006 907 1007 
1708 145 146 938 
1709 960 953 1022 
1710 855 997 1037 
1711 995 996 1030 
1712 916 938 939 
1713 939 856 940 
1714 873 145 938 
1715 976 959 1024 
1716 147 148 856 
1717 956 957 958 
1718 914 857 1012 
1719 867 928 929 
1720 938 146 939 
1721 986 888 1043 
1722 987 866 1009 
1723 944 875 994 
1724 916 939 940 
1725 865 927 1027 
1726 864 926 1039 
1727 916 917 938 
1728 865 946 1016 
1729 980 96 1041 
1730 927 865 1038 
1731 898 895 984 
1732 153 981 1026 
1733 960 868 1015 
1734 933 937 1031 
1735 946 865 1027 
1736 897 895 898 
1737 897 998 1008 
1738 147 856 939 
1739 856 148 1008 
1740 959 976 1029 
1741 154 155 928 
1742 1005 967 1014 
1743 958 957 959 
1744 930 929 931 
1745 896 897 1008 
1746 101 102 877 
1747 996 935 1030 
1748 955 858 1011 
1749 928 889 983 
1750 858 951 1013 
1751 947 878 948 
1752 1007 909 1017 
1753 124 878 947 
1754 948 878 949 
1755 948 949 950 
1756 988 861 991 
1757 123 124 947 
1758 124 125 878 
1759 950 949 951 
1760 158 159 866 
1761 950 951 952 
1762 906 995 1030 
1763 950 952 953 
1764 953 952 954 
1765 954 952 955 
1766 954 955 956 
1767 143 144 973 
1768 144 873 973 
1769 962 966 967 
1770 962 964 966 
1771 961 962 967 
1772 874 961 967 
1773 105 106 864 
1774 114 871 968 
1775 113 114 968 
1776 961 872 962 
1777 869 119 960 
1778 112 872 961 
1779 116 870 969 
1780 962 963 964 
1781 118 869 971 
1782 962 872 963 
1783 870 117 971 
1784 120 868 960 
1785 874 111 961 
1786 871 115 969 
1787 114 115 871 
1788 112 113 872 
1789 110 111 874 
1790 108 109 875 
1791 116 117 870 
1792 120 121 868 
1793 119 120 960 
1794 872 113 968 
1795 118 119 869 
1796 115 116 969 
1797 111 112 961 
1798 117 118 971 
1799 963 872 968 
1800 144 145 873 
1801 129 130 858 
1802 133 134 860 
1803 131 132 859 
1804 138 139 974 
1805 135 136 861 
1806 141 142 865 
1807 137 138 862 
1808 139 140 863 
1809 134 135 975 
1810 136 137 977 
1811 103 104 857 
1812 139 863 974 
1813 862 138 974 
1814 860 134 975 
1815 861 136 977 
1816 137 862 977 
1817 135 861 975 
1818 964 963 965 
1819 968 871 978 
1820 963 968 978 
1821 965 963 978 
1822 860 975 976 
1823 871 969 970 
1824 969 870 979 
1825 871 970 978 
1826 970 969 979 
1827 943 944 945 
1828 971 869 972 
1829 925 943 946 
1830 943 942 944 
1831 925 942 943 
1832 924 922 926 
1833 925 924 942 
1834 923 924 925 
1835 921 923 927 
1836 923 922 924 
1837 957 859 1002 
1838 921 922 923 
1839 127 128 887 
1840 155 156 889 
1841 93 94 888 
1842 921 920 922 
1843 931 933 1031 
1844 920 918 941 
1845 879 893 910 
1846 995 855 996 
1847 919 920 921 
1848 929 928 983 
1849 919 918 920 
1850 917 918 919 
1851 146 147 939 
1852 917 915 918 
1853 867 930 981 
1854 913 916 940 
1855 854 907 1006 
1856 932 929 983 
1857 913 915 916 
1858 877 102 999 
1859 949 878 985 
1860 107 108 982 
1861 902 940 998 
1862 902 913 940 
1863 965 988 991 
1864 931 932 933 
1865 916 915 917 
1866 125 126 985 
1867 159 160 986 
1868 157 158 987 
1869 994 874 1005 
1870 1017 100 1033 
1871 975 861 988 
1872 965 978 992 
1873 886 13 995 
1874 875 109 994 
1875 110 874 994 
1876 100 101 1033 
1877 121 122 993 
1878 880 15 984 
1879 103 857 999 
1880 899 898 900 
1881 933 934 936 
1882 945 1005 1014 
1883 913 914 915 
1884 108 875 982 
1885 979 959 1029 
1886 859 132 1002 
1887 133 860 1002 
1888 879 910 1003 
1889 913 912 914 
1890 878 125 985 
1891 933 932 934 
1892 908 883 911 
1893 866 159 986 
1894 158 866 987 
1895 944 994 1005 
1896 940 856 998 
1897 988 965 992 
1898 976 975 988 
1899 868 121 993 
1900 931 929 932 
1901 966 989 990 
1902 966 964 989 
1903 862 974 990 
1904 989 862 990 
1905 977 862 989 
1906 977 989 991 
1907 989 964 991 
1908 861 977 991 
1909 964 965 991 
1910 978 970 992 
1911 109 110 994 
1912 990 1000 1014 
1913 979 870 1010 
1914 971 972 1010 
1915 973 927 1038 
1916 858 130 1011 
1917 131 859 1011 
1918 902 912 913 
1919 990 974 1000 
1920 948 950 1015 
1921 129 858 1013 
1922 10 123 1032 
1923 141 865 1016 
1924 863 140 1016 
1925 122 10 1032 
1926 887 128 1013 
1927 864 941 1028 
1928 941 918 1012 
1929 860 976 1024 
1930 974 863 1000 
1931 102 103 999 
1932 869 960 1022 
1933 996 855 1037 
1934 943 945 1023 
1935 105 864 1028 
1936 857 104 1028 
1937 941 864 1039 
1938 925 946 1027 
1939 882 891 892 
1940 927 923 1027 
1941 143 973 1038 
1942 865 142 1038 
1943 926 922 1039 
1944 970 979 1029 
1945 126 11 1034 
1946 12 157 1035 
1947 160 9 1036 
1948 976 988 992 
1949 11 127 1034 
1950 156 12 1035 
1951 9 93 1036 
1952 911 883 1004 
1953 894 880 895 
1954 900 1006 1007 
1955 132 133 1002 
1956 920 941 1039 
1957 905 886 906 
1958 897 898 899 
1959 915 914 1012 
1960 1000 945 1014 
1961 906 886 995 
1962 900 898 1006 
1963 967 966 1014 
1964 902 901 912 
1965 901 900 903 
1966 882 892 997 
1967 150 151 1001 
1968 168 167 855 
1969 895 880 984 
1970 874 967 1005 
1971 945 1000 1023 
1972 954 972 1022 
1973 896 895 897 
1974 945 944 1005 
1975 16 882 997 
1976 899 900 901 
1977 899 901 902 
1978 1030 935 1031 
1979 152 153 1026 
1980 151 152 1021 
1981 149 150 1020 
1982 164 163 854 
1983 14 884 907 
1984 910 893 1001 
1985 953 954 1022 
1986 166 165 1003 
1987 16 166 881 
1988 165 15 879 
1989 935 931 1031 
1990 934 932 1009 
1991 932 983 1009 
1992 870 971 1010 
1993 162 161 1004 
1994 14 162 883 
1995 161 13 885 
1996 130 131 1011 
1997 97 98 1040 
1998 903 1007 1017 
1999 128 129 1013 
2000 98 99 1018 
2001 918 915 1012 
2002 905 906 980 
2003 950 953 1015 
2004 140 141 1016 
2005 997 892 1037 
2006 903 900 1007 
2007 879 15 880 
2008 890 881 910 
2009 1002 860 1024 
2010 14 883 884 
2011 96 97 1041 
2012 885 904 911 
2013 894 895 896 
2014 908 911 1018 
2015 976 992 1029 
2016 1000 863 1023 
2017 16 881 882 
2018 885 13 886 
2019 985 126 1034 
2020 986 160 1036 
2021 157 987 1035 
2022 893 880 894 
2023 972 869 1022 
2024 946 943 1023 
2025 959 957 1024 
2026 966 990 1014 
2027 101 877 1033 
2028 150 1019 1020 
2029 998 856 1008 
2030 884 908 909 
2031 910 881 1003 
2032 923 925 1027 
2033 104 105 1028 
2034 882 890 891 
2035 993 122 1032 
2036 123 947 1032 
2037 885 911 1004 
2038 904 886 905 
2039 127 887 1034 
2040 889 156 1035 
2041 93 888 1036 
2042 887 985 1034 
2043 888 986 1036 
2044 987 889 1035 
2045 142 143 1038 
2046 981 891 1026 
2047 922 920 1039 
2048 957 1002 1024 
2049 151 1021 1025 
2050 879 880 893 
2051 992 970 1029 
2052 882 881 890 
2053 884 883 908 
2054 947 993 1032 
2055 891 890 1021 
2056 165 879 1003 
2057 881 166 1003 
2058 885 886 904 
2059 161 885 1004 
2060 883 162 1004 
2061 866 986 1043 
2062 894 896 1020 
2063 893 894 1019 
2064 935 996 1037 
2065 1040 98 1042 
2066 1001 893 1019 
2067 934 1009 1043 
2068 890 910 1025 
2069 1019 894 1020 
2070 150 1001 1019 
2071 903 1017 1033 
2072 910 1001 1025 
2073 904 905 1040 
2074 911 904 1042 
2075 905 980 1041 
2076 1001 151 1025 
2077 1021 890 1025 
2078 891 1021 1026 
2079 1009 866 1043 
2080 1018 911 1042 
2081 937 1030 1031 
2082 1040 905 1041 
2083 904 1040 1042 
2084 1021 152 1026 
2085 98 1018 1042 
2086 97 1040 1041 
3 1 4 5116
2087 1044 703 762 738 
2088 1045 741 757 764 
2089 1046 1047 1048 1049 
2090 562 255 17 403 
2091 1050 1051 1052 1053 
2092 1054 845 1055 216 
2093 1056 248 277 370 
2094 1057 1058 1059 949 
2095 1060 1061 1062 1063 
2096 1064 759 735 402 
2097 1065 520 454 558 
2098 1066 809 797 203 
2099 1067 1068 1069 723 
2100 1070 455 446 450 
2101 354 256 1064 1071 
2102 1072 992 970 1029 
2103 1073 1074 1075 1076 
2104 212 248 831 8 
2105 1077 1078 1079 1080 
2106 1081 240 305 688 
2107 1056 831 212 248 
2108 1082 553 1083 429 
2109 1077 655 657 659 
2110 1084 514 1085 1086 
2111 1087 1088 1089 315 
2112 1090 561 521 585 
2113 1091 1092 205 204 
2114 1093 1094 858 951 
2115 960 549 868 120 
2116 1095 1096 1097 1098 
2117 1099 924 1100 982 
2118 1101 437 868 549 
2119 1079 1102 1103 1104 
2120 1105 1106 1107 640 
2121 1108 320 382 327 
2122 1109 426 1110 519 
2123 1111 1112 1113 1114 
2124 1115 652 1019 603 
2125 1111 463 1116 431 
2126 1117 1118 1119 1120 
2127 477 395 1121 415 
2128 1122 1123 548 460 
2129 1124 397 1125 1126 
2130 1127 996 1128 995 
2131 1079 1129 1130 1078 
2132 1131 970 979 1029 
2133 1064 717 735 617 
2134 1132 571 580 587 
2135 1133 1134 1135 663 
2136 1130 331 356 358 
2137 1053 237 542 336 
2138 1126 842 853 832 
2139 1059 570 569 565 
2140 1136 1137 1138 1139 
2141 1140 721 719 645 
2142 1141 1010 1142 1083 
2143 1077 655 656 657 
2144 1143 303 255 301 
2145 1144 1145 1146 768 
2146 1147 1051 1053 1097 
2147 1053 237 346 377 
2148 1148 294 1149 405 
2149 1084 275 1085 514 
2150 1150 1151 1102 1104 
2151 1152 1153 1154 1155 
2152 1077 1102 1079 1156 
2153 1157 1116 1113 1114 
2154 1124 1158 1159 1125 
2155 1160 854 807 788 
2156 197 1161 805 1049 
2157 1162 1008 1163 998 
2158 1164 830 818 810 
2159 1165 1166 1167 1066 
2160 1160 807 1168 796 
2161 1169 518 1085 514 
2162 1170 714 713 659 
2163 1171 949 1059 985 
2164 193 1172 851 840 
2165 1173 540 482 524 
2166 64 383 230 667 
2167 1174 990 1175 1104 
2168 1124 1176 1158 1125 
2169 1177 913 1178 940 
2170 1179 726 602 621 
2171 1180 479 1181 1182 
2172 1115 1019 1183 603 
2173 1056 646 392 388 
2174 1184 1027 946 865 
2175 1185 208 209 816 
2176 1069 813 825 816 
2177 1186 918 920 1187 
2178 1001 151 150 652 
2179 1129 1077 1078 1079 
2180 1188 312 1189 310 
2181 1109 968 963 872 
2182 1071 1190 1191 1064 
2183 184 703 762 753 
2184 1044 1035 889 738 
2185 828 1192 879 880 
2186 658 705 1102 657 
2187 879 810 165 1003 
2188 1087 1193 1108 1089 
2189 1194 382 1089 235 
2190 1087 319 1108 1193 
2191 1195 1005 1175 1014 
2192 1196 1197 1198 1199 
2193 1200 1201 1202 240 
2194 1203 1016 946 863 
2195 1204 1149 1201 664 
2196 1188 1135 310 292 
2197 1205 798 1166 373 
2198 1206 78 614 690 
2199 1207 233 750 354 
2200 1208 747 746 743 
2201 1209 647 648 603 
2202 1077 656 1210 657 
2203 1090 993 1101 437 
2204 1211 225 1212 319 
2205 1213 559 399 583 
2206 1165 1167 1214 268 
2207 1121 231 471 415 
2208 1091 1092 812 205 
2209 1215 1210 1174 1175 
2210 1178 1216 916 913 
2211 1217 763 746 748 
2212 1077 655 1080 656 
2213 1192 1209 894 1218 
2214 1125 1116 304 243 
2215 89 829 7 246 
2216 1219 1220 1221 509 
2217 1048 1222 1145 1146 
2218 1223 1224 1092 1056 
2219 1213 583 399 47 
2220 1108 1194 1089 1193 
2221 1225 338 1052 339 
2222 1226 510 1227 349 
2223 1228 1041 414 97 
2224 1164 910 1068 1003 
2225 1229 1230 1167 1066 
2226 810 165 828 879 
2227 1231 223 680 592 
2228 1066 797 809 789 
2229 1081 283 1231 306 
2230 1232 888 986 1036 
2231 24 514 276 23 
2232 1066 798 803 797 
2233 1085 518 1086 514 
2234 1126 842 1159 847 
2235 1233 1234 1231 712 
2236 1235 1047 1076 1236 
2237 1178 1237 1216 1177 
2238 1192 1209 1019 894 
2239 26 513 244 25 
2240 1235 1238 1169 1086 
2241 1239 998 1240 899 
2242 1168 796 210 792 
2243 1164 910 1115 1068 
2244 1241 1018 1242 911 
2245 1164 1068 1069 219 
2246 1243 1244 1046 800 
2247 1245 296 298 299 
2248 233 750 82 744 
2249 1246 728 627 740 
2250 80 79 717 256 
2251 1247 1248 1212 729 
2252 1248 1088 352 573 
2253 576 177 584 736 
2254 1087 1248 1088 316 
2255 1065 968 1109 516 
2256 1195 945 1005 1014 
2257 1058 1093 1249 953 
2258 1250 547 1251 458 
2259 1096 1252 345 335 
2260 1226 510 349 420 
2261 1253 1046 1243 1244 
2262 808 87 274 6 
2263 1254 892 1255 1037 
2264 1256 194 786 776 
2265 1206 78 295 614 
2266 1255 1030 935 1031 
2267 1136 1138 1257 1147 
2268 1044 747 753 764 
2269 1178 1237 1177 940 
2270 1144 768 1146 779 
2271 1241 1258 1228 192 
2272 1092 672 1259 1260 
2273 1111 1261 1262 1263 
2274 1111 1123 1112 461 
2275 752 171 423 459 
2276 1083 447 445 508 
2277 1089 1120 1117 1119 
2278 1250 1251 1264 458 
2279 1211 226 322 323 
2280 1265 505 1096 419 
2281 1266 422 231 293 
2282 1267 355 343 359 
2283 1233 1268 1269 1270 
2284 1271 476 1180 479 
2285 1096 345 238 335 
2286 1082 449 1083 553 
2287 1264 1082 1072 1065 
2288 1077 1129 1140 1156 
2289 1093 608 1094 633 
2290 1272 1054 1273 1274 
2291 1275 312 310 390 
2292 1170 713 611 687 
2293 1095 1252 330 345 
2294 811 831 370 90 
2295 1224 258 1276 393 
2296 239 1277 418 502 
2297 1108 317 382 320 
2298 1144 769 1145 781 
2299 1048 1047 1278 1222 
2300 1125 1116 1245 298 
2301 1248 254 352 316 
2302 1094 949 951 950 
2303 1279 575 1118 586 
2304 1212 653 380 225 
2305 1130 1150 1280 1156 
2306 1281 860 1002 642 
2307 1077 1102 1170 714 
2308 1282 619 1283 621 
2309 1195 943 1284 944 
2310 1253 1285 1046 1074 
2311 1160 788 807 796 
2312 1278 778 1286 200 
2313 1259 1260 386 261 
2314 1067 626 601 723 
2315 1221 1126 186 185 
2316 304 1124 397 1125 
2317 1220 347 272 408 
2318 22 509 409 407 
2319 1233 712 680 715 
2320 1157 1207 1113 1064 
2321 1122 1232 1287 1123 
2322 1044 987 983 889 
2323 745 866 743 159 
2324 1283 621 619 615 
2325 956 1288 955 1289 
2326 1141 445 555 508 
2327 1090 1032 561 585 
2328 1233 712 1231 680 
2329 1290 1106 1138 1147 
2330 1205 1084 1085 196 
2331 1152 308 285 287 
2332 1100 430 107 485 
2333 1066 803 794 797 
2334 1046 1236 1076 1047 
2335 1201 694 591 701 
2336 1291 873 919 973 
2337 1108 1194 1292 327 
2338 1213 574 1118 439 
2339 1233 712 715 697 
2340 582 180 702 737 
2341 1292 545 456 450 
2342 1233 697 677 712 
2343 1212 653 729 613 
2344 1152 1153 1155 1293 
2345 1294 1270 1229 1295 
2346 1209 210 1183 209 
2347 1149 595 694 664 
2348 1078 1140 1129 684 
2349 1078 1267 228 684 
2350 1090 441 521 437 
2351 878 565 124 572 
2352 1292 339 389 236 
2353 1118 574 567 439 
2354 949 1057 1094 1171 
2355 1044 615 703 738 
2356 1091 1224 1223 1056 
2357 1256 371 1221 766 
2358 1073 1296 1297 900 
2359 1068 882 881 890 
2360 1124 465 1263 556 
2361 1224 388 258 393 
2362 1207 353 233 410 
2363 1298 1093 633 634 
2364 1059 565 568 985 
2365 176 521 561 585 
2366 1090 948 993 947 
2367 1234 306 1081 1231 
2368 1201 694 240 591 
2369 1299 1133 1300 1188 
2370 1233 697 1269 677 
2371 1070 450 446 448 
2372 226 55 56 681 
2373 1301 226 1211 323 
2374 1073 1007 1302 1017 
2375 1084 1219 1303 554 
2376 1304 782 773 778 
2377 1303 775 186 771 
2378 7 351 247 203 
2379 240 69 305 688 
2380 1152 1305 1153 1293 
2381 1125 1159 363 302 
2382 1122 436 1232 460 
2383 1306 1185 1183 649 
2384 1233 1268 1307 1231 
2385 1308 1309 1310 1178 
2386 1126 363 222 362 
2387 1311 1312 1189 1188 
2388 1299 1313 489 487 
2389 1294 648 651 650 
2390 1181 476 534 526 
2391 1215 1174 1314 1175 
2392 1186 1028 941 857 
2393 1056 75 392 646 
2394 1056 258 1224 388 
2395 1294 1306 648 650 
2396 823 1091 815 214 
2397 1315 1150 1280 1316 
2398 1138 643 1137 642 
2399 1265 419 1053 557 
2400 1192 880 894 893 
2401 1254 220 882 997 
2402 1192 880 1218 894 
2403 1102 705 714 657 
2404 1317 696 1275 668 
2405 1294 1306 1162 648 
2406 1096 336 419 238 
2407 1318 612 227 342 
2408 1070 445 1083 447 
2409 275 412 23 514 
2410 1160 799 801 201 
2411 543 888 93 94 
2412 1122 1287 1232 436 
2413 1111 1261 1123 1262 
2414 791 1243 1319 804 
2415 210 1319 792 209 
2416 910 1164 1115 879 
2417 1214 513 483 434 
2418 1320 205 206 812 
2419 1061 1172 1030 1321 
2420 1294 1322 1162 1306 
2421 1263 556 465 431 
2422 1084 1256 1303 195 
2423 831 90 248 370 
2424 1066 789 798 797 
2425 1323 538 418 528 
2426 1324 394 1325 292 
2427 1099 498 982 430 
2428 672 1295 1326 1259 
2429 1327 546 1328 466 
2430 1329 1307 1270 1330 
2431 1089 1119 1213 1088 
2432 561 1032 122 10 
2433 1118 567 579 586 
2434 1090 1101 441 437 
2435 1088 564 245 352 
2436 1198 920 922 921 
2437 246 811 89 829 
2438 1091 214 1223 1224 
2439 1319 1218 1209 210 
2440 275 23 276 514 
2441 1084 385 1256 275 
2442 1127 1037 996 855 
2443 1264 1050 1265 1053 
2444 1090 1059 948 947 
2445 1083 971 870 429 
2446 1058 1015 950 953 
2447 1249 444 443 417 
2448 1134 668 1135 663 
2449 1053 338 237 377 
2450 1331 1299 1311 489 
2451 874 111 506 961 
2452 1267 612 684 720 
2453 1313 1332 1198 1333 
2454 1083 553 508 429 
2455 1110 506 426 961 
2456 1169 1166 1085 1086 
2457 1239 899 1073 901 
2458 1334 1067 1274 626 
2459 1114 403 255 562 
2460 1283 983 928 889 
2461 1064 757 754 750 
2462 1335 334 1323 372 
2463 609 1038 1184 865 
2464 344 654 61 229 
2465 1317 1275 1336 1134 
2466 1335 333 381 357 
2467 1269 679 1178 675 
2468 1205 1086 1085 1166 
2469 1337 205 1092 204 
2470 1229 1337 1338 1326 
2471 1048 1086 1222 1146 
2472 1321 96 414 980 
2473 1339 425 1100 864 
2474 179 577 180 702 
2475 1094 727 1013 887 
2476 1171 949 985 887 
2477 1281 642 722 639 
2478 1294 651 716 650 
2479 995 168 13 851 
2480 1207 755 765 749 
2481 560 172 760 459 
2482 1143 303 1116 243 
2483 1093 950 952 953 
2484 1089 1213 1117 360 
2485 1126 185 842 186 
2486 1340 1255 1062 1031 
2487 1283 929 928 983 
2488 756 1217 763 1112 
2489 556 408 20 347 
2490 1134 692 668 669 
2491 1187 919 920 921 
2492 1135 292 1325 394 
2493 1341 1333 1197 1342 
2494 1247 1211 1105 733 
2495 1288 1093 1343 634 
2496 1249 960 869 417 
2497 1101 443 437 549 
2498 1241 911 1242 1344 
2499 606 1038 1199 685 
2500 1302 411 511 529 
2501 1242 883 784 1004 
2502 1345 1346 625 602 
2503 1334 625 1067 626 
2504 1060 846 1127 1255 
2505 1239 1237 998 940 
2506 1347 938 917 873 
2507 1265 1348 337 1097 
2508 531 360 45 235 
2509 1117 440 531 439 
2510 531 235 45 432 
2511 1118 567 575 435 
2512 1088 245 578 314 
2513 1248 630 629 718 
2514 1213 583 574 559 
2515 44 432 45 235 
2516 1253 1168 1243 1296 
2517 1292 1349 389 1052 
2518 1101 1279 1090 1118 
2519 1052 1053 1051 325 
2520 123 947 572 585 
2521 1141 1289 1142 954 
2522 1094 1013 727 608 
2523 1281 1137 1024 860 
2524 1096 552 1252 416 
2525 1172 192 836 840 
2526 1271 478 479 480 
2527 424 999 103 857 
2528 1211 322 378 225 
2529 1083 971 1010 870 
2530 1350 1058 1351 1352 
2531 1229 1338 1329 1353 
2532 1132 702 1171 577 
2533 556 347 20 243 
2534 1327 1228 1321 546 
2535 1287 888 543 936 
2536 1241 911 1344 1042 
2537 1075 524 1033 411 
2538 1348 391 1318 1301 
2539 1131 507 1065 558 
2540 1130 358 1129 1095 
2541 1317 1210 656 658 
2542 1252 335 330 345 
2543 1250 517 547 520 
2544 1354 989 990 966 
2545 1130 331 1355 1335 
2546 1267 228 612 342 
2547 1349 1247 1343 1352 
2548 1109 426 519 517 
2549 829 1260 247 246 
2550 1259 1326 672 698 
2551 829 1260 811 820 
2552 1088 315 245 314 
2553 1194 44 327 235 
2554 1141 1083 1142 1356 
2555 1102 705 1174 714 
2556 1087 1108 319 317 
2557 1070 1108 1352 1351 
2558 1225 421 338 545 
2559 1093 858 1094 608 
2560 1077 1170 1156 659 
2561 1078 358 344 228 
2562 1340 937 1122 1321 
2563 1084 385 275 412 
2564 274 1205 6 251 
2565 1357 839 217 218 
2566 1154 1342 1341 1197 
2567 1266 293 1324 1227 
2568 1195 1175 1314 1000 
2569 1148 663 661 662 
2570 932 1179 1062 1358 
2571 1294 1353 1229 1322 
2572 1160 796 792 801 
2573 1090 947 993 1032 
2574 1247 1343 1350 1093 
2575 1093 953 952 954 
2576 1064 735 256 402 
2577 4 402 735 759 
2578 1233 1269 1294 1270 
2579 1196 1333 1198 1197 
2580 1326 716 672 698 
2581 1243 200 1046 1285 
2582 1209 1020 1019 894 
2583 1192 1183 1115 1019 
2584 1239 1237 1322 1163 
2585 1221 252 278 271 
2586 1115 1183 723 652 
2587 1212 380 653 613 
2588 1134 669 668 663 
2589 1323 241 328 525 
2590 1359 1275 1317 696 
2591 1289 954 1249 1093 
2592 1131 1083 1010 870 
2593 1303 775 1221 186 
2594 1189 309 310 311 
2595 1199 606 685 704 
2596 1016 141 683 609 
2597 308 1152 285 1305 
2598 1071 299 1157 376 
2599 1282 1045 1044 619 
2600 560 760 9 1036 
2601 1232 760 560 1036 
2602 936 436 95 94 
2603 1171 582 702 737 
2604 1118 575 1090 521 
2605 1360 1351 1194 455 
2606 1171 985 1034 887 
2607 1052 1349 321 323 
2608 1059 878 948 947 
2609 582 126 1034 985 
2610 1094 1171 616 887 
2611 1115 893 910 879 
2612 1169 434 518 514 
2613 1068 890 881 910 
2614 1274 1361 624 728 
2615 1127 843 219 220 
2616 543 436 936 94 
2617 1283 929 983 932 
2618 1116 300 243 303 
2619 1208 746 745 743 
2620 1175 1362 1363 1284 
2621 1355 329 333 331 
2622 1311 1226 527 489 
2623 1318 342 227 343 
2624 1364 1234 677 709 
2625 147 856 148 604 
2626 1118 435 575 521 
2627 1089 1119 1117 1213 
2628 250 6 1256 251 
2629 1126 853 842 185 
2630 1303 780 196 195 
2631 1191 730 1282 620 
2632 1287 932 934 933 
2633 1314 689 974 610 
2634 1322 1229 1270 1329 
2635 1194 235 1089 1117 
2636 1157 1190 1116 299 
2637 1255 1340 1030 1031 
2638 1067 1068 1021 891 
2639 16 881 166 830 
2640 1346 891 1026 981 
2641 1301 325 324 323 
2642 519 1316 539 1365 
2643 1290 639 1106 640 
2644 1114 761 755 749 
2645 735 754 1064 617 
2646 1045 617 754 741 
2647 164 788 854 163 
2648 1334 1069 1274 1067 
2649 1229 1295 1270 1230 
2650 1340 937 1321 1030 
2651 766 1303 1256 776 
2652 1113 1207 1112 756 
2653 598 687 861 135 
2654 505 416 335 38 
2655 1147 1318 1051 1097 
2656 1050 1070 447 448 
2657 1121 395 231 415 
2658 1072 1147 1098 1366 
2659 1323 1312 1103 1335 
2660 1229 1270 1167 1230 
2661 1095 1097 1280 1098 
2662 1095 1267 359 355 
2663 1052 339 325 323 
2664 1348 1267 343 359 
2665 1229 1270 1329 1167 
2666 1065 871 516 427 
2667 1184 683 707 609 
2668 1083 508 971 429 
2669 427 871 115 969 
2670 1312 1188 312 1189 
2671 1153 1180 1271 476 
2672 1198 923 1199 921 
2673 1181 424 999 536 
2674 1339 523 425 533 
2675 1308 1187 1341 1347 
2676 967 966 962 1315 
2677 1065 427 516 520 
2678 1072 1139 1147 1366 
2679 1277 239 1252 502 
2680 1067 1021 1026 891 
2681 1367 1180 1216 1368 
2682 1266 472 1121 471 
2683 1152 1121 1154 1153 
2684 424 1028 104 500 
2685 1324 1333 1325 1149 
2686 1369 1217 1045 1064 
2687 1232 543 560 459 
2688 1036 543 560 1232 
2689 1367 1216 1180 1181 
2690 1195 1175 1215 1314 
2691 1189 241 525 361 
2692 1300 1099 1284 942 
2693 1247 1193 1350 1352 
2694 1135 1148 661 232 
2695 1118 575 567 586 
2696 1264 454 453 558 
2697 1107 638 639 607 
2698 689 140 683 863 
2699 1184 1016 609 865 
2700 1184 1199 685 711 
2701 1294 648 1162 691 
2702 1056 831 248 370 
2703 1221 252 371 278 
2704 1056 811 831 370 
2705 1167 365 1230 1231 
2706 1189 311 372 361 
2707 1198 920 1197 1339 
2708 1201 340 240 694 
2709 1370 923 1184 1199 
2710 1371 1109 1250 1065 
2711 1372 525 1323 538 
2712 1082 1257 1072 1131 
2713 1249 1022 869 960 
2714 1085 514 276 384 
2715 1069 814 219 218 
2716 1256 1221 371 278 
2717 1228 546 1327 468 
2718 1090 572 1059 947 
2719 121 868 993 437 
2720 1291 673 1347 873 
2721 344 228 60 684 
2722 1200 1364 1293 1309 
2723 117 508 971 118 
2724 1050 448 447 449 
2725 1101 960 549 868 
2726 1070 1352 1373 1289 
2727 50 352 49 573 
2728 426 112 872 961 
2729 1374 1065 970 978 
2730 1149 694 1201 664 
2731 1284 944 943 942 
2732 1184 1027 865 927 
2733 1284 994 874 1005 
2734 823 1091 214 1223 
2735 1184 609 1016 683 
2736 1084 412 275 514 
2737 1153 1368 1155 1180 
2738 1165 1214 1169 270 
2739 1165 374 1169 1166 
2740 1051 324 1301 325 
2741 1108 1089 1194 382 
2742 1254 981 892 891 
2743 1340 1255 1061 1062 
2744 1357 1375 835 849 
2745 1254 1255 1127 1037 
2746 1346 981 1026 731 
2747 1376 602 1345 622 
2748 1056 257 277 248 
2749 1092 1259 672 698 
2750 1294 1269 1162 1322 
2751 1272 1361 1191 1345 
2752 1265 419 1096 336 
2753 1095 337 1096 345 
2754 1217 763 1112 1232 
2755 1334 218 1060 1357 
2756 1157 1064 354 1207 
2757 1369 1045 1217 1044 
2758 1111 1262 1123 462 
2759 156 615 889 738 
2760 1116 301 299 300 
2761 1376 1282 621 620 
2762 184 703 753 183 
2763 1052 1349 1301 1373 
2764 1248 736 401 718 
2765 1118 441 1090 1101 
2766 1109 872 963 962 
2767 1331 491 1362 493 
2768 1112 742 763 756 
2769 1340 1062 1061 1063 
2770 1303 775 780 776 
2771 193 1172 1128 851 
2772 1044 1208 932 983 
2773 1112 752 763 742 
2774 752 742 423 171 
2775 1112 423 460 459 
2776 1377 222 364 852 
2777 1064 618 717 617 
2778 1331 489 490 487 
2779 1311 527 1189 495 
2780 1189 527 537 495 
2781 1053 237 336 346 
2782 1199 1038 973 927 
2783 144 873 673 606 
2784 1252 416 502 335 
2785 1251 547 1277 503 
2786 1318 686 612 739 
2787 1376 621 622 620 
2788 1176 1116 1111 1190 
2789 1207 750 233 744 
2790 1272 1378 1054 1379 
2791 1375 1258 1380 1328 
2792 370 1056 811 1260 
2793 1111 1113 1261 1190 
2794 1125 1159 1126 397 
2795 825 1320 1381 1185 
2796 1262 1263 1328 466 
2797 1287 934 932 1009 
2798 1124 556 1263 431 
2799 1115 601 1068 1025 
2800 1223 215 214 823 
2801 821 828 879 810 
2802 1052 321 339 323 
2803 1194 44 456 327 
2804 1108 320 327 389 
2805 1349 319 1211 1212 
2806 629 600 566 178 
2807 1212 729 1248 613 
2808 1345 625 622 602 
2809 1315 1365 1110 1104 
2810 1096 505 552 416 
2811 338 41 542 237 
2812 542 336 237 40 
2813 1109 426 516 872 
2814 1315 1151 1104 966 
2815 46 360 531 559 
2816 1360 1089 1194 1193 
2817 1325 291 292 309 
2818 147 856 604 693 
2819 993 437 561 122 
2820 1119 1118 1279 1120 
2821 878 124 947 572 
2822 575 521 175 176 
2823 1331 489 1311 491 
2824 383 1275 313 230 
2825 1331 1311 1362 491 
2826 1136 979 958 959 
2827 1118 435 440 439 
2828 1377 404 364 222 
2829 1256 278 275 385 
2830 1382 1383 847 1159 
2831 1145 781 197 768 
2832 1297 900 1296 1006 
2833 1216 1182 1181 1173 
2834 1262 466 546 470 
2835 1340 1122 937 933 
2836 1119 581 1248 580 
2837 1272 1191 1063 1345 
2838 1203 1215 1300 1134 
2839 1323 418 538 525 
2840 1184 1199 1027 927 
2841 1204 700 1341 1291 
2842 328 241 35 525 
2843 1170 687 1384 719 
2844 1122 95 936 436 
2845 1128 906 905 886 
2846 736 576 629 1248 
2847 1248 736 584 401 
2848 1248 254 613 718 
2849 1252 416 503 502 
2850 1096 419 505 238 
2851 1079 1335 1103 1312 
2852 1103 1362 1336 1312 
2853 1130 331 1335 356 
2854 1178 1216 1268 1309 
2855 1385 1271 1386 480 
2856 1385 280 1307 1387 
2857 1162 1163 1209 1306 
2858 1332 475 492 523 
2859 1385 280 1387 282 
2860 1310 916 1178 1216 
2861 513 434 400 25 
2862 1248 584 352 401 
2863 1119 586 1118 579 
2864 1213 559 531 360 
2865 1219 1146 1144 469 
2866 1145 769 782 781 
2867 1044 1208 1358 932 
2868 1152 287 285 286 
2869 1092 672 1260 590 
2870 1094 608 727 633 
2871 125 124 878 565 
2872 125 565 878 985 
2873 1381 1274 1273 1054 
2874 1107 638 640 639 
2875 1117 360 531 235 
2876 1194 327 382 235 
2877 1195 1331 1300 1388 
2878 1148 661 595 662 
2879 1103 1372 1365 1362 
2880 1077 1078 1140 1129 
2881 1317 708 1174 658 
2882 1001 1025 151 652 
2883 1186 425 864 500 
2884 1160 801 799 796 
2885 468 1241 1228 504 
2886 1235 483 1386 481 
2887 1305 477 1271 224 
2888 1248 729 630 613 
2889 1298 634 633 632 
2890 1053 338 542 237 
2891 1298 1132 631 1171 
2892 1186 941 1012 857 
2893 1209 1163 1008 896 
2894 1085 276 374 384 
2895 1165 1214 1167 1238 
2896 1066 351 265 221 
2897 1357 1258 1375 849 
2898 1091 1224 1056 213 
2899 1272 1361 1389 1191 
2900 1124 1220 465 556 
2901 1116 301 300 303 
2902 1066 351 221 809 
2903 1179 1346 1345 602 
2904 1153 1181 1180 476 
2905 1324 290 288 294 
2906 537 525 34 361 
2907 1359 1080 341 671 
2908 938 1347 1310 605 
2909 1095 337 1097 1096 
2910 1372 1355 1103 1365 
2911 1164 821 810 818 
2912 1192 603 1209 1183 
2913 1254 882 1068 890 
2914 1196 1198 1333 1370 
2915 1135 292 394 313 
2916 1310 916 1368 917 
2917 1167 1066 1230 264 
2918 1159 1377 222 404 
2919 1151 966 964 989 
2920 1140 739 1366 1267 
2921 1136 959 958 957 
2922 1308 676 1390 1364 
2923 1226 309 349 291 
2924 1272 1357 1054 1334 
2925 1377 852 212 841 
2926 1391 215 1273 1378 
2927 1346 602 981 731 
2928 1308 1368 1310 1309 
2929 1199 927 923 1027 
2930 338 545 421 42 
2931 1065 871 970 978 
2932 1264 1065 454 558 
2933 1349 322 319 321 
2934 1298 1057 1171 1094 
2935 1247 653 733 635 
2936 399 2 47 583 
2937 1217 757 758 748 
2938 17 562 403 1 
2939 354 233 376 1157 
2940 328 1355 418 239 
2941 1203 943 1195 1023 
2942 576 177 629 178 
2943 1248 352 584 573 
2944 593 378 226 55 
2945 53 52 613 380 
2946 1171 985 1059 568 
2947 1212 613 1248 380 
2948 1087 1089 1108 317 
2949 1288 1281 859 607 
2950 1288 608 1093 634 
2951 335 38 416 37 
2952 1096 337 238 345 
2953 1165 267 266 268 
2954 1361 728 1276 588 
2955 1220 272 253 271 
2956 1232 745 752 760 
2957 1269 677 679 675 
2958 1144 769 781 772 
2959 1391 214 844 837 
2960 1361 588 1276 690 
2961 1232 436 543 460 
2962 1381 813 822 825 
2963 1223 812 817 823 
2964 1256 250 275 278 
2965 1108 319 317 320 
2966 1015 1249 1058 1101 
2967 1088 564 352 573 
2968 1233 715 1294 651 
2969 1214 1235 1169 483 
2970 1046 1049 1236 1047 
2971 1382 186 1126 847 
2972 1247 1193 1298 1350 
2973 48 578 245 314 
2974 1213 574 578 579 
2975 1220 271 407 272 
2976 1287 543 1232 436 
2977 1009 1287 1043 1208 
2978 1374 970 1072 992 
2979 1203 1023 1195 1314 
2980 137 660 977 862 
2981 1137 860 734 975 
2982 344 60 596 684 
2983 1123 1261 1358 1380 
2984 543 936 888 94 
2985 1179 1376 1283 621 
2986 1052 1301 1349 323 
2987 1225 451 1053 421 
2988 1248 584 576 573 
2989 1249 555 445 417 
2990 1141 971 1083 508 
2991 1084 1086 1085 196 
2992 1165 265 266 267 
2993 1191 1206 1282 730 
2994 1092 672 590 698 
2995 1143 1114 1157 255 
2996 981 731 602 153 
2997 1086 1161 1238 1166 
2998 1116 299 298 300 
2999 1064 717 618 614 
3000 1194 235 1117 432 
3001 951 1093 1094 950 
3002 1132 629 630 600 
3003 582 1034 126 11 
3004 1141 1249 555 445 
3005 1212 319 225 318 
3006 1181 479 1173 1182 
3007 1218 807 984 211 
3008 1166 1066 265 373 
3009 1305 1153 1180 1271 
3010 1360 1120 1089 1193 
3011 1248 576 580 573 
3012 1264 1147 1082 1053 
3013 1194 1117 551 432 
3014 1171 577 582 568 
3015 188 1392 1393 1375 
3016 1164 830 1068 818 
3017 981 602 867 153 
3018 1164 210 821 827 
3019 1068 881 882 220 
3020 1254 892 1037 997 
3021 1140 1280 1170 1156 
3022 1078 356 344 358 
3023 138 610 660 862 
3024 1094 1013 951 887 
3025 1247 1211 1349 1343 
3026 1247 635 733 636 
3027 1070 1292 1108 1351 
3028 1094 1013 858 951 
3029 1279 570 1090 575 
3030 1160 806 854 788 
3031 1270 1330 1307 1268 
3032 1165 265 1166 1066 
3033 1232 460 543 459 
3034 1222 469 563 544 
3035 1111 1263 1262 464 
3036 426 506 112 961 
3037 1059 565 878 572 
3038 1052 325 339 377 
3039 1094 1013 608 858 
3040 1173 482 526 536 
3041 1198 1333 1332 1197 
3042 1308 1155 1187 1368 
3043 1082 1083 1131 429 
3044 1060 1061 1357 1172 
3045 1127 843 840 846 
3046 1186 534 1153 474 
3047 1367 915 1216 913 
3048 1186 918 941 920 
3049 1317 708 1314 1174 
3050 1247 636 634 635 
3051 1154 472 475 474 
3052 1286 511 1302 908 
3053 1235 1214 1169 1238 
3054 1239 1162 1163 998 
3055 1076 1285 1278 1302 
3056 1073 1007 1017 903 
3057 1269 675 1178 1309 
3058 1162 1237 1269 1178 
3059 1073 1033 1075 903 
3060 1127 855 851 833 
3061 1278 778 200 199 
3062 880 828 15 879 
3063 1164 209 1183 210 
3064 1258 1327 1241 1228 
3065 883 202 784 14 
3066 1241 1286 1242 1018 
3067 1068 910 881 1003 
3068 1273 1274 1381 1223 
3069 1341 1308 700 1390 
3070 1160 898 1168 854 
3071 1247 636 1343 634 
3072 1068 830 881 220 
3073 167 833 168 855 
3074 1254 1037 1127 997 
3075 731 1021 1067 601 
3076 1068 1003 830 810 
3077 1297 1296 1160 1006 
3078 1128 995 193 851 
3079 1228 1042 1040 504 
3080 1124 397 273 347 
3081 1158 1125 1176 1245 
3082 1046 198 199 800 
3083 1143 550 438 18 
3084 1393 467 1219 1327 
3085 556 243 20 431 
3086 1143 461 1111 1114 
3087 1320 650 1326 698 
3088 1183 816 1185 209 
3089 1346 891 1067 1026 
3090 1122 548 1123 1262 
3091 1060 1346 1254 1067 
3092 1240 1163 1218 896 
3093 1253 1244 1236 1074 
3094 1268 1387 1216 1182 
3095 1239 1240 1253 1296 
3096 156 615 155 889 
3097 1128 1228 1344 886 
3098 1171 702 582 577 
3099 1171 568 1059 569 
3100 1171 568 569 577 
3101 1254 882 890 891 
3102 1283 1369 1044 1282 
3103 1247 634 632 635 
3104 1260 277 368 260 
3105 1179 1063 1376 1345 
3106 1193 1248 1119 1088 
3107 960 549 120 417 
3108 1298 1058 1057 1094 
3109 1118 435 441 440 
3110 1247 632 729 635 
3111 131 725 1011 859 
3112 1362 491 494 493 
3113 1080 671 654 229 
3114 1313 1226 1299 488 
3115 1188 1325 1135 292 
3116 874 506 111 428 
3117 1175 1000 1014 990 
3118 1394 1299 1227 1325 
3119 1080 671 696 656 
3120 502 36 239 37 
3121 1354 977 989 991 
3122 1085 514 275 276 
3123 1393 466 1327 1328 
3124 243 556 347 1124 
3125 58 342 612 59 
3126 1344 885 767 785 
3127 1222 541 529 512 
3128 1242 884 1297 202 
3129 1382 1219 1393 1220 
3130 1303 1256 776 195 
3131 1127 1128 1172 851 
3132 166 830 1003 810 
3133 1136 979 1131 958 
3134 1065 458 454 520 
3135 507 969 115 116 
3136 1103 1365 1104 1363 
3137 1188 1189 309 310 
3138 1377 1224 213 212 
3139 1112 752 423 459 
3140 1207 353 749 744 
3141 1282 620 619 621 
3142 1044 751 762 753 
3143 1247 634 1298 632 
3144 1141 1289 1070 1356 
3145 1247 1193 1352 1212 
3146 1301 56 226 369 
3147 1050 1082 1051 1053 
3148 1142 958 1010 972 
3149 986 1036 160 760 
3150 1305 1121 477 224 
3151 1320 1337 1338 206 
3152 1169 434 483 518 
3153 1099 982 875 942 
3154 1324 1342 1333 1149 
3155 1361 728 588 690 
3156 1179 1062 1358 1063 
3157 1304 469 1222 544 
3158 1070 1352 1289 1351 
3159 1340 1123 1287 1358 
3160 1181 1173 479 526 
3161 1160 854 1168 807 
3162 908 99 1018 433 
3163 1319 1209 1306 1183 
3164 1338 802 790 795 
3165 1126 832 853 222 
3166 1126 362 253 273 
3167 5 252 787 185 
3168 1391 844 1383 837 
3169 1201 591 710 701 
3170 909 511 100 99 
3171 1302 909 1017 1007 
3172 1307 280 279 269 
3173 1165 270 374 267 
3174 1372 494 538 497 
3175 1141 555 869 508 
3176 1359 367 1275 230 
3177 883 884 202 14 
3178 851 855 168 833 
3179 1254 1346 981 891 
3180 1241 192 783 191 
3181 1247 635 729 653 
3182 1167 365 1231 269 
3183 1302 411 1017 511 
3184 221 808 798 789 
3185 786 86 371 766 
3186 1219 186 1221 1220 
3187 1205 798 373 274 
3188 853 362 222 92 
3189 1316 1371 1280 1315 
3190 1247 729 1212 653 
3191 1159 363 302 404 
3192 1266 293 1227 422 
3193 1267 684 612 228 
3194 1284 875 498 499 
3195 1331 491 493 490 
3196 1225 1356 1050 1070 
3197 173 174 574 439 
3198 559 574 173 583 
3199 98 97 1040 504 
3200 1340 1123 1122 1287 
3201 1344 886 885 785 
3202 1224 732 646 740 
3203 1174 610 974 862 
3204 1314 1000 974 863 
3205 1374 988 1384 965 
3206 1335 334 372 381 
3207 1395 481 1173 540 
3208 1275 230 667 597 
3209 1386 483 1214 513 
3210 1168 807 1218 211 
3211 1054 1357 1055 845 
3212 1239 1237 1162 998 
3213 1274 625 626 624 
3214 1069 1185 1183 816 
3215 1206 295 78 234 
3216 234 348 77 690 
3217 1060 1255 1061 1172 
3218 1179 930 1346 981 
3219 1071 1389 1191 1190 
3220 1379 1061 1380 1258 
3221 1060 1255 1172 846 
3222 1105 733 1211 682 
3223 1077 1140 1078 695 
3224 1174 1354 714 660 
3225 1311 491 527 495 
3226 1078 695 596 655 
3227 1348 1053 346 326 
3228 1377 258 1224 249 
3229 588 77 348 690 
3230 1219 779 1144 1146 
3231 186 1219 1382 1220 
3232 1282 619 1044 1283 
3233 414 96 1041 980 
3234 1229 1161 1338 1066 
3235 222 852 832 91 
3236 1383 847 1159 837 
3237 1245 1190 1071 299 
3238 1207 1217 748 756 
3239 1292 43 456 545 
3240 1317 1210 1359 696 
3241 1141 1010 1083 971 
3242 1096 337 336 238 
3243 561 585 1032 10 
3244 121 437 993 122 
3245 1248 613 630 718 
3246 1119 1248 1057 1132 
3247 1119 1279 1057 1120 
3248 1249 953 960 1015 
3249 1157 1114 1113 1207 
3250 1114 1207 410 353 
3251 530 755 169 170 
3252 530 170 742 755 
3253 1377 1276 1224 258 
3254 1205 1166 798 195 
3255 908 1297 909 1302 
3256 352 573 564 49 
3257 1212 225 380 318 
3258 1247 1350 1298 1093 
3259 1213 47 578 583 
3260 1248 254 401 352 
3261 24 276 514 384 
3262 1166 267 374 373 
3263 434 384 24 514 
3264 1136 1257 1138 1281 
3265 1050 447 1083 449 
3266 1137 1384 975 598 
3267 1217 758 1064 1207 
3268 1207 233 353 744 
3269 1105 636 733 682 
3270 46 531 360 45 
3271 399 2 583 559 
3272 1119 1089 1120 1193 
3273 1130 1078 1129 358 
3274 1355 330 329 331 
3275 1133 669 663 670 
3276 1317 696 692 658 
3277 1135 394 1148 232 
3278 243 431 1116 1143 
3279 1067 601 1068 723 
3280 1205 373 374 274 
3281 1258 192 1172 1128 
3282 1069 816 826 813 
3283 1092 590 1260 1056 
3284 186 1219 187 1382 
3285 1221 409 385 412 
3286 1166 798 1066 373 
3287 1243 1046 200 793 
3288 1247 1298 634 1093 
3289 1173 482 479 526 
3290 1105 682 1211 681 
3291 1161 803 1166 196 
3292 1060 1172 1357 846 
3293 1346 1026 1067 731 
3294 1299 1226 489 488 
3295 1359 1275 1336 1317 
3296 1354 990 1104 966 
3297 1359 671 1275 696 
3298 1203 1133 1370 1184 
3299 1127 1037 1255 996 
3300 1127 833 167 855 
3301 1067 626 625 601 
3302 1064 750 754 759 
3303 1127 850 167 833 
3304 1068 830 220 818 
3305 1340 933 937 1031 
3306 1103 1312 1372 1362 
3307 1192 1019 1115 893 
3308 806 163 907 854 
3309 984 211 807 15 
3310 1370 942 925 924 
3311 1148 232 394 294 
3312 710 591 1200 1081 
3313 1162 648 1209 647 
3314 1173 479 482 481 
3315 98 1042 1018 433 
3316 1174 990 1354 862 
3317 1298 630 1248 729 
3318 1059 949 878 985 
3319 507 969 427 115 
3320 1219 554 1146 469 
3321 1221 775 766 787 
3322 1105 1211 1301 681 
3323 1298 631 1132 630 
3324 1310 939 938 693 
3325 1347 938 1310 917 
3326 1390 678 666 701 
3327 1133 1396 670 662 
3328 1223 1092 1224 732 
3329 50 584 352 573 
3330 681 1105 682 724 
3331 576 629 177 736 
3332 1235 484 1047 541 
3333 1126 186 842 847 
3334 1262 470 462 464 
3335 1304 778 773 770 
3336 995 168 851 855 
3337 43 327 456 44 
3338 1383 834 188 187 
3339 1221 787 252 185 
3340 1095 332 359 345 
3341 1130 1280 1150 1316 
3342 1109 516 426 517 
3343 102 999 524 877 
3344 186 1219 1303 187 
3345 1167 264 266 265 
3346 22 385 409 412 
3347 1303 1146 196 768 
3348 1397 1066 265 264 
3349 1129 1280 1095 1366 
3350 505 335 238 38 
3351 1119 1248 1132 580 
3352 127 128 616 887 
3353 1360 1117 1194 1089 
3354 1106 1107 1289 1373 
3355 1132 1248 576 580 
3356 1171 582 1034 985 
3357 1171 1034 582 737 
3358 1301 226 56 681 
3359 1170 713 687 719 
3360 1338 1320 1353 1326 
3361 7 351 809 88 
3362 582 702 180 577 
3363 72 223 680 375 
3364 1169 374 1085 1166 
3365 1081 283 306 305 
3366 1200 285 1293 282 
3367 1372 496 494 497 
3368 1099 942 1370 924 
3369 1130 1252 1095 1251 
3370 337 1348 1095 1097 
3371 1363 493 494 496 
3372 1213 315 1088 314 
3373 1271 479 1182 480 
3374 1285 201 1160 801 
3375 1073 1017 1033 903 
3376 1294 651 691 697 
3377 1095 358 1267 355 
3378 684 1140 1267 720 
3379 1053 325 346 326 
3380 1071 295 717 614 
3381 1129 1095 1267 1366 
3382 1371 962 1315 1109 
3383 1147 1053 1265 1097 
3384 1101 1015 960 868 
3385 1069 217 826 218 
3386 1192 880 893 879 
3387 1392 1393 1328 1263 
3388 1288 725 1011 608 
3389 1114 410 255 353 
3390 4 81 402 759 
3391 80 735 402 256 
3392 530 562 169 761 
3393 1114 353 761 749 
3394 1110 506 1363 496 
3395 1189 311 242 309 
3396 1365 497 539 519 
3397 127 616 1034 887 
3398 760 986 1232 745 
3399 1245 296 1071 1206 
3400 1122 501 436 548 
3401 1044 987 889 1035 
3402 1345 624 622 625 
3403 1157 301 255 410 
3404 1044 615 619 703 
3405 1045 754 757 741 
3406 1299 1300 1133 1370 
3407 1100 107 982 926 
3408 1200 240 286 284 
3409 1323 1189 1312 372 
3410 1387 1271 1293 1180 
3411 1347 873 673 605 
3412 1233 677 1269 1234 
3413 1308 1390 1155 1309 
3414 1291 606 673 873 
3415 1162 1178 1269 679 
3416 1116 243 1263 431 
3417 550 303 243 19 
3418 1143 1111 461 463 
3419 1192 1209 603 1019 
3420 264 1167 365 1230 
3421 1271 476 479 478 
3422 1305 308 224 379 
3423 1178 693 604 856 
3424 1187 1197 1291 921 
3425 1288 859 1011 725 
3426 146 938 939 693 
3427 417 869 555 119 
3428 1288 1289 1107 1093 
3429 1118 567 435 439 
3430 542 419 336 40 
3431 1072 1139 992 1029 
3432 1130 356 1078 358 
3433 39 238 419 336 
3434 1374 992 988 965 
3435 1323 328 241 334 
3436 1265 1053 419 336 
3437 1211 378 653 225 
3438 221 88 809 351 
3439 477 395 224 1121 
3440 148 1008 604 856 
3441 1124 1158 1382 1159 
3442 1224 393 1276 588 
3443 831 248 90 8 
3444 1205 798 274 808 
3445 221 789 809 88 
3446 1114 761 353 403 
3447 353 761 749 84 
3448 1112 423 461 460 
3449 394 1324 1148 294 
3450 1148 1149 595 405 
3451 1115 601 1025 652 
3452 1127 840 843 833 
3453 1127 996 1172 1128 
3454 166 1003 165 810 
3455 1081 1387 1231 283 
3456 1073 1302 1076 411 
3457 1084 1086 196 1146 
3458 1338 1353 795 1244 
3459 1213 578 574 583 
3460 1194 551 456 432 
3461 1213 314 399 360 
3462 1213 314 1088 578 
3463 1088 352 245 316 
3464 1281 1024 1002 860 
3465 121 868 437 549 
3466 1349 1108 1212 1193 
3467 567 174 435 439 
3468 123 572 947 124 
3469 1305 1180 1153 1293 
3470 1386 1236 1395 1330 
3471 1288 608 1011 858 
3472 1153 1271 473 476 
3473 1288 1093 608 858 
3474 1288 725 608 637 
3475 1187 1186 1339 920 
3476 1184 609 707 711 
3477 1121 231 308 406 
3478 1152 1154 1266 1342 
3479 1229 1066 1337 1230 
3480 1231 592 306 223 
3481 864 425 485 106 
3482 1397 809 1066 203 
3483 592 688 305 70 
3484 1175 1005 1363 967 
3485 1200 1390 1364 1309 
3486 1101 993 868 437 
3487 1281 642 639 641 
3488 147 939 856 693 
3489 605 1347 674 673 
3490 1173 524 482 536 
3491 1189 537 242 361 
3492 1204 666 664 701 
3493 1189 525 537 361 
3494 1198 1197 1332 1339 
3495 1204 1149 1341 1201 
3496 1062 1255 1254 892 
3497 1179 981 602 867 
3498 1099 490 498 487 
3499 1202 340 1149 294 
3500 1091 811 820 819 
3501 1288 725 637 607 
3502 1346 625 602 731 
3503 1377 259 364 404 
3504 1123 460 1112 461 
3505 1253 1319 1353 1244 
3506 1086 518 515 514 
3507 932 1283 1044 983 
3508 1179 981 1346 602 
3509 1064 754 1045 617 
3510 1114 1207 353 749 
3511 1065 516 1109 520 
3512 1323 328 418 525 
3513 1217 757 748 764 
3514 1127 846 219 843 
3515 1283 889 155 615 
3516 1241 783 192 777 
3517 1230 375 223 365 
3518 989 1151 991 964 
3519 1374 1366 1280 1384 
3520 1264 1072 1082 1147 
3521 1394 1299 1313 1227 
3522 1324 291 1227 293 
3523 1189 495 537 525 
3524 1135 661 1148 663 
3525 973 1199 927 921 
3526 1146 515 1222 563 
3527 98 504 1042 433 
3528 98 504 1040 1042 
3529 1360 442 440 441 
3530 1267 739 612 720 
3531 1249 960 1101 1015 
3532 1248 380 254 318 
3533 1247 1212 1349 1211 
3534 1288 1343 1107 637 
3535 993 561 1032 122 
3536 1065 871 427 969 
3537 1131 969 507 870 
3538 1252 335 239 330 
3539 1224 1276 1246 740 
3540 1055 845 1357 835 
3541 1335 1080 356 357 
3542 1045 617 599 618 
3543 1128 995 906 886 
3544 1044 753 762 703 
3545 1136 959 1024 976 
3546 1360 551 440 442 
3547 1090 521 575 585 
3548 1298 1058 1350 1193 
3549 1094 951 949 887 
3550 1059 570 565 572 
3551 1161 790 803 196 
3552 1214 513 400 244 
3553 1231 283 1387 280 
3554 1284 498 490 499 
3555 1204 665 1149 664 
3556 1332 1342 1154 1197 
3557 1266 471 1121 231 
3558 1362 494 491 495 
3559 1381 626 1069 723 
3560 1164 1069 814 219 
3561 1209 1008 1020 896 
3562 1397 351 809 203 
3563 1308 1309 1178 675 
3564 1288 1093 1107 1343 
3565 1071 256 717 295 
3566 1060 219 1254 1127 
3567 1127 996 995 855 
3568 1172 193 1128 192 
3569 1060 1062 1346 1345 
3570 1258 192 1128 1228 
3571 1249 443 1101 417 
3572 131 859 132 607 
3573 1288 1107 1281 607 
3574 1298 633 1093 1094 
3575 1136 1281 1138 1137 
3576 1247 1298 1248 729 
3577 137 138 660 862 
3578 1131 979 969 870 
3579 598 135 861 975 
3580 1373 1225 1292 1070 
3581 1397 262 261 263 
3582 1175 1363 1104 967 
3583 1130 1252 1251 1277 
3584 1372 1189 525 495 
3585 239 1277 1355 418 
3586 1078 684 596 695 
3587 1384 687 598 719 
3588 1317 706 1314 708 
3589 123 585 1032 947 
3590 1059 565 569 568 
3591 1133 1135 1325 1148 
3592 1316 519 539 517 
3593 1077 1156 1140 659 
3594 811 370 89 90 
3595 364 852 222 91 
3596 1165 1214 270 268 
3597 1162 1322 1163 1306 
3598 1286 511 433 512 
3599 1160 854 806 907 
3600 1324 1148 1325 394 
3601 1184 685 1199 1038 
3602 1264 1251 1098 1096 
3603 1078 1267 358 228 
3604 1372 494 1363 1362 
3605 1133 1188 1134 1388 
3606 1202 1149 1324 294 
3607 1317 1134 692 668 
3608 1078 344 596 684 
3609 1314 1174 708 610 
3610 602 153 154 867 
3611 602 867 154 726 
3612 1254 882 892 997 
3613 1191 623 1206 730 
3614 1336 1188 1311 1388 
3615 1315 1280 1150 1151 
3616 1318 1267 612 342 
3617 1136 1139 1138 1147 
3618 1087 1248 1193 1088 
3619 338 41 421 542 
3620 1117 1118 440 439 
3621 1117 531 1213 439 
3622 1052 1053 325 377 
3623 1089 315 1213 360 
3624 1059 878 947 572 
3625 1132 576 1248 629 
3626 1119 1132 571 580 
3627 1101 443 441 437 
3628 1249 1101 960 417 
3629 78 234 77 690 
3630 1219 554 469 467 
3631 754 181 182 617 
3632 1044 1035 762 751 
3633 1389 1245 1206 1276 
3634 730 1064 614 1206 
3635 1337 1259 1230 1397 
3636 1286 511 908 433 
3637 1239 998 899 902 
3638 1165 1066 1167 265 
3639 1397 265 262 264 
3640 1207 755 756 765 
3641 735 754 759 1064 
3642 80 717 735 256 
3643 1064 402 354 759 
3644 717 256 79 295 
3645 717 295 79 614 
3646 932 1283 1358 1044 
3647 1207 758 765 756 
3648 1179 726 928 867 
3649 353 83 749 744 
3650 761 530 562 1114 
3651 353 83 84 749 
3652 353 761 84 403 
3653 1139 975 988 976 
3654 1225 1053 1050 1052 
3655 395 28 415 477 
3656 1230 375 680 223 
3657 1242 1297 908 1302 
3658 1283 889 928 155 
3659 1192 211 1218 880 
3660 123 1032 585 10 
3661 231 30 422 471 
3662 22 21 509 407 
3663 1303 768 771 779 
3664 806 163 854 788 
3665 1208 983 1009 932 
3666 1260 260 261 247 
3667 1185 650 628 649 
3668 1243 1160 1285 1296 
3669 1167 279 1214 268 
3670 1370 923 925 1027 
3671 1304 1145 782 778 
3672 1381 628 626 723 
3673 1086 1222 1146 515 
3674 1067 601 625 731 
3675 1391 1389 1378 1276 
3676 1377 259 404 302 
3677 1069 813 826 217 
3678 1279 570 575 586 
3679 1057 569 1279 571 
3680 1057 569 1171 1059 
3681 613 254 52 718 
3682 1075 1074 1395 540 
3683 1253 1319 1243 1168 
3684 1056 590 75 646 
3685 1272 1273 1246 1274 
3686 249 1056 248 257 
3687 1329 1165 1167 1238 
3688 1142 1257 1131 958 
3689 1119 586 1279 1118 
3690 1360 1118 1117 1120 
3691 1213 439 531 559 
3692 1138 643 644 645 
3693 1251 547 1316 1277 
3694 1105 1107 1373 1343 
3695 1290 1051 1106 1147 
3696 1256 275 250 251 
3697 1184 1038 1199 927 
3698 142 865 1038 609 
3699 1225 1053 338 421 
3700 1199 1291 973 606 
3701 879 1164 821 810 
3702 1168 854 984 807 
3703 1003 879 810 1164 
3704 1225 1292 1070 450 
3705 828 15 879 165 
3706 1044 762 1035 738 
3707 1100 523 486 485 
3708 1180 1367 1153 1368 
3709 1216 1182 1387 1180 
3710 1121 473 415 472 
3711 1181 479 476 526 
3712 1096 238 505 335 
3713 1264 1098 1147 1097 
3714 1147 1098 1366 1097 
3715 179 178 566 600 
3716 1132 179 577 566 
3717 550 303 19 18 
3718 1114 438 530 562 
3719 1071 614 1206 295 
3720 1187 918 920 919 
3721 1100 485 425 523 
3722 982 430 108 107 
3723 414 1041 96 97 
3724 1002 859 722 132 
3725 1138 644 1366 645 
3726 1002 722 133 132 
3727 1196 1291 1204 1341 
3728 1373 1225 1052 1292 
3729 1203 1016 1184 946 
3730 1310 1216 1178 1309 
3731 1285 200 201 801 
3732 392 75 388 646 
3733 1356 1225 1052 1373 
3734 392 75 590 368 
3735 1056 590 392 75 
3736 1148 595 1149 662 
3737 1341 1347 1291 700 
3738 1184 946 1016 865 
3739 1174 974 990 862 
3740 58 686 227 57 
3741 58 612 227 686 
3742 50 401 584 3 
3743 72 73 375 589 
3744 72 375 680 589 
3745 344 61 596 60 
3746 1315 962 1151 966 
3747 1359 1080 671 696 
3748 1174 1354 990 1104 
3749 1311 1362 491 495 
3750 1359 367 341 357 
3751 1175 1284 1363 1005 
3752 1300 1388 1133 1134 
3753 22 23 385 412 
3754 1254 981 1346 892 
3755 1046 800 199 793 
3756 1192 821 828 879 
3757 1019 150 1020 603 
3758 1162 1008 1209 1163 
3759 1164 814 1069 816 
3760 498 108 109 875 
3761 1203 1134 1300 1133 
3762 498 875 109 499 
3763 109 499 994 110 
3764 109 875 994 499 
3765 64 65 383 667 
3766 1207 749 765 744 
3767 761 530 1114 755 
3768 1114 353 255 403 
3769 1114 755 1207 749 
3770 243 431 1143 550 
3771 866 159 158 743 
3772 866 158 987 743 
3773 1044 753 1045 764 
3774 231 29 30 471 
3775 1266 422 1227 522 
3776 231 471 415 29 
3777 231 415 395 29 
3778 1254 890 1068 891 
3779 1225 450 421 545 
3780 1021 1026 152 731 
3781 1021 152 601 731 
3782 1349 1247 1352 1212 
3783 1360 1101 1120 1351 
3784 1170 1151 1280 1384 
3785 1227 349 510 422 
3786 1226 1227 1325 291 
3787 349 31 32 510 
3788 143 142 1038 685 
3789 143 685 1038 606 
3790 364 249 212 8 
3791 364 212 852 8 
3792 1220 509 556 407 
3793 1377 841 832 852 
3794 48 49 245 564 
3795 1077 655 659 695 
3796 328 35 36 418 
3797 328 36 239 418 
3798 1262 546 1321 470 
3799 1217 1045 1064 757 
3800 1392 188 1382 1383 
3801 233 82 83 744 
3802 1228 1040 1041 97 
3803 1111 1263 463 431 
3804 1064 354 1207 750 
3805 869 555 119 118 
3806 508 869 971 118 
3807 1227 522 532 492 
3808 1396 662 1148 1149 
3809 1360 1101 1351 443 
3810 184 12 762 738 
3811 184 762 703 738 
3812 613 254 380 52 
3813 1248 401 254 718 
3814 736 576 1248 584 
3815 254 401 51 718 
3816 254 51 52 718 
3817 66 661 232 65 
3818 1148 595 66 405 
3819 1148 661 66 595 
3820 1360 1351 442 443 
3821 1109 1110 872 962 
3822 1079 1080 1335 1312 
3823 1360 1120 1101 441 
3824 1371 965 963 978 
3825 246 811 370 89 
3826 1091 815 214 213 
3827 1091 213 1056 212 
3828 43 42 545 236 
3829 1117 360 1213 531 
3830 1308 677 1309 675 
3831 1239 998 902 940 
3832 1371 1374 965 978 
3833 1071 299 376 350 
3834 1344 777 192 193 
3835 995 13 193 851 
3836 995 886 193 13 
3837 727 129 1013 128 
3838 887 727 1013 128 
3839 727 129 608 1013 
3840 1094 949 1171 887 
3841 127 11 1034 737 
3842 127 1034 616 737 
3843 66 595 67 405 
3844 1321 546 501 470 
3845 1228 1040 1042 904 
3846 1321 96 876 501 
3847 93 1036 560 9 
3848 926 107 106 485 
3849 926 106 864 485 
3850 1100 107 926 485 
3851 1100 486 430 485 
3852 982 498 108 430 
3853 1371 965 1374 1384 
3854 1301 226 323 324 
3855 1374 1139 988 992 
3856 1318 369 1301 391 
3857 928 154 867 726 
3858 1044 889 1283 615 
3859 928 155 154 726 
3860 1045 753 741 764 
3861 1077 656 1080 1210 
3862 1140 1366 739 645 
3863 1371 1151 965 1384 
3864 1107 639 1281 607 
3865 1249 869 555 417 
3866 1117 1118 1213 1119 
3867 951 1093 950 952 
3868 1094 616 727 887 
3869 1108 382 1194 327 
3870 1087 1193 1089 1088 
3871 1379 1176 1392 1261 
3872 1136 1029 979 959 
3873 1105 1349 1343 1373 
3874 1002 860 133 642 
3875 1152 1200 286 285 
3876 794 1337 1338 1066 
3877 1162 691 648 647 
3878 1069 218 826 814 
3879 1166 803 1066 798 
3880 1317 1215 1336 1210 
3881 731 1021 1026 1067 
3882 831 1091 212 819 
3883 1091 812 1223 823 
3884 249 1056 212 248 
3885 1224 588 1276 740 
3886 1224 646 393 588 
3887 258 1056 249 257 
3888 1317 692 708 658 
3889 593 54 378 55 
3890 593 378 54 653 
3891 16 850 167 997 
3892 209 1164 1183 816 
3893 1164 814 816 827 
3894 1019 652 1001 150 
3895 1055 838 835 848 
3896 435 575 521 175 
3897 1070 444 1249 445 
3898 1317 1174 1210 658 
3899 1211 322 226 378 
3900 1213 315 314 360 
3901 245 49 352 564 
3902 48 47 578 314 
3903 1033 101 524 877 
3904 1033 101 411 524 
3905 1075 1076 540 411 
3906 1033 100 411 101 
3907 1056 258 388 257 
3908 1122 1321 1262 1380 
3909 328 1355 1323 418 
3910 1313 523 1332 492 
3911 1170 714 611 713 
3912 1082 452 449 453 
3913 1131 507 429 870 
3914 507 969 116 870 
3915 507 116 429 870 
3916 131 725 130 1011 
3917 1127 995 851 855 
3918 1254 1067 1346 891 
3919 1060 1063 1062 1345 
3920 1128 905 906 980 
3921 1228 546 468 504 
3922 734 133 860 642 
3923 734 860 133 134 
3924 734 134 975 860 
3925 734 134 598 975 
3926 27 224 477 28 
3927 27 224 366 477 
3928 27 366 413 477 
3929 1126 397 1159 363 
3930 1282 1045 599 618 
3931 1133 670 663 662 
3932 1195 1175 1331 1388 
3933 1284 942 875 944 
3934 1129 1077 1079 1156 
3935 1179 1283 1358 932 
3936 1191 1282 1376 620 
3937 1283 621 615 726 
3938 1283 155 726 615 
3939 338 42 421 41 
3940 1292 450 456 455 
3941 1292 327 43 236 
3942 338 545 42 236 
3943 1225 1052 1292 339 
3944 1174 1000 1175 990 
3945 1284 490 493 499 
3946 1189 372 241 361 
3947 1320 1092 205 812 
3948 1283 155 928 726 
3949 1060 846 1357 218 
3950 1207 765 758 744 
3951 1061 1258 1321 1380 
3952 253 252 5 185 
3953 253 5 362 185 
3954 1220 253 1126 185 
3955 1221 775 787 185 
3956 1087 1088 315 316 
3957 1298 632 630 729 
3958 1360 455 551 442 
3959 1170 611 977 687 
3960 552 1265 457 505 
3961 56 1301 681 594 
3962 1108 1292 1194 1351 
3963 1087 317 319 318 
3964 1149 664 665 662 
3965 1200 286 285 284 
3966 1184 1038 927 865 
3967 1174 610 705 708 
3968 1317 1314 1215 1174 
3969 1317 1215 1210 1174 
3970 157 762 12 1035 
3971 157 751 762 1035 
3972 64 230 597 667 
3973 1093 955 952 858 
3974 1079 1102 1150 1156 
3975 786 6 250 86 
3976 1205 6 808 274 
3977 6 808 194 1205 
3978 1079 1210 1080 1312 
3979 1079 1103 1210 1312 
3980 786 371 86 250 
3981 142 609 1038 685 
3982 143 144 606 973 
3983 1090 561 993 437 
3984 1349 322 1211 319 
3985 242 32 33 420 
3986 1266 1154 1121 472 
3987 242 537 33 361 
3988 242 33 537 420 
3989 1103 1175 1362 1363 
3990 1305 308 1121 224 
3991 1308 1178 1310 675 
3992 1364 676 678 710 
3993 1385 1386 1214 480 
3994 201 1242 1297 202 
3995 1076 529 484 540 
3996 1079 1103 1102 1210 
3997 590 75 74 368 
3998 590 386 368 74 
3999 590 672 386 74 
4000 1044 889 615 738 
4001 1376 602 622 621 
4002 1207 1112 755 1114 
4003 1344 885 886 904 
4004 46 2 399 559 
4005 46 559 399 360 
4006 137 611 977 660 
4007 137 136 977 611 
4008 224 1385 1305 281 
4009 1320 1294 1306 1353 
4010 1278 1222 1304 1145 
4011 1305 1180 1293 1271 
4012 1181 999 1173 536 
4013 1305 1121 1153 473 
4014 1266 1154 1332 1342 
4015 1200 1293 1390 1309 
4016 984 807 164 15 
4017 984 164 807 854 
4018 1186 474 1154 533 
4019 473 1305 477 1271 
4020 1149 662 595 664 
4021 1308 1155 1368 1309 
4022 1372 1362 1312 1189 
4023 502 335 416 37 
4024 502 239 335 37 
4025 1065 507 427 558 
4026 672 386 74 387 
4027 672 73 387 74 
4028 1241 468 1327 1304 
4029 1239 1074 1073 1296 
4030 1162 998 1237 940 
4031 1310 938 916 917 
4032 1264 1265 1147 1053 
4033 1288 859 1142 956 
4034 1106 1289 1107 1257 
4035 593 55 226 681 
4036 1343 637 634 636 
4037 54 653 378 225 
4038 1149 694 595 340 
4039 1264 457 454 458 
4040 1289 954 1093 955 
4041 1132 577 569 587 
4042 1248 580 581 573 
4043 576 629 566 178 
4044 1369 1208 1358 1044 
4045 354 1157 1071 1064 
4046 599 617 741 182 
4047 1064 256 735 717 
4048 306 70 592 305 
4049 306 223 592 71 
4050 306 592 70 71 
4051 1078 654 1080 655 
4052 552 1264 458 457 
4053 1161 1049 1244 795 
4054 1264 452 454 457 
4055 1320 1185 1306 650 
4056 1224 1246 627 740 
4057 1091 205 824 204 
4058 1381 732 1223 627 
4059 1273 1223 1381 817 
4060 1223 822 817 812 
4061 1320 812 1223 1092 
4062 1383 837 844 834 
4063 31 293 30 422 
4064 96 876 501 95 
4065 1383 847 837 834 
4066 1224 646 588 740 
4067 143 606 1038 973 
4068 1385 1214 1386 1307 
4069 1162 679 691 604 
4070 1164 210 1192 821 
4071 1168 898 1218 984 
4072 1162 1178 856 940 
4073 556 21 20 408 
4074 1220 556 347 408 
4075 1393 1220 1219 509 
4076 556 407 21 408 
4077 1221 186 775 185 
4078 1178 675 679 693 
4079 473 1305 1121 477 
4080 1135 383 661 667 
4081 973 1199 921 1291 
4082 1178 856 939 693 
4083 1323 1312 1372 1103 
4084 341 229 62 671 
4085 63 671 341 62 
4086 766 1303 776 775 
4087 275 385 23 412 
4088 1235 1395 1386 1236 
4089 1123 1358 1261 1113 
4090 1177 1075 912 901 
4091 144 145 673 873 
4092 673 145 605 873 
4093 1310 939 1178 916 
4094 1218 984 880 211 
4095 1046 1048 199 198 
4096 1319 210 1209 209 
4097 1168 211 1218 210 
4098 1160 799 806 788 
4099 1046 1285 1076 1074 
4100 1304 782 1145 769 
4101 54 53 653 225 
4102 53 380 653 225 
4103 505 39 238 419 
4104 505 238 39 38 
4105 552 1265 505 1096 
4106 1082 449 553 453 
4107 1264 1265 452 457 
4108 974 139 689 863 
4109 974 610 689 139 
4110 974 139 138 610 
4111 349 293 31 422 
4112 1228 905 904 886 
4113 1344 885 1004 767 
4114 905 1321 1041 980 
4115 1111 464 1262 462 
4116 1321 980 1030 937 
4117 1256 786 766 776 
4118 1397 351 1066 809 
4119 1235 484 483 481 
4120 1186 1367 1181 857 
4121 1214 400 513 434 
4122 395 29 415 28 
4123 1266 522 1154 472 
4124 231 422 30 293 
4125 1398 1154 1197 1339 
4126 395 28 477 224 
4127 1154 522 475 472 
4128 982 108 498 875 
4129 1195 1014 1000 945 
4130 1275 367 390 230 
4131 1135 661 383 232 
4132 1053 542 338 421 
4133 1002 133 722 642 
4134 1070 445 447 446 
4135 1122 1321 501 470 
4136 1375 1219 1393 188 
4137 752 760 172 459 
4138 752 172 171 459 
4139 1254 1068 1067 891 
4140 1091 820 1260 204 
4141 1069 814 826 816 
4142 1326 650 716 698 
4143 1055 845 838 216 
4144 1044 619 1045 703 
4145 1143 438 1114 255 
4146 125 985 126 568 
4147 125 985 568 565 
4148 423 171 742 170 
4149 530 170 423 742 
4150 349 242 420 32 
4151 1353 208 207 791 
4152 1192 828 821 211 
4153 1239 1253 1322 1330 
4154 1048 196 1086 1146 
4155 1008 896 1240 897 
4156 1074 1330 1177 1395 
4157 1218 895 894 880 
4158 949 1057 1171 1059 
4159 1094 633 727 616 
4160 1059 878 565 985 
4161 1324 291 293 289 
4162 1173 1367 1181 1216 
4163 1291 606 873 973 
4164 1216 1182 1180 1181 
4165 1233 1270 1294 1295 
4166 1303 779 1219 1146 
4167 1169 1238 1166 1086 
4168 1216 1387 1309 1180 
4169 1066 221 265 373 
4170 1166 803 798 195 
4171 1189 420 242 537 
4172 1331 1362 1175 1284 
4173 1331 493 1284 490 
4174 1226 532 1227 510 
4175 371 85 766 86 
4176 1221 766 371 787 
4177 371 85 252 787 
4178 1221 371 252 787 
4179 1161 1166 1086 196 
4180 1084 1221 1256 385 
4181 1069 825 1185 816 
4182 1056 213 1224 212 
4183 1223 1224 627 732 
4184 1254 1068 882 220 
4185 20 431 243 19 
4186 1241 1228 1344 192 
4187 1213 1119 1118 579 
4188 98 1018 99 433 
4189 956 1288 1289 1142 
4190 1213 399 559 360 
4191 1265 419 557 457 
4192 1082 1257 1131 1083 
4193 1159 1377 213 841 
4194 1159 837 847 841 
4195 1241 774 1286 770 
4196 1179 1376 1358 1283 
4197 233 83 353 744 
4198 354 233 1157 1207 
4199 1111 1263 464 463 
4200 1208 751 747 743 
4201 1112 1232 752 459 
4202 1331 1311 1299 1388 
4203 1174 714 705 660 
4204 1135 310 292 313 
4205 1148 232 294 405 
4206 64 63 597 230 
4207 63 341 671 597 
4208 1318 686 227 612 
4209 227 57 686 369 
4210 1349 1373 1070 1352 
4211 58 342 227 612 
4212 1371 1316 1250 1109 
4213 1294 651 1295 716 
4214 680 592 223 71 
4215 1178 693 679 604 
4216 1235 1076 1047 484 
4217 1248 352 1088 316 
4218 1248 629 736 718 
4219 63 230 341 597 
4220 1300 1370 1099 942 
4221 313 1275 1135 310 
4222 142 865 609 141 
4223 144 973 873 606 
4224 1264 454 452 453 
4225 1158 1245 1389 1276 
4226 1245 297 259 302 
4227 1382 186 1220 1126 
4228 1278 1286 201 200 
4229 1374 1250 1280 1098 
4230 974 610 138 862 
4231 1203 1023 1314 863 
4232 1065 969 970 871 
4233 1065 968 871 978 
4234 516 114 968 113 
4235 871 516 427 114 
4236 1065 427 507 969 
4237 1217 758 1207 748 
4238 1045 599 617 741 
4239 1045 599 741 703 
4240 1241 1304 1327 191 
4241 1393 1327 466 467 
4242 1256 371 250 278 
4243 1264 452 1082 453 
4244 187 1303 771 779 
4245 1278 1286 1304 1222 
4246 779 1144 772 188 
4247 1375 1327 1393 1219 
4248 1144 772 768 779 
4249 1281 1137 860 642 
4250 1136 1029 1072 1131 
4251 1280 1366 1098 1097 
4252 1354 977 660 862 
4253 371 786 1256 250 
4254 371 766 85 787 
4255 121 120 868 549 
4256 1091 811 1260 820 
4257 258 1056 1224 249 
4258 1337 1397 204 1260 
4259 1346 1067 625 731 
4260 567 174 175 435 
4261 1090 1032 993 561 
4262 435 575 175 567 
4263 1143 1116 1111 463 
4264 762 12 1035 738 
4265 1054 1357 845 217 
4266 881 1003 166 830 
4267 1069 723 1183 1185 
4268 5 362 853 92 
4269 5 185 853 362 
4270 1177 1216 1395 1330 
4271 1017 100 909 511 
4272 1017 411 100 511 
4273 1302 511 909 908 
4274 1209 603 1019 1020 
4275 1386 1307 1236 1330 
4276 1241 544 1286 433 
4277 1090 1059 1101 948 
4278 1211 1212 225 653 
4279 1360 1101 443 441 
4280 1108 327 1292 389 
4281 201 1242 1286 1297 
4282 1241 1286 1018 433 
4283 1242 884 883 908 
4284 1254 892 882 891 
4285 1128 905 1228 886 
4286 543 560 93 1036 
4287 543 93 888 1036 
4288 1120 1298 1248 1193 
4289 567 574 174 439 
4290 117 116 870 429 
4291 117 870 971 429 
4292 1110 1363 506 961 
4293 1264 1265 1050 452 
4294 428 1284 493 499 
4295 1264 1050 1082 452 
4296 1100 485 864 425 
4297 1324 1149 1325 1148 
4298 994 499 428 110 
4299 370 1056 1260 277 
4300 1062 1255 892 935 
4301 1264 1065 458 454 
4302 1128 1344 192 193 
4303 1123 462 460 461 
4304 1369 1191 1190 1064 
4305 1318 1267 1366 739 
4306 612 59 228 684 
4307 612 228 59 342 
4308 598 975 134 135 
4309 1134 707 706 669 
4310 1324 290 394 292 
4311 1090 948 1101 993 
4312 1354 660 977 611 
4313 684 1140 1129 1267 
4314 324 1051 1348 326 
4315 131 725 859 607 
4316 508 869 118 555 
4317 1136 957 1281 1024 
4318 1265 336 337 346 
4319 117 971 508 429 
4320 1088 578 245 564 
4321 575 521 176 585 
4322 1366 644 739 645 
4323 383 65 661 667 
4324 1396 1148 1325 1149 
4325 1148 405 66 232 
4326 550 243 431 19 
4327 255 438 17 18 
4328 562 255 438 17 
4329 1198 1339 1100 926 
4330 1264 1065 1250 458 
4331 999 1367 1173 914 
4332 424 103 104 857 
4333 1315 1110 1109 962 
4334 1090 521 561 437 
4335 1101 1057 1120 1058 
4336 1132 576 566 580 
4337 1203 943 1023 946 
4338 1314 708 689 610 
4339 689 139 140 863 
4340 1314 1175 1174 1000 
4341 1174 708 705 658 
4342 146 938 605 145 
4343 167 1127 997 850 
4344 16 882 220 997 
4345 1099 430 486 487 
4346 1284 994 499 428 
4347 537 34 33 361 
4348 1341 1333 1342 1149 
4349 240 694 68 591 
4350 240 340 68 694 
4351 240 68 69 591 
4352 1221 1220 1126 185 
4353 1146 563 1222 469 
4354 1278 201 1286 1302 
4355 781 1144 772 768 
4356 1048 196 1049 1086 
4357 1364 677 1268 1309 
4358 1332 1100 1339 523 
4359 1155 1180 1368 1293 
4360 1240 895 1218 898 
4361 1187 1367 918 915 
4362 152 731 1026 153 
4363 75 388 646 76 
4364 1115 1183 652 603 
4365 1056 1224 646 388 
4366 1128 193 995 886 
4367 1166 196 803 195 
4368 1219 509 554 467 
4369 1230 589 680 375 
4370 807 854 164 788 
4371 1159 222 363 404 
4372 1124 1393 1392 1263 
4373 1273 216 1381 217 
4374 417 869 119 960 
4375 1101 549 960 417 
4376 960 120 119 417 
4377 1136 1131 1072 1257 
4378 1132 630 631 600 
4379 1213 1088 1119 578 
4380 582 180 737 11 
4381 1315 1110 1316 1109 
4382 1226 1189 242 309 
4383 349 31 510 422 
4384 1127 1255 1172 996 
4385 1122 936 95 876 
4386 1179 1062 1346 930 
4387 7 829 247 246 
4388 825 1381 1069 1185 
4389 1269 1309 677 675 
4390 1295 716 715 589 
4391 1259 386 1260 672 
4392 1259 589 375 387 
4393 1160 799 788 796 
4394 986 745 160 159 
4395 745 866 159 986 
4396 1369 1208 1217 1232 
4397 1217 763 1232 746 
4398 1217 756 1113 1112 
4399 1310 939 916 938 
4400 1181 424 857 999 
4401 1233 1270 1295 1230 
4402 1021 1025 601 151 
4403 1021 601 152 151 
4404 1025 151 652 601 
4405 1209 894 1218 896 
4406 1397 204 1260 203 
4407 1260 820 829 203 
4408 1272 1334 1054 1274 
4409 1091 214 1224 213 
4410 1066 797 794 204 
4411 1235 1086 1169 518 
4412 1081 283 284 282 
4413 1385 1271 480 413 
4414 1397 1260 1259 261 
4415 1260 260 247 246 
4416 1167 1161 1066 1166 
4417 1211 593 681 682 
4418 1093 954 952 955 
4419 1050 447 1070 1083 
4420 1211 226 593 378 
4421 1225 450 1070 448 
4422 1101 868 993 948 
4423 1052 1051 1050 1356 
4424 647 148 1008 604 
4425 647 148 149 1008 
4426 647 1020 149 603 
4427 647 1008 149 1020 
4428 1169 270 1214 400 
4429 1141 1083 445 508 
4430 1015 1249 953 1058 
4431 1227 422 532 522 
4432 1153 534 1181 476 
4433 1106 1289 1356 1373 
4434 1318 369 686 594 
4435 1134 706 692 669 
4436 1184 685 609 711 
4437 394 1324 294 290 
4438 1265 1053 336 346 
4439 1211 225 319 322 
4440 1260 277 260 246 
4441 1105 1211 1349 1373 
4442 1051 325 1053 326 
4443 1301 594 724 681 
4444 1289 956 954 955 
4445 16 220 850 997 
4446 1065 968 516 871 
4447 1082 1131 1065 558 
4448 1315 1151 1150 1104 
4449 1136 1029 1131 979 
4450 1053 325 377 346 
4451 1219 469 1144 467 
4452 26 513 413 366 
4453 27 366 26 413 
4454 1164 209 210 827 
4455 1124 397 1126 273 
4456 1271 473 476 478 
4457 1271 480 413 478 
4458 1200 284 285 282 
4459 1143 1116 1157 1114 
4460 932 1179 929 1062 
4461 1371 978 963 968 
4462 1221 278 409 271 
4463 1123 1358 1113 1232 
4464 1272 1361 1274 1246 
4465 1127 1172 1255 846 
4466 1131 429 507 453 
4467 1105 1373 1301 1211 
4468 1131 429 1083 870 
4469 1348 1097 1265 1053 
4470 1118 435 521 441 
4471 1090 947 1032 585 
4472 176 561 10 585 
4473 1179 1283 726 621 
4474 1127 995 1128 851 
4475 1369 1358 1376 1283 
4476 1379 1158 1392 1176 
4477 1079 1150 1103 1365 
4478 114 115 427 871 
4479 871 516 114 968 
4480 1159 832 1377 841 
4481 1220 407 556 408 
4482 1377 364 259 249 
4483 1087 315 317 316 
4484 62 61 654 229 
4485 62 654 671 229 
4486 1142 1131 1010 958 
4487 542 237 41 40 
4488 1051 324 325 326 
4489 221 88 87 789 
4490 221 87 808 789 
4491 221 274 808 87 
4492 221 373 798 274 
4493 1219 509 1221 554 
4494 1263 431 464 463 
4495 1207 1217 756 1113 
4496 1369 1217 1208 1044 
4497 1126 363 1159 222 
4498 1235 484 541 518 
4499 1056 392 257 388 
4500 78 79 295 614 
4501 1112 752 1232 763 
4502 1141 1022 954 972 
4503 1171 568 582 985 
4504 1131 1010 979 870 
4505 1315 1110 967 1104 
4506 173 559 583 2 
4507 1016 141 140 683 
4508 1198 1197 920 921 
4509 1203 683 1184 1016 
4510 1016 683 140 863 
4511 1385 1307 1386 1182 
4512 1233 1295 1294 715 
4513 1398 1186 1181 1153 
4514 81 750 354 759 
4515 81 759 354 402 
4516 81 82 354 750 
4517 1377 259 1276 258 
4518 1064 758 757 750 
4519 1081 591 240 688 
4520 1347 873 917 919 
4521 1294 1295 651 715 
4522 1133 707 669 670 
4523 1203 1314 689 863 
4524 1313 1299 1333 1370 
4525 1370 1396 1199 1184 
4526 1389 1361 1246 1276 
4527 1391 1383 1159 837 
4528 1321 414 96 501 
4529 1391 215 844 214 
4530 1375 1328 1393 1327 
4531 767 885 161 785 
4532 161 1004 767 162 
4533 767 885 1004 161 
4534 161 785 885 13 
4535 1319 209 1209 1183 
4536 1136 1139 1072 1029 
4537 1087 1212 1248 318 
4538 1108 1212 1193 319 
4539 1093 858 952 951 
4540 1348 343 1318 391 
4541 59 228 684 60 
4542 1064 354 402 256 
4543 754 741 617 182 
4544 1071 376 354 350 
4545 599 182 741 183 
4546 1349 1212 1352 1193 
4547 1355 330 239 329 
4548 1371 1315 1316 1109 
4549 1136 1137 1139 976 
4550 1265 452 457 557 
4551 305 69 70 688 
4552 1136 958 1142 957 
4553 1275 383 1135 667 
4554 1359 1275 341 230 
4555 1245 1206 1276 234 
4556 1125 298 1245 302 
4557 1245 297 1276 259 
4558 1378 838 844 215 
4559 1245 1276 1377 259 
4560 1044 983 1283 889 
4561 1208 1232 986 745 
4562 1217 1232 1208 746 
4563 1386 480 483 513 
4564 1204 664 1201 701 
4565 1310 675 1178 693 
4566 1231 283 280 307 
4567 1308 1155 1390 1341 
4568 1233 1268 1270 1307 
4569 1213 314 578 47 
4570 53 613 653 380 
4571 1212 380 1248 318 
4572 1375 1258 190 849 
4573 1152 1202 1266 287 
4574 289 1202 287 1266 
4575 1121 308 287 406 
4576 1189 242 311 361 
4577 393 348 588 77 
4578 393 588 76 77 
4579 1340 1062 1358 932 
4580 393 646 76 588 
4581 393 76 646 388 
4582 328 35 418 525 
4583 1339 926 1039 864 
4584 1044 751 987 1035 
4585 1276 393 258 348 
4586 1128 1344 193 886 
4587 1045 741 753 703 
4588 1064 759 354 750 
4589 157 1035 987 751 
4590 1208 751 1044 747 
4591 987 158 751 743 
4592 1143 438 255 18 
4593 1141 1142 972 954 
4594 1083 553 447 508 
4595 1107 637 607 1288 
4596 1079 1080 1078 356 
4597 1252 335 502 239 
4598 1082 429 1131 453 
4599 1139 1137 975 976 
4600 1065 427 520 558 
4601 1277 1372 1323 528 
4602 1095 332 358 355 
4603 1275 671 341 597 
4604 1135 394 232 313 
4605 1111 462 461 463 
4606 1304 1286 778 770 
4607 1303 766 1221 775 
4608 1186 500 864 1028 
4609 864 425 106 105 
4610 1012 1186 1367 918 
4611 1398 1153 1367 1368 
4612 102 103 536 999 
4613 102 524 999 536 
4614 1344 767 777 785 
4615 1286 908 1018 433 
4616 1241 1304 1286 544 
4617 1344 777 193 785 
4618 1258 1328 1327 1321 
4619 1071 614 1064 1206 
4620 1062 892 1254 1346 
4621 1340 1321 1061 1030 
4622 1377 832 222 852 
4623 26 244 513 366 
4624 1214 270 244 400 
4625 1367 1368 1216 915 
4626 39 336 419 40 
4627 1276 588 393 348 
4628 1272 1361 624 1274 
4629 1179 726 1283 928 
4630 1128 192 1344 1228 
4631 1276 728 1246 740 
4632 1164 1192 1115 879 
4633 1026 731 981 153 
4634 1287 888 1232 543 
4635 1164 816 1069 1183 
4636 1256 385 1221 278 
4637 1177 913 1216 1178 
4638 1291 973 919 921 
4639 1310 916 1216 1368 
4640 1315 1365 1316 1110 
4641 1233 677 1234 712 
4642 130 858 1011 608 
4643 130 608 1011 725 
4644 130 858 608 129 
4645 1288 608 634 637 
4646 1288 955 1011 859 
4647 1381 628 732 627 
4648 1276 588 728 740 
4649 1320 1223 812 822 
4650 728 627 624 1274 
4651 1260 811 370 246 
4652 1066 798 221 373 
4653 1315 1365 1150 1316 
4654 426 113 872 112 
4655 516 872 426 113 
4656 1150 1102 1151 1156 
4657 1301 1211 226 681 
4658 1371 1109 1065 968 
4659 1067 1069 626 723 
4660 1091 812 824 205 
4661 1092 698 732 628 
4662 208 1320 207 825 
4663 628 1320 698 650 
4664 1167 1307 279 269 
4665 1229 1329 1161 1066 
4666 1394 1227 1324 1325 
4667 628 1320 650 1185 
4668 741 183 753 703 
4669 1045 619 599 703 
4670 599 741 703 183 
4671 1347 673 700 674 
4672 1121 477 415 473 
4673 1106 1356 1051 1373 
4674 1213 1118 574 579 
4675 1225 1292 450 545 
4676 340 595 67 694 
4677 67 694 68 340 
4678 1108 320 389 321 
4679 1088 581 578 564 
4680 1171 737 616 1034 
4681 1213 578 1119 579 
4682 14 806 1297 202 
4683 806 907 163 14 
4684 1195 945 943 944 
4685 1130 1280 1129 1156 
4686 1394 1324 1333 1325 
4687 967 966 1315 1104 
4688 48 564 245 578 
4689 1387 283 282 280 
4690 1149 1201 694 340 
4691 874 111 110 428 
4692 1299 1313 487 1099 
4693 1175 1014 1104 990 
4694 994 428 874 110 
4695 1167 1231 1307 269 
4696 375 589 73 387 
4697 1231 592 680 712 
4698 1360 1351 455 442 
4699 1116 304 243 300 
4700 157 751 987 158 
4701 1114 761 403 562 
4702 582 737 1034 11 
4703 506 961 111 112 
4704 977 1170 991 1354 
4705 1110 1104 1363 967 
4706 1284 875 994 944 
4707 1158 1245 1276 1377 
4708 1303 1219 1221 554 
4709 1060 1127 846 219 
4710 1369 1358 1191 1376 
4711 1241 1242 777 1344 
4712 1122 1287 936 933 
4713 1157 410 1207 233 
4714 104 500 1028 105 
4715 1071 1191 1206 1064 
4716 1357 835 839 849 
4717 1346 930 892 981 
4718 1071 717 1064 614 
4719 1064 757 1045 754 
4720 1207 758 756 748 
4721 1207 744 758 750 
4722 1064 1207 758 750 
4723 1082 1072 1257 1147 
4724 4 80 735 402 
4725 885 13 785 886 
4726 1394 1342 1332 1333 
4727 1242 202 883 884 
4728 1044 615 1283 619 
4729 233 750 354 82 
4730 1297 1007 900 1006 
4731 799 1297 806 202 
4732 1233 1231 1270 1230 
4733 1209 648 1306 649 
4734 1092 732 1056 1224 
4735 1318 739 1366 644 
4736 686 369 57 594 
4737 1174 705 610 660 
4738 1077 1156 1170 1102 
4739 1208 986 1232 1043 
4740 1282 1206 1064 730 
4741 984 880 211 15 
4742 1145 197 1146 768 
4743 1168 984 1218 807 
4744 241 361 34 525 
4745 241 34 35 525 
4746 1099 430 1100 486 
4747 1226 420 349 242 
4748 1170 1384 861 991 
4749 1397 247 261 262 
4750 1224 627 732 740 
4751 1245 299 1116 1190 
4752 1050 449 1082 452 
4753 1247 1105 636 733 
4754 1105 1301 1290 724 
4755 1075 524 411 540 
4756 1311 1362 1312 1336 
4757 1291 606 700 673 
4758 1226 535 532 510 
4759 1196 1370 1396 1199 
4760 1370 1184 923 1027 
4761 1335 356 333 357 
4762 1266 522 472 471 
4763 1181 1173 526 536 
4764 1227 293 349 422 
4765 1202 340 294 288 
4766 1216 1309 1368 1180 
4767 1033 1073 411 1017 
4768 1016 141 609 865 
4769 156 1035 12 738 
4770 156 889 1035 738 
4771 1186 1181 1153 534 
4772 1180 1181 479 476 
4773 1286 1302 511 512 
4774 773 1241 770 783 
4775 469 1327 1304 1144 
4776 1304 1145 1144 769 
4777 1285 1302 1297 201 
4778 1242 1344 911 1004 
4779 1242 908 1286 1302 
4780 14 806 907 1297 
4781 1076 1222 1278 1047 
4782 1286 770 200 778 
4783 1302 511 1017 909 
4784 1242 1286 908 1018 
4785 1241 192 1344 777 
4786 1230 680 1231 223 
4787 1033 100 1017 411 
4788 909 908 511 99 
4789 169 761 562 1 
4790 530 761 169 755 
4791 1204 1199 1396 711 
4792 1134 668 1275 1135 
4793 1152 1121 308 287 
4794 340 595 405 67 
4795 1296 900 898 1006 
4796 1186 1012 1367 857 
4797 1253 1285 1243 1046 
4798 1265 1050 557 1053 
4799 1053 542 421 451 
4800 1355 329 1335 333 
4801 1131 979 1010 958 
4802 1141 1356 1070 1083 
4803 1181 526 424 536 
4804 1317 656 1210 696 
4805 344 61 654 596 
4806 383 65 232 661 
4807 1242 201 1286 774 
4808 1160 1006 898 854 
4809 1294 1353 1322 1306 
4810 1167 1066 264 265 
4811 1130 358 1095 332 
4812 1363 1005 874 967 
4813 1394 1324 1342 1333 
4814 1093 608 633 634 
4815 1152 1155 1200 1293 
4816 582 568 126 985 
4817 1132 577 179 702 
4818 1303 766 1256 1221 
4819 1385 279 280 281 
4820 1144 190 769 189 
4821 1303 1146 768 779 
4822 1272 624 1334 1274 
4823 1301 369 226 324 
4824 1052 1349 389 321 
4825 1139 975 1137 1384 
4826 1078 228 344 684 
4827 1152 1154 1342 1155 
4828 859 1142 957 1281 
4829 1087 319 1193 1212 
4830 1348 391 324 326 
4831 1214 279 244 268 
4832 72 680 223 71 
4833 1320 825 822 207 
4834 1384 975 598 861 
4835 1142 1083 1257 1356 
4836 1136 1029 959 976 
4837 1266 287 289 406 
4838 1099 982 1100 430 
4839 1200 1201 240 591 
4840 1266 293 231 406 
4841 1133 669 1134 663 
4842 240 591 69 688 
4843 1230 223 1231 365 
4844 1396 662 665 670 
4845 1339 1100 926 864 
4846 1136 1072 1139 1147 
4847 722 859 607 132 
4848 1385 480 1214 413 
4849 1149 340 595 405 
4850 1337 204 1397 1066 
4851 1396 662 1149 665 
4852 1235 1169 483 518 
4853 1221 1220 253 271 
4854 1233 1294 1269 697 
4855 681 1105 724 1301 
4856 1348 391 1301 324 
4857 56 1301 594 369 
4858 369 56 57 594 
4859 513 400 244 25 
4860 434 25 24 400 
4861 1398 1187 1368 1367 
4862 1046 1244 1049 800 
4863 1115 723 1183 1068 
4864 1068 1003 881 830 
4865 1124 1220 1393 465 
4866 1327 468 546 466 
4867 1382 847 1126 1159 
4868 1377 259 258 249 
4869 1127 840 1172 846 
4870 864 425 105 500 
4871 1313 487 1099 486 
4872 1195 1314 1023 1000 
4873 1313 1299 489 488 
4874 1317 696 668 692 
4875 1291 700 1347 673 
4876 1202 1324 289 288 
4877 1186 534 474 533 
4878 1397 265 1066 351 
4879 1243 792 793 801 
4880 825 1320 822 1381 
4881 1075 903 877 901 
4882 1260 277 1056 368 
4883 1206 234 296 295 
4884 1295 715 1230 589 
4885 1384 719 643 645 
4886 1331 1388 1175 1362 
4887 1335 1359 1080 357 
4888 1272 1379 1357 1060 
4889 1224 388 393 646 
4890 829 1260 246 811 
4891 1111 1113 1123 1261 
4892 760 986 1036 1232 
4893 1357 849 839 836 
4894 1179 1358 1376 1063 
4895 1221 385 409 278 
4896 1242 777 1344 767 
4897 1304 1222 1286 544 
4898 1168 898 984 854 
4899 1166 265 267 373 
4900 1386 1271 1182 480 
4901 883 162 14 784 
4902 102 524 101 877 
4903 1319 1183 1306 1185 
4904 608 1013 129 858 
4905 1087 315 1089 317 
4906 1232 1043 986 888 
4907 1152 1202 1341 1342 
4908 282 1200 284 1081 
4909 468 1241 1327 1228 
4910 1241 777 1242 774 
4911 193 13 886 785 
4912 1344 193 886 785 
4913 1241 468 1304 544 
4914 212 249 248 8 
4915 1159 847 842 841 
4916 1200 1293 1364 1081 
4917 1148 232 66 661 
4918 194 6 1205 1256 
4919 1259 387 375 263 
4920 1319 1168 1218 210 
4921 1214 244 270 268 
4922 1075 912 901 877 
4923 1278 1145 778 199 
4924 1049 1086 1238 1047 
4925 1385 1307 279 1214 
4926 1154 1153 472 474 
4927 1271 479 1180 1182 
4928 1100 485 926 864 
4929 1241 773 1304 191 
4930 781 1144 768 1145 
4931 1200 1364 710 1081 
4932 559 574 439 173 
4933 1090 572 947 585 
4934 1248 613 254 380 
4935 1360 1194 551 455 
4936 1199 704 685 711 
4937 1200 1364 1390 1201 
4938 1198 1199 1197 921 
4939 1332 1197 1154 1339 
4940 1291 873 1347 919 
4941 1135 661 663 667 
4942 1153 473 1121 472 
4943 1154 474 475 533 
4944 1100 430 982 107 
4945 864 105 1028 500 
4946 1196 1341 1204 1396 
4947 761 403 562 1 
4948 761 84 403 1 
4949 264 1167 266 365 
4950 1066 809 221 789 
4951 1159 302 1377 404 
4952 1392 848 1375 188 
4953 1377 212 364 249 
4954 1091 811 819 831 
4955 186 1219 1221 1303 
4956 1285 1160 1297 1296 
4957 1091 815 812 823 
4958 1205 373 1166 374 
4959 1126 1159 832 222 
4960 1207 1112 756 755 
4961 222 91 832 92 
4962 1361 622 1191 1345 
4963 730 1064 618 614 
4964 1175 967 1104 1014 
4965 1227 1332 522 492 
4966 1099 1284 875 498 
4967 1203 1134 1133 707 
4968 1361 622 1345 624 
4969 1391 214 837 213 
4970 1055 838 1378 216 
4971 1242 767 1344 1004 
4972 883 1004 162 784 
4973 1062 892 930 935 
4974 1242 774 777 767 
4975 1173 1182 479 481 
4976 349 420 510 32 
4977 1188 1275 312 310 
4978 1170 1384 687 861 
4979 1266 522 1332 1154 
4980 1386 1238 1236 1307 
4981 1285 1297 1160 201 
4982 1387 1271 1182 1385 
4983 1173 481 482 540 
4984 1091 824 820 204 
4985 1091 1056 811 831 
4986 1048 1145 199 198 
4987 7 247 829 203 
4988 211 880 828 15 
4989 1067 1021 1068 601 
4990 1218 880 984 895 
4991 828 1192 880 211 
4992 1048 1049 197 198 
4993 22 409 509 412 
4994 16 220 881 830 
4995 16 881 220 882 
4996 136 135 861 687 
4997 434 400 24 384 
4998 1167 279 1307 1214 
4999 1235 541 1047 1086 
5000 1107 1343 636 637 
5001 1174 862 1354 660 
5002 1174 1175 1210 1104 
5003 1062 892 1346 930 
5004 1241 504 433 1042 
5005 149 1020 150 603 
5006 1192 1019 893 894 
5007 1319 209 804 792 
5008 1233 1230 1295 715 
5009 1019 652 150 603 
5010 1068 890 1021 891 
5011 1191 1282 1206 1064 
5012 910 1164 879 1003 
5013 1398 1155 1154 1153 
5014 424 536 103 999 
5015 1200 1081 240 284 
5016 1391 1224 1273 214 
5017 1256 194 6 786 
5018 1221 1126 1220 186 
5019 1176 1245 1125 1190 
5020 1096 1264 1265 1097 
5021 1250 1251 1098 1264 
5022 1363 428 493 496 
5023 1242 202 201 774 
5024 1241 1242 1286 774 
5025 1222 515 541 563 
5026 1046 1049 198 800 
5027 1242 784 767 1004 
5028 1321 980 1128 1030 
5029 1258 1380 1328 1321 
5030 767 162 1004 784 
5031 1203 1133 1300 1370 
5032 1339 1039 922 920 
5033 1133 707 1134 669 
5034 1313 532 1227 488 
5035 1136 1139 1029 976 
5036 1247 1211 733 653 
5037 1247 634 1343 1093 
5038 1200 1155 1390 1293 
5039 1292 389 327 236 
5040 1052 1301 1051 1373 
5041 1132 577 1171 569 
5042 1070 1292 455 450 
5043 1118 521 1090 441 
5044 1355 239 328 329 
5045 1110 519 506 496 
5046 1077 655 1078 1080 
5047 516 968 872 113 
5048 1137 975 734 598 
5049 977 687 611 136 
5050 1308 1310 1347 674 
5051 1314 974 1174 610 
5052 1372 1189 1323 525 
5053 502 418 239 36 
5054 1290 639 640 641 
5055 977 1170 861 991 
5056 1308 676 675 674 
5057 1066 797 204 203 
5058 1355 330 1252 239 
5059 609 1038 685 1184 
5060 1384 861 598 687 
5061 1090 575 572 585 
5062 1132 179 566 600 
5063 1379 1375 1357 1258 
5064 556 407 509 21 
5065 1125 363 397 302 
5066 1125 298 398 300 
5067 754 735 181 617 
5068 4 735 181 759 
5069 754 759 181 735 
5070 1361 1206 623 690 
5071 1391 1159 1377 213 
5072 1320 207 1306 208 
5073 1262 546 1328 1321 
5074 1056 212 1224 249 
5075 9 760 160 1036 
5076 1329 1322 1353 1330 
5077 1391 1273 215 214 
5078 1308 675 1310 674 
5079 1377 249 1224 212 
5080 1122 936 1287 436 
5081 1168 807 211 796 
5082 1243 800 1046 793 
5083 1397 265 351 262 
5084 1046 1074 1236 1244 
5085 1243 1285 1160 801 
5086 1259 386 672 387 
5087 1259 261 386 387 
5088 1044 1045 753 703 
5089 1208 986 866 745 
5090 1061 1030 1172 1255 
5091 1112 755 742 756 
5092 324 1051 1301 1348 
5093 1119 1120 1057 1248 
5094 1132 1171 702 631 
5095 1133 670 1396 711 
5096 1203 1314 1195 1215 
5097 1394 1333 1299 1325 
5098 221 274 798 808 
5099 1066 789 221 798 
5100 1205 196 1086 1166 
5101 7 809 351 203 
5102 1314 1000 1174 974 
5103 1189 527 420 537 
5104 50 352 584 401 
5105 584 736 3 401 
5106 584 177 3 736 
5107 371 786 766 1256 
5108 1214 366 513 244 
5109 1253 1319 1322 1353 
5110 1221 253 1220 185 
5111 1284 499 994 875 
5112 1099 924 982 942 
5113 1275 341 230 597 
5114 1311 1362 1336 1388 
5115 1080 229 341 671 
5116 1298 633 1094 631 
5117 1360 551 1194 1117 
5118 887 727 128 616 
5119 643 1384 1137 598 
5120 977 687 136 861 
5121 1076 541 1047 484 
5122 1218 894 895 896 
5123 1168 796 211 210 
5124 672 73 589 387 
5125 1126 362 853 185 
5126 1320 698 1092 628 
5127 1381 1223 1320 822 
5128 1101 443 549 417 
5129 1118 579 567 574 
5130 853 222 832 92 
5131 1125 1263 1116 243 
5132 364 852 91 8 
5133 1159 842 832 841 
5134 1084 412 1221 385 
5135 1158 1276 1391 1377 
5136 1172 193 192 840 
5137 601 1115 723 652 
5138 1387 1305 282 1293 
5139 1390 1293 1155 1309 
5140 424 857 104 1028 
5141 1205 194 798 808 
5142 1185 649 628 723 
5143 1209 603 648 649 
5144 209 1164 816 827 
5145 1294 1229 1353 1326 
5146 986 160 745 760 
5147 560 172 9 760 
5148 938 873 605 145 
5149 146 605 938 693 
5150 146 939 147 693 
5151 1213 47 399 314 
5152 1119 1057 1279 571 
5153 5 787 252 85 
5154 1125 1190 1245 1116 
5155 1377 852 364 212 
5156 1363 874 1284 428 
5157 1099 490 1284 498 
5158 1195 1284 945 944 
5159 908 511 99 433 
5160 1160 796 1168 792 
5161 1177 1075 1074 1395 
5162 1235 1386 1214 1238 
5163 51 401 3 736 
5164 51 401 736 718 
5165 1191 620 623 730 
5166 1206 234 78 690 
5167 1276 258 259 348 
5168 1177 1237 1216 1330 
5169 1176 1261 1111 1263 
5170 1354 611 714 660 
5171 1317 1336 1215 1134 
5172 1104 990 1014 966 
5173 1077 1078 655 695 
5174 1095 359 337 345 
5175 1096 505 416 335 
5176 1109 872 1110 426 
5177 1159 213 837 841 
5178 1126 397 363 362 
5179 1220 273 253 272 
5180 1126 832 1159 842 
5181 1124 1176 1392 1382 
5182 1260 370 277 246 
5183 1383 844 1378 838 
5184 1361 623 728 690 
5185 1392 1158 1383 1382 
5186 1340 931 933 1031 
5187 1111 462 1123 461 
5188 1276 348 259 297 
5189 1276 588 348 690 
5190 1276 348 297 234 
5191 1276 348 234 690 
5192 1068 1025 1021 890 
5193 1068 1021 1025 601 
5194 1068 910 1025 890 
5195 1068 220 219 818 
5196 1381 1092 1320 1223 
5197 1308 674 1347 700 
5198 1164 821 1192 879 
5199 1397 264 262 263 
5200 1092 590 1056 732 
5201 1056 257 392 277 
5202 1056 368 392 590 
5203 1056 392 368 277 
5204 1091 1056 1260 811 
5205 1056 1224 732 646 
5206 1056 732 590 646 
5207 1296 898 1160 1006 
5208 1337 204 1066 794 
5209 829 1260 203 247 
5210 1260 204 820 203 
5211 1320 1306 1185 208 
5212 1260 590 672 386 
5213 1260 368 590 386 
5214 1260 260 368 386 
5215 1260 386 261 260 
5216 1260 368 1056 590 
5217 208 1320 825 1185 
5218 1185 825 208 816 
5219 1341 1308 1347 700 
5220 1183 1185 723 649 
5221 1183 723 652 649 
5222 1169 1214 434 400 
5223 800 1243 1244 791 
5224 1164 1068 830 810 
5225 1218 895 984 898 
5226 1209 1020 894 896 
5227 1183 649 652 603 
5228 1192 893 1115 879 
5229 1397 247 1260 261 
5230 1259 387 672 589 
5231 1397 261 1259 263 
5232 1259 261 387 263 
5233 1092 590 732 698 
5234 1092 1326 1259 698 
5235 1308 678 676 674 
5236 1091 820 824 819 
5237 732 1381 1092 628 
5238 1381 1320 1092 628 
5239 1223 817 215 823 
5240 732 1381 1223 1092 
5241 1381 1274 1054 1334 
5242 1274 627 1224 1246 
5243 1069 1183 723 1068 
5244 1067 219 1069 1068 
5245 1179 602 1376 621 
5246 1357 1172 836 846 
5247 1381 813 1069 217 
5248 1381 813 217 216 
5249 1067 1069 219 218 
5250 1334 1069 1381 1274 
5251 1381 1223 822 817 
5252 1274 627 626 628 
5253 728 627 1274 1246 
5254 1274 626 627 624 
5255 1273 1224 1223 214 
5256 1274 626 1067 1069 
5257 1381 216 817 813 
5258 1274 627 1223 1224 
5259 1361 1276 1206 690 
5260 1232 560 760 459 
5261 1245 296 1206 234 
5262 1379 1378 1055 1392 
5263 1158 1377 1159 302 
5264 1287 936 543 436 
5265 1191 620 1376 622 
5266 1334 1067 1060 218 
5267 1357 1258 849 836 
5268 1273 1381 216 817 
5269 1191 620 622 623 
5270 1191 622 1376 1345 
5271 1125 398 298 302 
5272 1272 1357 1334 1060 
5273 1064 1045 618 617 
5274 1206 1276 234 690 
5275 1206 730 623 690 
5276 1206 614 730 690 
5277 1392 1393 1375 1328 
5278 1282 599 1045 619 
5279 1383 847 834 187 
5280 1308 678 1390 676 
5281 1044 747 751 753 
5282 983 1208 987 1044 
5283 354 256 1071 350 
5284 1071 295 350 256 
5285 1114 255 438 562 
5286 354 1157 376 1071 
5287 1062 931 929 932 
5288 1334 218 1357 217 
5289 1340 937 1030 1031 
5290 1369 1044 1358 1283 
5291 1179 1062 1063 1345 
5292 1287 932 1208 1009 
5293 1258 1128 1172 1321 
5294 1127 851 840 833 
5295 1344 1228 904 886 
5296 1172 840 836 846 
5297 1340 1380 1122 1123 
5298 1036 543 1232 888 
5299 1242 1286 1297 1302 
5300 1262 466 1328 546 
5301 1179 602 726 867 
5302 1123 1232 1112 460 
5303 1111 1112 1114 461 
5304 1208 987 751 743 
5305 1369 1282 1045 1044 
5306 1232 752 745 746 
5307 1282 599 619 618 
5308 1113 1114 1112 1207 
5309 1287 1232 888 1043 
5310 1122 936 876 933 
5311 1239 1237 1177 1330 
5312 1122 548 1262 470 
5313 1340 1062 931 1031 
5314 1263 464 431 465 
5315 1054 1378 1273 215 
5316 1263 465 466 464 
5317 1327 1304 190 191 
5318 1241 774 770 783 
5319 1143 461 438 463 
5320 1112 460 1232 459 
5321 1217 1064 758 757 
5322 1111 1112 1123 1113 
5323 1143 1116 463 431 
5324 1122 548 470 501 
5325 1143 1116 303 301 
5326 1143 463 550 431 
5327 1114 530 438 461 
5328 1143 1157 301 255 
5329 1217 1112 1113 1232 
5330 1262 464 466 470 
5331 1232 760 752 459 
5332 1157 1113 1116 1190 
5333 1217 1064 1113 1207 
5334 1122 1262 1321 470 
5335 1232 763 752 746 
5336 1208 1043 866 986 
5337 1208 987 1044 751 
5338 1208 746 1232 745 
5339 1111 1116 1263 431 
5340 1112 755 1114 530 
5341 1112 755 530 742 
5342 1112 530 1114 461 
5343 1112 423 530 461 
5344 1112 423 752 742 
5345 1112 742 530 423 
5346 1208 745 866 743 
5347 1208 866 987 743 
5348 983 1208 1009 987 
5349 1208 987 866 1009 
5350 1208 1009 866 1043 
5351 1321 876 96 980 
5352 1228 414 504 97 
5353 1228 504 1040 97 
5354 1228 905 1041 1040 
5355 1228 904 905 1040 
5356 1228 414 546 504 
5357 1239 902 1177 940 
5358 1242 908 1297 884 
5359 1344 885 911 1004 
5360 1344 1228 1042 904 
5361 1344 1042 911 904 
5362 1344 911 885 904 
5363 1378 838 215 216 
5364 1304 1222 1144 1145 
5365 1334 217 1069 218 
5366 1304 469 1144 1222 
5367 1321 876 980 937 
5368 1128 1030 995 996 
5369 1128 1030 980 906 
5370 1128 906 995 1030 
5371 1061 1321 1258 1172 
5372 1357 836 839 846 
5373 1321 1228 1128 905 
5374 1321 905 1128 980 
5375 1239 1177 1237 940 
5376 1321 546 414 501 
5377 1111 464 462 463 
5378 1321 414 1228 1041 
5379 905 1321 1228 1041 
5380 1321 414 1041 980 
5381 1321 1228 414 546 
5382 1255 1037 892 935 
5383 1179 930 981 867 
5384 1127 851 1172 840 
5385 996 1172 1030 1255 
5386 1255 935 1030 996 
5387 1255 935 996 1037 
5388 1357 846 839 218 
5389 1340 931 1062 932 
5390 996 1172 1128 1030 
5391 1172 1030 1321 1128 
5392 1055 835 1375 848 
5393 192 1258 836 191 
5394 1258 1321 1327 1228 
5395 1273 1223 215 214 
5396 1158 1125 1245 302 
5397 1258 1128 1321 1228 
5398 1127 850 833 843 
5399 1127 220 850 843 
5400 1127 850 220 997 
5401 1127 1037 855 997 
5402 167 1127 855 997 
5403 1060 1067 1254 219 
5404 1060 218 219 846 
5405 1254 219 1067 1068 
5406 1254 219 1068 220 
5407 1254 1127 220 997 
5408 1158 1378 1392 1383 
5409 1254 220 1127 219 
5410 1162 1178 679 604 
5411 895 1240 896 897 
5412 1160 854 907 1006 
5413 1243 1160 1296 1168 
5414 1243 200 1285 801 
5415 1385 280 282 281 
5416 791 1353 1244 795 
5417 210 1319 1168 792 
5418 1244 800 791 795 
5419 1353 208 1306 207 
5420 1302 529 511 512 
5421 1244 805 1049 800 
5422 908 1297 884 909 
5423 1332 1342 1197 1333 
5424 1073 899 900 901 
5425 1269 1309 1268 677 
5426 1297 1302 1286 201 
5427 1297 1007 884 909 
5428 1243 791 793 804 
5429 1241 504 544 433 
5430 1241 783 773 191 
5431 1241 468 544 504 
5432 1242 908 911 1018 
5433 1286 433 544 512 
5434 1048 1278 1145 1222 
5435 1286 201 200 770 
5436 1286 770 774 201 
5437 1222 1286 544 512 
5438 1222 544 563 512 
5439 1222 1302 1286 512 
5440 1222 563 541 512 
5441 1146 515 563 469 
5442 1205 196 1085 1086 
5443 1221 252 253 185 
5444 1146 554 515 469 
5445 1146 768 197 196 
5446 1253 1319 1168 1163 
5447 1145 781 198 197 
5448 1278 1145 1304 778 
5449 1145 778 199 782 
5450 1145 782 198 781 
5451 1086 541 1222 515 
5452 1086 518 541 515 
5453 1297 1302 1007 909 
5454 1145 199 198 782 
5455 1144 769 772 189 
5456 1304 773 782 769 
5457 1241 783 777 774 
5458 1144 188 189 772 
5459 1144 1146 1145 1222 
5460 1144 469 1146 1222 
5461 1304 469 544 468 
5462 1159 1377 832 222 
5463 1304 1144 190 769 
5464 1304 190 773 769 
5465 1241 1018 1042 433 
5466 1304 191 773 190 
5467 1055 1383 1378 838 
5468 1334 1381 1069 217 
5469 1272 1379 1060 1063 
5470 1239 1177 902 901 
5471 1327 190 1144 189 
5472 1393 465 509 467 
5473 1327 468 466 467 
5474 1073 903 1075 901 
5475 1327 1144 469 467 
5476 1327 469 468 467 
5477 1327 1321 1328 546 
5478 1327 1304 1144 190 
5479 469 1327 468 1304 
5480 1294 691 1269 697 
5481 1306 650 1185 649 
5482 1306 648 650 649 
5483 1177 902 913 940 
5484 1073 1074 1285 1296 
5485 1269 1178 1268 1309 
5486 680 1233 715 1230 
5487 1294 1270 1269 1322 
5488 1320 812 206 822 
5489 1381 813 817 822 
5490 1381 626 1274 1069 
5491 1320 1326 1092 698 
5492 1338 205 794 802 
5493 1320 822 206 207 
5494 1381 1274 626 628 
5495 1329 1270 1322 1330 
5496 1397 1260 247 203 
5497 1397 351 247 262 
5498 1397 247 351 203 
5499 1329 1353 1338 1161 
5500 1337 1397 1230 1066 
5501 1397 1066 204 203 
5502 1126 222 853 362 
5503 1377 841 212 213 
5504 1379 1380 1375 1258 
5505 1379 1158 1378 1392 
5506 1125 1116 298 300 
5507 1125 397 398 302 
5508 1125 304 1116 300 
5509 1125 398 304 300 
5510 1126 362 273 397 
5511 1220 347 273 272 
5512 1382 188 1393 1219 
5513 1126 253 362 185 
5514 779 1144 188 1219 
5515 1073 903 900 1007 
5516 1220 273 1126 253 
5517 1303 776 780 195 
5518 1393 465 1220 509 
5519 1125 363 1159 397 
5520 1220 407 408 272 
5521 1221 253 252 271 
5522 304 1124 347 397 
5523 1382 186 847 187 
5524 1220 465 556 509 
5525 1221 407 1220 271 
5526 1221 409 407 271 
5527 1073 1296 1285 1297 
5528 187 1303 779 1219 
5529 1221 554 509 412 
5530 1221 412 509 409 
5531 1221 509 1220 407 
5532 1221 409 509 407 
5533 1219 1327 1144 189 
5534 1382 1383 188 187 
5535 1219 1144 188 189 
5536 1393 509 1219 467 
5537 1124 347 243 304 
5538 1219 188 779 187 
5539 1382 847 1383 187 
5540 1219 1144 1327 467 
5541 1391 215 1378 844 
5542 1054 216 1273 217 
5543 1393 467 466 465 
5544 1124 1263 243 431 
5545 1393 466 1328 1263 
5546 1393 466 1263 465 
5547 1169 1086 1085 518 
5548 1303 771 186 187 
5549 1256 194 776 195 
5550 1165 265 1167 266 
5551 791 1353 795 207 
5552 1048 1049 196 197 
5553 1162 1237 1178 940 
5554 1235 1074 1395 1236 
5555 1076 540 411 529 
5556 1186 1154 1339 533 
5557 1385 1307 280 279 
5558 1205 1084 196 195 
5559 1205 798 194 195 
5560 1085 275 1256 251 
5561 1085 276 275 251 
5562 1205 196 1166 195 
5563 1085 251 374 276 
5564 1047 1222 1086 541 
5565 1076 541 484 529 
5566 197 1161 790 805 
5567 1169 1214 483 434 
5568 1046 1049 1048 198 
5569 1235 1395 1074 540 
5570 1278 1304 1286 778 
5571 1244 1049 805 795 
5572 1235 1236 1076 1074 
5573 1073 1297 1285 1302 
5574 1240 898 1296 900 
5575 1214 279 366 244 
5576 1214 366 413 513 
5577 1214 513 413 480 
5578 1385 1182 1386 1271 
5579 1235 540 1076 484 
5580 1075 1395 1173 540 
5581 1235 1076 540 1074 
5582 1173 999 524 536 
5583 1216 915 916 913 
5584 1310 1368 1216 1309 
5585 1216 915 1368 916 
5586 1173 524 999 877 
5587 1173 1367 1216 1177 
5588 1173 999 912 877 
5589 1181 534 424 526 
5590 999 1367 1181 1173 
5591 1291 704 700 606 
5592 1178 856 940 939 
5593 1196 1341 1396 1333 
5594 1308 1364 1390 1309 
5595 1305 1153 1271 473 
5596 1368 917 916 915 
5597 1305 281 1385 282 
5598 1387 1271 1180 1182 
5599 1271 477 366 224 
5600 1271 477 413 366 
5601 1271 478 477 473 
5602 1271 478 413 477 
5603 1081 1387 1268 1234 
5604 1081 305 306 592 
5605 1266 422 522 471 
5606 1200 1341 1390 1155 
5607 1165 266 1167 268 
5608 282 1200 1081 1293 
5609 1081 710 591 688 
5610 1081 305 240 284 
5611 1202 1324 288 294 
5612 1081 1387 283 282 
5613 1200 1202 286 240 
5614 1081 1293 1387 282 
5615 1152 1202 287 286 
5616 1329 1166 1165 1238 
5617 1073 1285 1076 1302 
5618 1294 1326 1320 650 
5619 1308 674 700 678 
5620 1081 284 283 305 
5621 1178 940 916 939 
5622 1231 307 280 269 
5623 1231 306 283 307 
5624 1231 223 306 307 
5625 1231 307 365 223 
5626 1233 1234 1269 1268 
5627 1231 365 307 269 
5628 1081 305 592 688 
5629 1233 1234 1268 1231 
5630 1081 1387 1309 1268 
5631 1364 677 676 709 
5632 1336 1188 1312 1311 
5633 1177 912 902 901 
5634 1295 589 1259 672 
5635 1187 1367 1186 918 
5636 1178 916 940 913 
5637 1364 677 1234 1268 
5638 1310 1178 939 693 
5639 1313 1332 1227 492 
5640 1239 1322 1237 1330 
5641 1367 1177 914 913 
5642 1309 1387 1081 1293 
5643 1308 677 1364 1309 
5644 605 1347 1310 674 
5645 1309 1180 1387 1293 
5646 1187 919 1291 1347 
5647 1310 1187 1368 1308 
5648 1186 1181 424 857 
5649 1339 523 1100 425 
5650 1121 472 415 471 
5651 1367 1177 1173 914 
5652 1186 425 1339 864 
5653 1187 1368 1367 915 
5654 1308 1364 677 676 
5655 1398 1187 1155 1368 
5656 606 1038 973 1199 
5657 1368 1180 1309 1293 
5658 1339 922 1039 926 
5659 1239 1253 1330 1074 
5660 1294 716 1326 650 
5661 1233 1307 1270 1231 
5662 1390 700 1204 666 
5663 1234 677 709 712 
5664 1269 1237 1322 1270 
5665 1167 266 365 269 
5666 1268 1364 1309 1081 
5667 1268 1309 1216 1387 
5668 1073 900 903 901 
5669 1268 1307 1182 1395 
5670 680 1233 1230 1231 
5671 1165 1166 265 267 
5672 1162 1209 1008 647 
5673 1240 895 898 897 
5674 1073 1297 1302 1007 
5675 1294 1162 1269 691 
5676 1353 1244 1319 791 
5677 794 1337 205 1338 
5678 1049 805 197 198 
5679 1165 1238 1169 1214 
5680 1075 540 1076 1074 
5681 1230 680 589 715 
5682 1240 1239 899 1073 
5683 1285 201 1278 1302 
5684 1253 1353 1322 1330 
5685 1240 1218 1168 898 
5686 1008 896 1163 1240 
5687 1319 1185 208 209 
5688 1319 804 209 208 
5689 1337 1092 1260 204 
5690 1244 805 800 795 
5691 1075 1173 912 877 
5692 1268 1307 1395 1330 
5693 1307 1387 1268 1182 
5694 1307 280 1231 1387 
5695 1307 1231 280 269 
5696 1307 1231 1268 1387 
5697 1230 375 1259 589 
5698 1230 375 365 264 
5699 1230 1259 375 263 
5700 1230 375 264 263 
5701 1230 1397 1259 263 
5702 1230 264 1397 263 
5703 1337 1320 205 206 
5704 1337 1259 1397 1260 
5705 1230 1066 1397 264 
5706 1310 605 675 693 
5707 1310 674 675 605 
5708 938 1347 605 873 
5709 1310 938 605 693 
5710 1074 1330 1239 1177 
5711 1033 1073 1075 411 
5712 800 1243 791 793 
5713 895 1240 1218 896 
5714 1253 1322 1319 1163 
5715 1296 1168 1160 898 
5716 1239 1163 1162 1237 
5717 1240 998 1163 1008 
5718 1184 1199 923 1027 
5719 1153 473 472 474 
5720 1201 701 664 694 
5721 1187 1291 1341 1347 
5722 1308 700 1390 678 
5723 1332 475 1154 522 
5724 1198 1332 1100 1339 
5725 1187 920 1197 921 
5726 1149 294 340 405 
5727 1199 921 923 927 
5728 1152 1121 1266 1154 
5729 1199 1291 606 704 
5730 1203 707 1133 1184 
5731 1186 864 941 1028 
5732 1324 1149 1148 294 
5733 1152 1293 1200 285 
5734 1284 994 1005 944 
5735 1073 900 899 1240 
5736 1196 1198 1370 1199 
5737 1251 547 503 552 
5738 1203 1134 707 706 
5739 689 1203 683 706 
5740 1133 663 1148 662 
5741 1133 1396 1184 711 
5742 1317 692 706 708 
5743 1096 416 1252 335 
5744 1100 926 982 924 
5745 1186 424 1181 534 
5746 1336 1388 1215 1134 
5747 1363 1005 1284 874 
5748 383 1275 1135 313 
5749 1313 1099 1198 1100 
5750 1266 231 422 471 
5751 1162 691 647 604 
5752 1339 941 1039 920 
5753 1398 1186 1187 1367 
5754 1339 864 1039 941 
5755 1200 1364 1201 710 
5756 1162 1163 1322 1237 
5757 1188 309 1325 292 
5758 1275 230 383 667 
5759 1275 230 390 313 
5760 1135 232 383 313 
5761 1154 475 523 533 
5762 1140 719 1384 645 
5763 1198 920 1339 922 
5764 1196 1291 1341 1197 
5765 1341 1398 1154 1197 
5766 1121 308 231 395 
5767 1187 1291 919 921 
5768 1155 1293 1368 1309 
5769 1341 1396 1333 1149 
5770 1187 1197 1341 1291 
5771 1133 1148 1396 662 
5772 1396 670 665 711 
5773 701 1204 1390 1201 
5774 1204 666 665 664 
5775 1394 1313 1332 1227 
5776 1275 667 668 597 
5777 1396 1199 1184 711 
5778 1370 925 923 924 
5779 1080 1210 656 696 
5780 1226 349 1227 291 
5781 1198 922 923 921 
5782 1332 1339 1154 523 
5783 1333 1396 1325 1149 
5784 1204 1199 711 704 
5785 1394 1333 1313 1299 
5786 1198 923 1370 1199 
5787 1284 874 994 428 
5788 1316 1371 1250 1280 
5789 1099 875 982 498 
5790 487 1331 1299 1099 
5791 1372 1363 1365 1362 
5792 1196 1396 1370 1333 
5793 1197 1199 1291 921 
5794 1154 1342 1155 1341 
5795 1266 293 406 289 
5796 1154 472 1153 1121 
5797 1162 647 1008 604 
5798 1266 522 1227 1332 
5799 1099 875 1284 942 
5800 1204 1291 1199 704 
5801 1187 1339 1197 920 
5802 1121 308 395 224 
5803 1152 287 1266 1121 
5804 1310 1187 1308 1347 
5805 1390 678 1364 676 
5806 1398 1155 1153 1368 
5807 1186 864 1339 941 
5808 1154 523 1339 533 
5809 1305 379 224 281 
5810 1152 1341 1155 1342 
5811 1200 240 1081 591 
5812 1153 474 476 473 
5813 1186 500 424 534 
5814 1153 474 534 476 
5815 1305 281 282 379 
5816 1153 1180 1155 1293 
5817 1186 1153 1154 474 
5818 1332 492 475 522 
5819 1332 1154 475 523 
5820 1266 1324 1202 1342 
5821 289 1202 1266 1324 
5822 1186 1339 920 941 
5823 1028 424 1186 500 
5824 1313 523 492 486 
5825 1313 1227 1299 1226 
5826 1313 487 486 488 
5827 1252 552 503 416 
5828 1099 487 498 430 
5829 1313 1370 1198 1099 
5830 1227 510 532 422 
5831 1394 1266 1332 1342 
5832 1313 492 1227 532 
5833 1226 242 349 309 
5834 1226 1325 309 291 
5835 532 1226 488 535 
5836 1227 291 349 293 
5837 1275 667 1135 668 
5838 1203 1215 1195 1300 
5839 1189 311 310 312 
5840 1189 372 311 312 
5841 1284 1005 945 944 
5842 1203 1314 1215 1134 
5843 1374 1072 1250 1098 
5844 1226 1189 420 242 
5845 1226 1189 527 420 
5846 1226 527 535 420 
5847 1226 510 420 535 
5848 1311 1189 1312 1362 
5849 1226 527 489 535 
5850 532 1226 1227 488 
5851 1226 489 488 535 
5852 1331 490 489 491 
5853 428 1284 1363 493 
5854 1313 1227 1226 488 
5855 1203 706 1314 1134 
5856 313 1275 310 390 
5857 1188 309 292 310 
5858 1135 663 668 667 
5859 1135 394 1325 1148 
5860 1203 946 1023 863 
5861 1275 668 696 597 
5862 1275 696 671 597 
5863 1359 341 1275 671 
5864 1372 1365 1363 497 
5865 1277 539 497 528 
5866 1348 1051 1053 326 
5867 1372 497 538 528 
5868 1188 1135 1275 310 
5869 1331 493 1362 1284 
5870 1299 1188 1300 1388 
5871 1317 692 1134 706 
5872 1311 1189 1362 495 
5873 1188 1189 1226 309 
5874 1188 309 1226 1325 
5875 1170 1280 1151 1156 
5876 1317 1275 1134 668 
5877 1318 612 1267 739 
5878 1317 1210 1336 1359 
5879 1134 1275 1188 1135 
5880 1133 1135 1188 1325 
5881 1175 1005 967 1014 
5882 1133 711 707 670 
5883 1133 1135 1134 1188 
5884 1133 663 1135 1148 
5885 1133 711 1184 707 
5886 1133 1325 1396 1148 
5887 1203 689 683 863 
5888 1313 492 532 488 
5889 1300 1188 1133 1388 
5890 1133 1396 1370 1184 
5891 1133 1325 1370 1333 
5892 1133 1333 1370 1396 
5893 1133 1325 1333 1396 
5894 1300 925 1370 942 
5895 1300 943 925 942 
5896 1354 862 990 989 
5897 1323 1189 241 525 
5898 1195 945 1023 943 
5899 1300 1284 943 942 
5900 1299 1300 1370 1099 
5901 1299 1325 1133 1188 
5902 1299 1133 1325 1370 
5903 1299 1333 1370 1325 
5904 1394 1332 1266 1227 
5905 1313 1333 1198 1370 
5906 1299 1325 1226 1227 
5907 1299 1188 1226 1325 
5908 1130 330 1355 331 
5909 1335 372 1323 1312 
5910 1104 967 966 1014 
5911 1110 1363 961 967 
5912 1363 493 1362 494 
5913 1363 961 874 506 
5914 1288 1289 1142 1107 
5915 1323 334 241 372 
5916 1110 961 962 967 
5917 1363 874 961 967 
5918 1363 506 874 428 
5919 1174 862 660 610 
5920 1363 1284 1362 493 
5921 1355 333 1335 331 
5922 1130 1252 1277 1355 
5923 1317 656 696 658 
5924 1316 1109 519 517 
5925 1372 496 1363 494 
5926 1363 496 506 428 
5927 1110 961 426 872 
5928 1374 1366 1072 1098 
5929 1203 683 706 707 
5930 487 1331 489 1299 
5931 1331 490 1099 487 
5932 1195 1014 1175 1000 
5933 1078 654 655 596 
5934 1077 1210 1102 657 
5935 1077 657 714 659 
5936 1080 671 656 654 
5937 1210 657 656 658 
5938 1372 1363 496 497 
5939 1317 1134 1314 706 
5940 1080 654 656 655 
5941 359 1348 337 396 
5942 1335 381 1359 357 
5943 1311 489 527 491 
5944 1251 503 1252 552 
5945 1372 1312 1323 1189 
5946 1312 372 1189 312 
5947 1312 381 372 312 
5948 1079 1103 1150 1104 
5949 1277 239 1355 1252 
5950 1080 341 229 357 
5951 1323 241 1189 372 
5952 1372 495 1362 1189 
5953 1109 516 968 872 
5954 643 1384 598 719 
5955 1080 229 356 357 
5956 1106 1051 1257 1147 
5957 1323 328 334 329 
5958 329 1335 334 1323 
5959 1130 1316 1150 1365 
5960 1355 328 1323 329 
5961 1277 497 1372 528 
5962 1162 604 1008 856 
5963 1110 426 506 519 
5964 1277 539 1365 497 
5965 1162 856 1178 604 
5966 1365 497 519 1110 
5967 1110 496 1363 497 
5968 1110 519 496 497 
5969 1110 961 872 962 
5970 1110 1104 1365 1363 
5971 1110 1363 1365 497 
5972 1079 1130 1355 1335 
5973 1269 697 679 677 
5974 1109 520 516 517 
5975 1316 519 1109 1110 
5976 645 1138 1384 1366 
5977 1265 1096 1097 337 
5978 1349 1070 1108 1352 
5979 1141 1356 1142 1289 
5980 1290 640 724 699 
5981 1141 1070 1249 445 
5982 1131 453 507 558 
5983 1318 1301 369 594 
5984 1318 343 227 391 
5985 1318 1097 1366 1267 
5986 1140 719 1170 1384 
5987 1348 326 343 391 
5988 1348 1053 1051 1097 
5989 359 1348 1095 337 
5990 1050 451 452 557 
5991 1265 1050 452 557 
5992 1138 1384 1137 643 
5993 1138 643 642 641 
5994 1095 330 332 345 
5995 1095 1280 1251 1098 
5996 1267 342 343 355 
5997 1267 228 342 355 
5998 1269 1268 1237 1270 
5999 1267 228 355 358 
6000 1138 1137 1281 642 
6001 1137 598 734 643 
6002 1374 1139 1366 1384 
6003 1384 988 975 861 
6004 1174 1000 990 974 
6005 658 705 1174 1102 
6006 1374 970 992 978 
6007 1288 1343 637 634 
6008 1170 1354 1151 991 
6009 1170 1151 1384 991 
6010 1140 1156 1129 1280 
6011 1384 965 988 991 
6012 1384 988 861 991 
6013 1140 739 1267 720 
6014 1316 1277 539 1365 
6015 1277 1323 418 528 
6016 1277 1323 1355 418 
6017 1277 418 502 528 
6018 1251 503 1277 1252 
6019 1250 517 1316 547 
6020 1316 539 1277 547 
6021 1250 520 547 458 
6022 1103 1336 1362 1175 
6023 1077 657 1102 714 
6024 1077 1210 1079 1102 
6025 1103 1362 1365 1363 
6026 1077 659 1140 695 
6027 1354 989 977 862 
6028 1102 1210 1174 658 
6029 1170 687 977 861 
6030 1078 1080 229 356 
6031 1078 229 344 356 
6032 1078 1080 654 229 
6033 1078 596 344 654 
6034 1078 654 344 229 
6035 1314 1023 1000 863 
6036 1203 1184 683 707 
6037 1314 689 708 706 
6038 689 1203 706 1314 
6039 1269 691 679 697 
6040 1314 974 689 863 
6041 1139 975 1384 988 
6042 1374 1065 1072 970 
6043 1137 642 734 860 
6044 1137 860 975 976 
6045 1137 643 734 642 
6046 1138 642 1281 641 
6047 1052 1051 1356 1373 
6048 1137 1024 860 976 
6049 1105 1343 1349 1211 
6050 1094 631 633 616 
6051 1059 948 878 949 
6052 1298 632 633 631 
6053 1059 949 950 948 
6054 1171 1034 616 887 
6055 1132 566 576 629 
6056 1298 1193 1120 1058 
6057 1094 1171 631 616 
6058 1171 702 616 737 
6059 1171 616 702 631 
6060 1088 573 581 564 
6061 1132 702 179 600 
6062 1292 456 43 327 
6063 1057 569 571 587 
6064 1015 1058 948 1101 
6065 1101 1015 868 948 
6066 1290 1051 1147 1318 
6067 1141 1249 1289 954 
6068 1117 1213 1118 439 
6069 1269 1178 1237 1268 
6070 1093 950 953 1058 
6071 1249 1022 960 953 
6072 1249 1093 954 953 
6073 1249 954 1022 953 
6074 1249 445 444 417 
6075 1350 1093 1289 1249 
6076 1281 642 1002 722 
6077 1070 444 1351 1249 
6078 1141 1142 1010 972 
6079 1090 1059 572 570 
6080 1090 572 575 570 
6081 1248 581 1088 573 
6082 1360 443 442 441 
6083 1194 432 44 235 
6084 1088 245 315 316 
6085 1298 1120 1057 1058 
6086 1288 955 1289 1093 
6087 1269 1268 1234 677 
6088 1106 1257 1107 1281 
6089 1118 441 1101 1120 
6090 645 1138 643 1384 
6091 1248 1247 1212 1193 
6092 1264 1082 1065 558 
6093 1211 593 733 653 
6094 1349 1108 1070 1292 
6095 1057 571 1132 587 
6096 1360 1117 1118 440 
6097 444 1070 455 446 
6098 1211 681 593 226 
6099 1053 542 451 557 
6100 1348 1053 1265 346 
6101 1211 378 593 653 
6102 1360 551 1117 440 
6103 1290 1301 1106 1051 
6104 1298 1171 1057 1132 
6105 1058 948 1101 1059 
6106 1015 1058 950 948 
6107 1058 948 1059 950 
6108 1058 1094 1093 950 
6109 1298 1350 1058 1094 
6110 1058 949 1094 950 
6111 1058 1059 949 950 
6112 1298 631 1094 1171 
6113 1351 1058 1249 1101 
6114 1264 1072 1147 1098 
6115 1351 442 444 455 
6116 443 1249 1101 1351 
6117 1360 1117 1089 1120 
6118 443 1249 1351 444 
6119 1351 442 443 444 
6120 1120 1352 1351 1058 
6121 1120 1351 1352 1193 
6122 1120 1352 1058 1193 
6123 1120 1058 1351 1101 
6124 1279 1090 1118 575 
6125 1298 631 630 632 
6126 1298 1093 1350 1094 
6127 1119 1132 1057 571 
6128 1132 629 1248 630 
6129 1119 571 581 580 
6130 1193 1248 1120 1119 
6131 1057 1094 1058 949 
6132 1083 449 447 553 
6133 1351 1350 1289 1249 
6134 1350 1058 1093 1249 
6135 1350 1249 1351 1058 
6136 672 1295 716 1326 
6137 1142 1131 1083 1010 
6138 1106 1138 1257 1281 
6139 1288 955 859 956 
6140 1351 1350 1352 1289 
6141 1105 636 1107 1343 
6142 1105 682 724 640 
6143 1082 1131 1072 1065 
6144 1105 1290 640 724 
6145 1106 1289 1257 1356 
6146 1349 1352 1108 1193 
6147 1247 632 1298 729 
6148 1247 1212 1211 653 
6149 1295 1259 1337 1326 
6150 1105 1107 1106 1373 
6151 1053 419 542 557 
6152 1264 453 1082 558 
6153 1225 236 338 339 
6154 1265 336 1096 337 
6155 1050 1053 451 557 
6156 1374 1280 1366 1098 
6157 1349 1108 389 321 
6158 1225 451 421 448 
6159 1373 1352 1343 1289 
6160 1052 389 339 321 
6161 1053 336 542 419 
6162 1225 1053 1052 377 
6163 1292 236 43 545 
6164 1225 1052 338 377 
6165 1295 1230 1337 1259 
6166 1292 1349 1108 389 
6167 1050 1356 1082 1083 
6168 1105 1373 1106 1301 
6169 1211 733 593 682 
6170 1318 1267 342 343 
6171 1265 505 419 457 
6172 1295 1230 1259 589 
6173 1250 1316 1251 547 
6174 1229 1295 1337 1326 
6175 552 1264 457 1265 
6176 1288 1142 859 1281 
6177 1096 1264 1097 1098 
6178 1264 1147 1265 1097 
6179 1301 391 369 324 
6180 1106 1356 1257 1051 
6181 1105 682 640 638 
6182 1290 724 1301 594 
6183 1290 1301 1318 594 
6184 1349 1343 1373 1352 
6185 1348 1097 1318 1267 
6186 1318 699 739 644 
6187 1318 369 227 686 
6188 1318 227 369 391 
6189 1082 453 1131 558 
6190 1348 1095 1267 359 
6191 1318 686 699 594 
6192 1318 739 699 686 
6193 1288 859 725 607 
6194 1348 1267 1095 1097 
6195 1348 1318 1051 1301 
6196 1147 1318 1097 1366 
6197 1374 988 1139 1384 
6198 1050 1051 1082 1356 
6199 1136 1131 1257 958 
6200 1290 1147 1138 1318 
6201 1142 1356 1257 1289 
6202 1141 869 971 508 
6203 1288 1093 858 955 
6204 1136 1024 1281 1137 
6205 1136 1257 1072 1147 
6206 1294 1229 1270 1322 
6207 1106 1257 1138 1147 
6208 1290 1281 639 641 
6209 1105 640 1107 638 
6210 1288 1107 1142 1281 
6211 1288 858 1011 955 
6212 1105 640 1290 1106 
6213 1281 957 1002 1024 
6214 1257 1356 1147 1051 
6215 1142 1083 1131 1257 
6216 1131 969 1065 507 
6217 1131 1065 969 970 
6218 1131 969 979 970 
6219 1281 722 859 607 
6220 1281 639 722 607 
6221 1281 1002 957 859 
6222 1281 722 1002 859 
6223 1132 702 600 631 
6224 1132 629 600 566 
6225 1132 580 566 587 
6226 1057 1132 569 587 
6227 1132 566 577 587 
6228 1381 1069 1185 723 
6229 1381 1185 628 723 
6230 1381 1223 1274 627 
6231 1381 627 1274 628 
6232 1381 1185 1320 628 
6233 1224 1273 1223 1274 
6234 1272 1060 1334 1345 
6235 1054 217 1381 1334 
6236 825 1381 813 1069 
6237 601 1115 1068 723 
6238 1115 1025 1001 652 
6239 1209 1008 647 1020 
6240 1192 603 1183 1019 
6241 1115 1001 1019 652 
6242 1115 1068 910 1025 
6243 1115 910 1001 1025 
6244 1115 893 1019 1001 
6245 1115 1001 910 893 
6246 1209 1020 647 603 
6247 1209 1218 1163 896 
6248 1319 1183 1185 209 
6249 1209 1306 1183 649 
6250 1209 1183 603 649 
6251 1218 1319 1163 1168 
6252 1319 1185 1306 208 
6253 1282 730 1064 618 
6254 1282 730 618 620 
6255 1282 618 619 620 
6256 1217 1045 757 764 
6257 1272 1060 1345 1063 
6258 756 1217 748 763 
6259 1282 618 1064 1045 
6260 1179 929 1283 932 
6261 1255 1340 1061 1030 
6262 1369 1282 1191 1064 
6263 1283 1369 1282 1376 
6264 1294 648 691 651 
6265 1376 1282 1283 621 
6266 1245 259 1377 302 
6267 1191 1376 1063 1345 
6268 1191 1063 1376 1358 
6269 1375 1327 1219 189 
6270 1245 297 296 234 
6271 1369 1358 1208 1232 
6272 1071 256 1064 717 
6273 1294 1295 1229 1326 
6274 1157 1116 301 299 
6275 1157 1064 1113 1190 
6276 1143 1157 1116 301 
6277 1157 255 1114 410 
6278 1123 1232 1113 1112 
6279 1295 651 715 716 
6280 1157 410 233 376 
6281 1157 1114 1207 410 
6282 1157 301 376 299 
6283 1157 410 376 301 
6284 1245 1116 299 298 
6285 1245 1071 296 299 
6286 1071 1190 1157 299 
6287 1071 295 1206 296 
6288 1071 295 296 350 
6289 1071 1064 1157 1190 
6290 1071 296 299 350 
6291 1245 1276 297 234 
6292 1272 1389 1379 1063 
6293 1245 297 298 296 
6294 1379 1392 1055 1375 
6295 1245 298 297 302 
6296 1391 1246 1273 1224 
6297 188 1392 1382 1393 
6298 1125 304 398 397 
6299 1383 834 844 838 
6300 1357 839 845 217 
6301 1158 1391 1159 1377 
6302 1262 464 1263 466 
6303 1054 845 216 217 
6304 1261 1113 1358 1190 
6305 1261 1063 1191 1358 
6306 1261 1358 1191 1190 
6307 1258 191 1241 1327 
6308 1375 1219 188 189 
6309 1261 1358 1380 1063 
6310 1123 1262 1261 1380 
6311 1122 1321 937 876 
6312 1262 1321 1328 1380 
6313 1122 937 933 876 
6314 1262 462 470 548 
6315 1262 1263 1261 1328 
6316 1262 1328 1261 1380 
6317 1122 1232 1123 460 
6318 1122 1262 1123 1380 
6319 1340 1380 1123 1358 
6320 1122 548 436 460 
6321 1123 460 462 548 
6322 1287 888 934 1043 
6323 1123 462 1262 548 
6324 1111 1116 1113 1190 
6325 1143 461 1114 438 
6326 1143 303 550 18 
6327 1143 255 303 18 
6328 1111 1114 1113 1116 
6329 1143 438 550 463 
6330 1143 1114 1111 1116 
6331 1143 303 243 550 
6332 1062 1255 935 1031 
6333 1062 935 931 1031 
6334 1357 1172 1061 1258 
6335 1340 1062 1063 1358 
6336 1340 1287 1122 933 
6337 1062 930 931 935 
6338 1062 931 930 929 
6339 1294 1320 1306 650 
6340 1287 933 934 936 
6341 1287 936 934 888 
6342 1287 1043 1208 1232 
6343 1009 1287 934 1043 
6344 1287 1358 1208 932 
6345 1287 1232 1208 1358 
6346 1287 1358 1123 1232 
6347 1122 501 876 95 
6348 1122 436 501 95 
6349 1122 1321 876 501 
6350 1192 210 1209 1218 
6351 1192 1209 210 1183 
6352 1164 1003 1068 810 
6353 1192 211 821 210 
6354 1192 1218 211 210 
6355 1164 1068 219 818 
6356 1164 219 814 818 
6357 1164 821 818 827 
6358 1164 1183 1192 210 
6359 1164 1183 1069 1068 
6360 1164 818 814 827 
6361 1164 1115 1192 1183 
6362 1164 1068 1115 1183 
6363 1329 1049 1161 1238 
6364 1297 799 1160 201 
6365 1297 202 799 201 
6366 1297 1006 1160 907 
6367 1297 1006 907 1007 
6368 1297 907 1160 806 
6369 799 1297 1160 806 
6370 1297 884 907 14 
6371 1297 884 14 202 
6372 1297 907 884 1007 
6373 1073 1076 1075 411 
6374 1161 1049 197 196 
6375 1241 1018 911 1042 
6376 1242 202 774 784 
6377 1242 883 202 784 
6378 1242 911 883 1004 
6379 1242 767 784 774 
6380 1242 908 883 911 
6381 1241 1258 192 191 
6382 1241 1286 1304 770 
6383 773 1241 1304 770 
6384 1241 1344 1228 1042 
6385 1241 1228 504 1042 
6386 1048 1145 1278 199 
6387 1073 1074 1076 1285 
6388 1285 1278 201 200 
6389 1161 1086 1049 196 
6390 1278 1286 1222 1302 
6391 1073 900 1240 1296 
6392 1235 1395 540 481 
6393 1046 1074 1076 1236 
6394 1239 1075 1073 1074 
6395 1073 1017 1302 411 
6396 1229 1338 1353 1326 
6397 1235 1386 1395 481 
6398 1049 805 198 800 
6399 1161 197 790 196 
6400 1353 1319 208 791 
6401 1048 196 1146 197 
6402 1048 1086 1047 1222 
6403 1048 1086 1049 1047 
6404 1048 1145 198 197 
6405 1048 1146 1145 197 
6406 1334 1069 1067 218 
6407 1357 1172 1258 836 
6408 192 1258 1172 836 
6409 1258 849 836 191 
6410 1258 190 849 191 
6411 1258 1327 190 191 
6412 1334 1274 625 626 
6413 1375 190 835 849 
6414 1375 190 1258 1327 
6415 1375 190 1327 189 
6416 1375 188 848 189 
6417 1375 1327 1258 1328 
6418 1375 835 190 189 
6419 1375 848 835 189 
6420 1060 1127 1254 1255 
6421 1357 839 835 845 
6422 1060 218 1067 219 
6423 1054 217 1273 1381 
6424 1340 1380 1061 1321 
6425 1340 933 931 932 
6426 1340 1321 1122 1380 
6427 1379 1261 1389 1176 
6428 1060 1062 1061 1255 
6429 1060 1346 1062 1254 
6430 1060 1254 1062 1255 
6431 1379 1357 1061 1258 
6432 1334 624 1345 625 
6433 1334 1274 624 625 
6434 1334 1346 1067 625 
6435 1334 1346 1060 1067 
6436 1334 1345 1346 625 
6437 1334 1345 1060 1346 
6438 1389 1191 1261 1063 
6439 1382 188 1219 187 
6440 1272 1191 1389 1063 
6441 1361 623 1191 622 
6442 1361 623 622 624 
6443 1391 1378 1273 1246 
6444 1055 1383 838 848 
6445 1273 1272 1246 1378 
6446 1391 837 1159 213 
6447 1389 1206 1361 1276 
6448 1176 1263 1111 1116 
6449 1389 1246 1378 1276 
6450 1379 1060 1063 1061 
6451 1273 215 1223 817 
6452 1273 215 817 216 
6453 1158 1389 1391 1276 
6454 1391 1378 1383 844 
6455 1224 1273 1274 1246 
6456 1246 1389 1272 1361 
6457 1243 793 200 801 
6458 1338 790 1161 795 
6459 1329 1236 1049 1238 
6460 1319 208 791 804 
6461 1319 1306 1209 1163 
6462 1218 1319 1209 1163 
6463 1233 1294 697 651 
6464 1162 1306 1209 648 
6465 1386 1395 1307 1330 
6466 1046 1244 1236 1049 
6467 1239 902 899 901 
6468 1253 1329 1236 1244 
6469 1329 1307 1236 1238 
6470 1338 1161 1353 1244 
6471 1253 1296 1285 1074 
6472 1233 697 715 651 
6473 1329 1244 1253 1353 
6474 1329 1353 1161 1244 
6475 831 1091 1056 212 
6476 1091 213 212 819 
6477 1091 812 815 824 
6478 1091 1092 1223 812 
6479 1091 1260 1092 204 
6480 1091 819 815 213 
6481 1091 1056 1223 1092 
6482 1091 1056 1092 1260 
6483 1091 824 815 819 
6484 1337 204 794 205 
6485 1337 1260 1092 1259 
6486 1337 205 1320 1092 
6487 1337 1092 1320 1326 
6488 1295 589 672 716 
6489 1353 208 1319 1306 
6490 1337 1259 1092 1326 
6491 1161 805 1049 795 
6492 1161 790 805 795 
6493 1086 1161 1049 1238 
6494 1167 269 279 268 
6495 1161 1066 1166 803 
6496 1338 1066 1161 794 
6497 1338 207 1320 206 
6498 1161 794 1066 803 
6499 1161 790 794 803 
6500 1338 207 1353 1320 
6501 790 1338 794 802 
6502 1176 1111 1261 1190 
6503 1176 1190 1125 1116 
6504 1176 1116 1125 1263 
6505 1263 1392 1261 1328 
6506 1383 838 848 834 
6507 1055 838 845 835 
6508 1383 848 188 834 
6509 1329 1244 1161 1049 
6510 1380 1392 1379 1375 
6511 1272 1378 1379 1389 
6512 1392 1383 848 188 
6513 1124 243 1125 304 
6514 243 556 1124 431 
6515 1124 1382 1392 1393 
6516 1124 1392 1176 1263 
6517 1329 1236 1244 1049 
6518 1158 1159 1125 302 
6519 1303 196 780 768 
6520 1084 1146 1219 554 
6521 1084 1256 1085 275 
6522 1084 514 1086 515 
6523 1084 1205 1256 195 
6524 1084 1221 1303 1256 
6525 1084 1303 196 195 
6526 1084 1146 1303 1219 
6527 1303 771 780 775 
6528 1303 780 771 768 
6529 1084 1256 1205 1085 
6530 1205 194 1256 195 
6531 1205 374 251 274 
6532 1205 1085 1256 251 
6533 6 1256 786 250 
6534 1205 1085 251 374 
6535 1205 1166 1085 374 
6536 6 1256 251 1205 
6537 1169 1085 374 384 
6538 1169 374 270 384 
6539 1169 514 1085 384 
6540 1169 434 514 384 
6541 1169 400 434 384 
6542 1169 270 400 384 
6543 1243 1160 792 801 
6544 791 1243 1244 1319 
6545 1075 1173 524 540 
6546 1386 1307 1395 1182 
6547 1177 902 912 913 
6548 1236 1049 1238 1047 
6549 1253 1244 1243 1319 
6550 1386 1214 480 513 
6551 1076 1278 1222 1302 
6552 1076 1222 1047 541 
6553 1076 1222 541 529 
6554 1076 1222 529 512 
6555 1076 1302 1222 512 
6556 1076 529 1302 512 
6557 1243 1319 804 792 
6558 1329 1167 1161 1066 
6559 1076 411 1302 529 
6560 1395 1216 1182 1268 
6561 1073 1297 1007 900 
6562 1367 914 915 913 
6563 1240 1239 1073 1296 
6564 1395 1182 1173 481 
6565 1395 1216 1268 1330 
6566 1367 1216 1177 913 
6567 1395 1330 1236 1074 
6568 1385 1387 1307 1182 
6569 1386 480 1182 479 
6570 1386 479 1182 481 
6571 1386 480 479 481 
6572 1386 481 483 480 
6573 1214 1235 483 1386 
6574 1235 541 1086 518 
6575 1235 540 484 481 
6576 1386 1307 1214 1238 
6577 1386 1182 1395 481 
6578 1385 1271 413 366 
6579 1385 413 1214 366 
6580 1385 1271 366 224 
6581 1329 1238 1161 1166 
6582 1385 366 281 224 
6583 1385 366 1214 279 
6584 1385 281 366 279 
6585 1329 1161 1167 1166 
6586 1162 1008 998 856 
6587 1162 679 1269 691 
6588 1177 1075 1239 1074 
6589 1237 1178 1216 1268 
6590 1237 1216 1330 1268 
6591 1237 1270 1268 1330 
6592 1229 1167 1329 1066 
6593 1253 1046 1244 1074 
6594 1229 1337 1295 1230 
6595 1329 1167 1165 1166 
6596 790 1338 1161 794 
6597 1320 1294 1353 1326 
6598 1353 1306 1320 207 
6599 1162 856 998 940 
6600 1229 1161 1329 1338 
6601 1322 1229 1329 1353 
6602 1167 1270 1307 1231 
6603 1167 1230 1270 1231 
6604 1167 1214 1307 1238 
6605 1165 270 1169 374 
6606 1167 268 266 269 
6607 1229 1338 1337 1066 
6608 1234 1081 306 592 
6609 1234 306 1231 592 
6610 1234 688 1081 592 
6611 1234 1081 688 709 
6612 1234 688 592 709 
6613 1234 592 1231 712 
6614 1234 709 592 712 
6615 1234 1268 1231 1387 
6616 1234 1231 1081 1387 
6617 1364 676 710 709 
6618 1364 1081 709 688 
6619 1364 710 1081 688 
6620 1364 709 710 688 
6621 1308 676 677 675 
6622 1364 1293 1309 1081 
6623 1390 678 700 666 
6624 1364 1081 1234 709 
6625 710 591 1201 1200 
6626 1268 1364 1081 1234 
6627 1075 524 1173 877 
6628 1075 1033 524 877 
6629 1075 903 1033 877 
6630 1240 899 898 900 
6631 1240 1168 1296 898 
6632 1240 1218 1163 1168 
6633 1239 1322 1253 1163 
6634 1240 898 899 897 
6635 1239 1073 1075 901 
6636 1240 998 1008 897 
6637 1240 899 998 897 
6638 1177 914 913 912 
6639 1177 999 1173 914 
6640 1177 1173 999 912 
6641 1177 999 914 912 
6642 1173 1216 1182 1395 
6643 1173 1216 1395 1177 
6644 1329 1238 1167 1307 
6645 1177 1173 1075 1395 
6646 1177 1075 1173 912 
6647 1367 918 915 1012 
6648 1180 1367 1181 1153 
6649 1398 1186 1154 1339 
6650 1012 1186 918 941 
6651 1367 1181 857 999 
6652 1329 1167 1270 1307 
6653 1367 857 914 999 
6654 1028 424 857 1186 
6655 1367 915 914 1012 
6656 1367 914 857 1012 
6657 1186 500 534 533 
6658 1186 1339 425 533 
6659 1186 425 500 533 
6660 1398 1181 1367 1153 
6661 1398 1181 1186 1367 
6662 1398 1154 1186 1153 
6663 1308 1341 1187 1155 
6664 1187 917 1347 1310 
6665 1329 1236 1307 1330 
6666 1187 917 1310 1368 
6667 1187 919 1347 917 
6668 1187 918 919 917 
6669 1187 917 1368 915 
6670 1187 918 917 915 
6671 1239 1240 998 1163 
6672 1198 922 1339 926 
6673 1198 1370 923 924 
6674 1198 923 922 924 
6675 1313 489 487 488 
6676 1198 1099 1370 924 
6677 1198 1100 1099 924 
6678 1198 926 1100 924 
6679 1198 922 926 924 
6680 1204 700 1291 704 
6681 1204 666 700 704 
6682 1204 1396 1149 665 
6683 1204 711 1396 665 
6684 1204 711 665 704 
6685 1204 1396 1341 1149 
6686 1204 665 666 704 
6687 1390 1201 710 701 
6688 1390 710 678 701 
6689 701 1204 666 1390 
6690 1390 1341 1204 700 
6691 1152 1153 1305 1121 
6692 1390 1364 678 710 
6693 1390 1201 1364 710 
6694 1390 1201 1204 1341 
6695 1202 289 287 288 
6696 1152 1305 1293 285 
6697 1394 1313 1333 1332 
6698 1266 231 1121 406 
6699 1324 292 1325 291 
6700 1324 290 292 291 
6701 1324 1325 1227 291 
6702 1324 290 289 288 
6703 1324 290 291 289 
6704 1196 1197 1341 1333 
6705 1196 1204 1291 1199 
6706 1196 1291 1197 1199 
6707 1196 1396 1204 1199 
6708 1398 1339 1187 1186 
6709 1398 1187 1339 1197 
6710 1398 1187 1197 1341 
6711 1398 1155 1187 1341 
6712 1239 1075 1177 901 
6713 1341 1398 1155 1154 
6714 1266 1324 293 289 
6715 1202 1149 1341 1342 
6716 1202 1341 1149 1201 
6717 1202 1342 1324 1149 
6718 1202 1201 340 240 
6719 1200 1390 1341 1201 
6720 1202 340 286 240 
6721 1202 1201 1149 340 
6722 1202 287 286 288 
6723 1202 286 340 288 
6724 308 1152 1305 1121 
6725 1305 379 285 308 
6726 1152 1341 1200 1155 
6727 1152 1202 1200 1341 
6728 1200 1202 1201 1341 
6729 1305 282 1293 285 
6730 1305 282 285 379 
6731 1253 1296 1240 1168 
6732 1305 1387 1385 1271 
6733 1305 1293 1387 1271 
6734 1387 1305 1385 282 
6735 224 1385 1271 1305 
6736 1313 486 492 488 
6737 1313 1198 1332 1100 
6738 1313 1099 1299 1370 
6739 1313 1100 1332 523 
6740 1313 1100 523 486 
6741 1313 1099 1100 486 
6742 1152 1266 1202 1342 
6743 1394 1227 1266 1324 
6744 1394 1324 1266 1342 
6745 1152 286 1200 1202 
6746 1266 1121 287 406 
6747 1331 1388 1299 1300 
6748 1311 1188 1299 1388 
6749 1311 1299 1226 489 
6750 1311 527 1226 1189 
6751 1311 1226 1299 1188 
6752 1311 1226 1188 1189 
6753 1331 1362 1311 1388 
6754 1331 1284 1099 490 
6755 1331 1300 1299 1099 
6756 1331 1300 1099 1284 
6757 1372 525 538 495 
6758 1372 1362 495 494 
6759 1372 495 538 494 
6760 1335 333 356 331 
6761 1103 1355 1323 1335 
6762 1253 1240 1163 1168 
6763 1372 538 1323 528 
6764 1336 1175 1215 1388 
6765 1336 1362 1175 1388 
6766 1317 1215 1314 1134 
6767 1336 1215 1175 1210 
6768 1195 945 1000 1023 
6769 1203 683 1016 863 
6770 1215 1388 1300 1134 
6771 1188 1359 1336 1312 
6772 1336 1134 1275 1188 
6773 1336 1388 1134 1188 
6774 1359 381 367 357 
6775 1210 1359 696 1080 
6776 1359 341 367 230 
6777 1359 341 1080 357 
6778 1103 1104 1175 1363 
6779 1103 1336 1175 1210 
6780 1103 1312 1336 1210 
6781 1079 1335 1355 1103 
6782 1077 1080 1079 1210 
6783 1315 1150 1365 1104 
6784 1103 1104 1210 1175 
6785 1359 1336 1312 1210 
6786 1239 1296 1253 1074 
6787 1359 1312 1080 1210 
6788 1359 312 1312 1188 
6789 1239 1253 1240 1163 
6790 1359 312 1188 1275 
6791 1359 1312 312 381 
6792 1359 312 367 381 
6793 1359 1275 367 390 
6794 1359 312 1275 390 
6795 1359 367 312 390 
6796 1188 1359 1275 1336 
6797 1335 372 1312 381 
6798 329 1335 333 334 
6799 1335 381 333 334 
6800 1335 1312 1359 381 
6801 1079 1103 1355 1365 
6802 1335 1080 1359 1312 
6803 1371 962 1109 963 
6804 1079 1150 1102 1104 
6805 1253 1074 1236 1330 
6806 1365 1130 1079 1150 
6807 1371 1151 1315 962 
6808 1151 965 1384 991 
6809 1294 716 1295 1326 
6810 519 1316 1365 1110 
6811 1277 1365 1372 497 
6812 1130 1277 1251 1316 
6813 1095 1251 1096 1098 
6814 1151 964 965 991 
6815 1277 1372 1355 1323 
6816 1355 1335 329 1323 
6817 1372 1355 1323 1103 
6818 1277 502 1252 503 
6819 1277 502 503 528 
6820 1277 1365 1355 1372 
6821 1277 503 539 528 
6822 1277 539 503 547 
6823 1316 539 547 517 
6824 1374 1250 1072 1065 
6825 1316 1355 1277 1365 
6826 330 1095 1130 1252 
6827 1077 714 1170 659 
6828 1371 963 1109 968 
6829 1264 1096 1265 552 
6830 1371 1374 978 1065 
6831 1371 1151 964 965 
6832 1251 547 552 458 
6833 1264 458 1251 552 
6834 1264 1251 1096 552 
6835 1250 458 1065 520 
6836 1251 1252 1096 552 
6837 1250 1280 1251 1316 
6838 1250 1251 1280 1098 
6839 1250 1109 1316 517 
6840 1250 1109 517 520 
6841 1371 1280 1315 1151 
6842 1250 520 1065 1109 
6843 1371 1250 1374 1065 
6844 1371 1280 1374 1250 
6845 1095 359 332 355 
6846 1140 739 720 645 
6847 1130 1277 1316 1355 
6848 1130 1355 1316 1365 
6849 1095 1366 1280 1097 
6850 1095 1267 1366 1097 
6851 1095 1251 1252 1096 
6852 1095 1096 1252 345 
6853 1139 992 1029 976 
6854 1384 1371 1151 1280 
6855 1139 976 988 992 
6856 1290 1318 699 594 
6857 1384 1138 1139 1366 
6858 1374 1139 1072 1366 
6859 1371 968 1065 978 
6860 1151 1354 966 989 
6861 1072 970 1131 1029 
6862 1250 1264 1098 1072 
6863 1250 1264 1072 1065 
6864 1072 1065 1131 970 
6865 1082 453 553 429 
6866 1374 1072 1139 992 
6867 1374 978 992 965 
6868 1371 964 963 965 
6869 1371 962 963 964 
6870 1151 962 964 966 
6871 989 1151 1354 991 
6872 1384 1371 1280 1374 
6873 1170 611 1354 977 
6874 1151 966 1354 1104 
6875 1079 1130 1129 1156 
6876 1102 1104 1151 1354 
6877 1079 1130 1335 356 
6878 1140 1170 719 721 
6879 1079 1335 1080 356 
6880 1079 1150 1130 1156 
6881 1102 1210 1103 1104 
6882 1102 714 1174 1354 
6883 1102 1210 658 657 
6884 1102 1174 1210 1104 
6885 1102 1354 1174 1104 
6886 1150 1103 1365 1104 
6887 1371 1151 962 964 
6888 330 1095 332 1130 
6889 1130 332 330 331 
6890 1079 1078 1130 356 
6891 1315 1110 962 967 
6892 1170 714 1354 611 
6893 1150 1156 1151 1280 
6894 1140 659 721 695 
6895 1130 1252 1355 330 
6896 1365 1130 1355 1079 
6897 1129 1267 1078 684 
6898 1078 1140 684 695 
6899 1129 1267 1095 358 
6900 1129 1078 1267 358 
6901 1130 358 332 331 
6902 1140 720 684 695 
6903 1130 1251 1095 1280 
6904 1130 1316 1251 1280 
6905 1130 1095 1129 1280 
6906 1170 1354 1102 1151 
6907 1170 1151 1102 1156 
6908 1170 714 1102 1354 
6909 1140 1366 1129 1267 
6910 1170 713 721 659 
6911 1140 1129 1366 1280 
6912 1140 721 720 695 
6913 1170 713 719 721 
6914 1140 1384 1170 1280 
6915 1140 1384 1280 1366 
6916 1140 1170 721 659 
6917 1140 1156 1170 659 
6918 1140 720 721 645 
6919 1140 1384 1366 645 
6920 1195 1284 1331 1175 
6921 1195 1331 1284 1300 
6922 1195 1284 1175 1005 
6923 1195 945 1284 1005 
6924 1195 1300 1284 943 
6925 1195 1388 1215 1175 
6926 1195 1215 1388 1300 
6927 1203 1300 1195 943 
6928 1203 925 1300 943 
6929 1203 946 925 943 
6930 1203 1370 1300 925 
6931 1027 1370 1184 1203 
6932 1027 1370 1203 925 
6933 1203 1184 1027 946 
6934 1203 1027 925 946 
6935 1279 1101 1090 1059 
6936 1057 569 1132 1171 
6937 1279 569 1059 570 
6938 1279 569 570 571 
6939 1279 571 570 586 
6940 1101 1279 1118 1120 
6941 1279 1059 1090 570 
6942 1057 1279 569 1059 
6943 1322 1270 1237 1330 
6944 1057 1101 1279 1059 
6945 1057 1058 1101 1059 
6946 1101 1057 1279 1120 
6947 1119 578 1088 581 
6948 1119 579 578 581 
6949 1119 1088 1248 581 
6950 1119 1279 586 571 
6951 1119 586 579 571 
6952 1119 579 581 571 
6953 1213 559 574 439 
6954 1360 1118 1120 441 
6955 1117 531 440 432 
6956 1117 235 531 432 
6957 1360 1194 1351 1193 
6958 1117 440 551 432 
6959 1087 319 1212 318 
6960 1194 432 456 44 
6961 1089 360 1117 235 
6962 1089 315 360 235 
6963 1089 1213 315 1088 
6964 1119 1089 1193 1088 
6965 1349 1108 319 1212 
6966 1108 317 1089 382 
6967 1089 382 315 235 
6968 1089 382 317 315 
6969 1360 1351 1120 1193 
6970 1194 456 1292 327 
6971 1194 1292 456 455 
6972 1194 456 551 455 
6973 1194 1351 1292 455 
6974 1360 440 1118 441 
6975 1070 446 444 445 
6976 1108 1351 1194 1193 
6977 1108 1352 1351 1193 
6978 1108 319 320 321 
6979 1087 318 1248 254 
6980 1087 254 1248 316 
6981 1087 318 254 316 
6982 1087 1212 1193 1248 
6983 1087 317 318 316 
6984 1247 1350 1343 1352 
6985 1350 1193 1058 1352 
6986 1350 1093 1343 1289 
6987 1350 1289 1343 1352 
6988 1350 1093 1058 1094 
6989 1247 636 1105 1343 
6990 1248 1247 1193 1298 
6991 1253 1296 1243 1285 
6992 1247 1343 1105 1211 
6993 1298 630 1132 1248 
6994 1120 1298 1057 1248 
6995 1298 1132 1057 1248 
6996 1050 1082 449 1083 
6997 1070 446 447 448 
6998 1070 1373 1356 1289 
6999 1070 1351 1289 1249 
7000 1070 455 1292 1351 
7001 444 1070 1351 455 
7002 1107 636 638 637 
7003 1107 1289 1343 1093 
7004 1107 637 638 607 
7005 1107 1289 1373 1343 
7006 1349 323 1301 1211 
7007 1052 325 1301 323 
7008 1349 1211 1301 1373 
7009 1349 323 1211 322 
7010 1349 323 322 321 
7011 1162 1322 1269 1237 
7012 1052 1051 1301 325 
7013 1105 638 636 682 
7014 1349 319 1108 321 
7015 1225 1070 1050 448 
7016 1052 339 338 377 
7017 1225 1292 545 236 
7018 1225 448 421 450 
7019 1225 338 1053 377 
7020 1356 1225 1050 1052 
7021 1225 1356 1070 1373 
7022 1052 389 1292 339 
7023 1292 1349 1373 1070 
7024 1292 1349 1052 1373 
7025 859 1142 956 957 
7026 1142 957 958 956 
7027 1142 1107 1289 1257 
7028 1142 1281 1107 1257 
7029 1141 1022 1249 954 
7030 1141 972 1010 971 
7031 1142 954 1289 956 
7032 1142 972 954 956 
7033 1142 958 972 956 
7034 1348 1267 1318 343 
7035 1348 343 396 359 
7036 1322 1306 1319 1163 
7037 1265 1348 346 337 
7038 1348 337 396 346 
7039 1348 1097 1051 1318 
7040 1348 326 396 343 
7041 1348 346 396 326 
7042 1290 1301 1051 1318 
7043 1136 1024 1137 976 
7044 1138 644 643 641 
7045 1138 1318 1366 644 
7046 1384 1138 1137 1139 
7047 1138 1147 1139 1366 
7048 1138 1318 1147 1366 
7049 1106 1107 640 639 
7050 1106 1281 1107 639 
7051 1290 699 724 594 
7052 1106 1051 1301 1373 
7053 1105 1106 1290 1301 
7054 1290 1281 1106 639 
7055 1105 638 1107 636 
7056 1082 1257 1083 1356 
7057 1082 1051 1147 1356 
7058 1082 1147 1051 1053 
7059 1322 1306 1353 1319 
7060 1264 1082 1050 1053 
7061 1225 451 1050 1053 
7062 1050 449 452 451 
7063 1082 1147 1257 1356 
7064 1050 1083 1070 1356 
7065 1225 545 338 236 
7066 1225 1292 236 339 
7067 1225 1050 451 448 
7068 1050 448 449 451 
7069 1141 1083 1070 445 
7070 1141 555 1249 869 
7071 1141 971 869 972 
7072 1141 869 1249 1022 
7073 1141 972 869 1022 
7074 1141 1070 1289 1249 
7075 1136 957 1024 959 
7076 1136 1142 1281 957 
7077 1136 1257 1142 958 
7078 1136 1281 1142 1257 
7079 1290 640 699 641 
7080 1290 1138 1106 1281 
7081 1290 1138 1281 641 
7082 1290 1138 641 644 
7083 1290 641 699 644 
7084 1290 1318 1138 644 
7085 1290 699 1318 644 
7086 1380 1392 1261 1379 
7087 1246 1389 1378 1272 
7088 1274 1361 728 1246 
7089 1361 728 623 624 
7090 1329 1353 1253 1330 
7091 1361 1206 1191 623 
7092 1361 1246 1276 728 
7093 1179 928 1283 929 
7094 1179 928 929 867 
7095 1179 1346 1062 1345 
7096 1179 929 1062 930 
7097 1179 867 929 930 
7098 1179 1345 1376 602 
7099 1217 1044 1045 764 
7100 1217 746 1208 747 
7101 1217 746 747 748 
7102 1217 747 1044 764 
7103 1217 748 747 764 
7104 1369 1376 1191 1282 
7105 1217 747 1208 1044 
7106 1389 1176 1261 1190 
7107 1389 1206 1245 1071 
7108 1389 1071 1245 1190 
7109 1235 1047 1238 1086 
7110 1389 1361 1206 1191 
7111 1389 1261 1191 1190 
7112 1389 1245 1176 1190 
7113 1071 1389 1206 1191 
7114 1369 1045 1282 1064 
7115 1369 1190 1113 1064 
7116 1369 1191 1358 1190 
7117 1369 1217 1113 1232 
7118 1369 1113 1358 1232 
7119 1369 1113 1217 1064 
7120 1369 1113 1190 1358 
7121 1340 1358 1287 932 
7122 1340 932 1287 933 
7123 1340 1063 1061 1380 
7124 1340 1063 1380 1358 
7125 1235 1047 1236 1238 
7126 1046 199 200 793 
7127 1046 1278 1285 200 
7128 1046 199 1278 200 
7129 1046 1278 1076 1285 
7130 1046 1076 1278 1047 
7131 1046 199 1048 1278 
7132 1046 1278 1048 1047 
7133 1235 1236 1386 1238 
7134 1235 518 483 484 
7135 1165 1166 1169 1238 
7136 1392 1375 1380 1328 
7137 1392 1380 1261 1328 
7138 1392 1158 1382 1176 
7139 1263 1392 1176 1261 
7140 1055 1357 1375 835 
7141 1055 1383 1392 1378 
7142 1055 848 1392 1383 
7143 1055 1392 848 1375 
7144 1379 1375 1055 1357 
7145 1379 1357 1060 1061 
7146 1379 1061 1063 1380 
7147 1379 1063 1261 1380 
7148 1272 1361 1345 624 
7149 1379 1389 1261 1063 
7150 1054 1334 1357 217 
7151 1054 215 1273 216 
7152 1054 1378 215 216 
7153 1054 1055 1378 216 
7154 1054 1357 1379 1055 
7155 1054 1055 1379 1378 
7156 1272 1345 1334 624 
7157 1273 1272 1378 1054 
7158 1272 1379 1054 1357 
7159 1243 804 793 792 
7160 1243 792 1160 1168 
7161 1243 1168 1319 792 
7162 1338 795 1161 1244 
7163 1338 1353 207 795 
7164 1338 207 206 795 
7165 1338 795 206 802 
7166 1338 206 1337 205 
7167 1338 802 206 205 
7168 1320 1337 1326 1338 
7169 1158 1245 1377 302 
7170 1391 1377 1224 213 
7171 1391 1224 214 213 
7172 1391 1246 1224 1276 
7173 1391 1276 1378 1246 
7174 1391 1224 1377 1276 
7175 1124 1382 1158 1176 
7176 1158 1383 1382 1159 
7177 1158 1159 1391 1383 
7178 1158 1383 1391 1378 
7179 1158 1176 1379 1389 
7180 1253 1329 1330 1236 
7181 1158 1389 1379 1378 
7182 1158 1378 1391 1389 
7183 1158 1176 1389 1245 
7184 1124 465 1393 1263 
7185 1124 1382 1126 1159 
7186 1124 1126 1125 1159 
7187 1124 1126 1220 273 
7188 1124 273 1220 347 
7189 1124 1263 1125 243 
7190 1124 1220 556 347 
7191 1124 1263 1176 1125 
7192 1124 1220 1382 1393 
7193 1124 1382 1220 1126 
7194 1084 554 1303 1221 
7195 1084 554 1221 412 
7196 1084 515 1086 1146 
7197 1084 514 515 412 
7198 1084 515 1146 554 
7199 1084 412 515 554 
7200 1084 196 1303 1146 
7201 1165 374 1166 267 
7202 1165 270 267 268 
$EndElements
