$MeshFormat
4.1 0 8
$EndMeshFormat
$PhysicalNames
5
1 1 "Inlet"
1 2 "Outlet"
1 3 "Boundary"
1 4 "Circle"
2 5 "Domain"
$EndPhysicalNames
$Entities
9 8 1 0
1 0 0 0 0 
2 2.2 0 0 0 
3 2.2 0.41 0 0 
4 0 0.41 0 0 
5 0.2 0.2 0 0 
6 0.25 0.2 0 0 
7 0.2 0.25 0 0 
8 0.15 0.2 0 0 
9 0.2 0.15 0 0 
1 0 0 0 2.2 0 0 1 3 2 1 -2 
2 2.2 0 0 2.2 0.41 0 1 2 2 2 -3 
3 0 0.41 0 2.2 0.41 0 1 3 2 3 -4 
4 0 0 0 0 0.41 0 1 1 2 4 -1 
5 0.2 0.2 0 0.25 0.25 0 1 4 2 6 -7 
6 0.15 0.2 0 0.2 0.25 0 1 4 2 7 -8 
7 0.15 0.15 0 0.2 0.2 0 1 4 2 8 -9 
8 0.2 0.15 0 0.25 0.2 0 1 4 2 9 -6 
1 0 0 0 2.2 0.41 0 1 5 8 1 2 3 4 5 6 7 8 
$EndEntities
$Nodes
17 3032 1 3032
0 1 0 1
1
0 0 0
0 2 0 1
2
2.2 0 0
0 3 0 1
3
2.2 0.41 0
0 4 0 1
4
0 0.41 0
0 6 0 1
5
0.25 0.2 0
0 7 0 1
6
0.2 0.25 0
0 8 0 1
7
0.15 0.2 0
0 9 0 1
8
0.2 0.15 0
1 1 0 107
9
10
11
12
13
14
15
16
17
18
19
20
21
22
23
24
25
26
27
28
29
30
31
32
33
34
35
36
37
38
39
40
41
42
43
44
45
46
47
48
49
50
51
52
53
54
55
56
57
58
59
60
61
62
63
64
65
66
67
68
69
70
71
72
73
74
75
76
77
78
79
80
81
82
83
84
85
86
87
88
89
90
91
92
93
94
95
96
97
98
99
100
101
102
103
104
105
106
107
108
109
110
111
112
113
114
115
0.02037037037033218 0 0
0.0407407407406634 0 0
0.06111111111099352 0 0
0.08148148148132364 0 0
0.1018518518516512 0 0
0.1222222222219788 0 0
0.1425925925923129 0 0
0.162962962962652 0 0
0.183333333332995 0 0
0.2037037037033333 0 0
0.2240740740736701 0 0
0.2444444444440131 0 0
0.2648148148143538 0 0
0.2851851851846839 0 0
0.3055555555549991 0 0
0.32592592592531 0 0
0.3462962962956085 0 0
0.3666666666659099 0 0
0.3870370370362208 0 0
0.4074074074065315 0 0
0.4277777777768424 0 0
0.4481481481471531 0 0
0.4685185185174612 0 0
0.4888888888877592 0 0
0.5092592592580639 0 0
0.5296296296283748 0 0
0.5499999999986639 0 0
0.5703703703689531 0 0
0.5907407407392639 0 0
0.6111111111095747 0 0
0.6314814814798855 0 0
0.6518518518501963 0 0
0.6722222222205072 0 0
0.6925925925908181 0 0
0.7129629629611288 0 0
0.7333333333314398 0 0
0.7537037037017507 0 0
0.7740740740720616 0 0
0.7944444444423724 0 0
0.8148148148126745 0 0
0.8351851851829597 0 0
0.8555555555532618 0 0
0.8759259259235728 0 0
0.8962962962938835 0 0
0.9166666666641945 0 0
0.9370370370345054 0 0
0.9574074074048163 0 0
0.9777777777751272 0 0
0.9981481481454395 0 0
1.018518518515771 0 0
1.038888888886081 0 0
1.05925925925642 0 0
1.079629629626746 0 0
1.099999999997058 0 0
1.120370370367471 0 0
1.140740740737885 0 0
1.161111111108322 0 0
1.181481481478755 0 0
1.201851851849169 0 0
1.222222222219582 0 0
1.242592592590009 0 0
1.262962962960453 0 0
1.283333333330867 0 0
1.30370370370128 0 0
1.324074074071695 0 0
1.344444444442151 0 0
1.364814814812565 0 0
1.385185185182978 0 0
1.405555555553392 0 0
1.425925925923847 0 0
1.446296296294263 0 0
1.466666666664676 0 0
1.48703703703509 0 0
1.507407407405534 0 0
1.52777777777596 0 0
1.548148148146374 0 0
1.568518518516788 0 0
1.58888888888722 0 0
1.609259259257658 0 0
1.629629629628072 0 0
1.649999999998486 0 0
1.670370370368899 0 0
1.690740740739312 0 0
1.711111111109751 0 0
1.731481481480183 0 0
1.751851851850597 0 0
1.77222222222101 0 0
1.792592592591437 0 0
1.812962962961881 0 0
1.833333333332295 0 0
1.853703703702708 0 0
1.874074074073124 0 0
1.894444444443579 0 0
1.914814814813993 0 0
1.935185185184406 0 0
1.95555555555482 0 0
1.975925925925275 0 0
1.996296296295684 0 0
2.016666666666046 0 0
2.037037037036408 0 0
2.057407407406831 0 0
2.077777777777374 0 0
2.098148148147842 0 0
2.118518518518204 0 0
2.138888888888605 0 0
2.159259259259125 0 0
2.179629629629622 0 0
1 2 0 19
116
117
118
119
120
121
122
123
124
125
126
127
128
129
130
131
132
133
134
2.2 0.0204999999999599 0
2.2 0.04099999999992403 0
2.2 0.06149999999988126 0
2.2 0.0819999999998168 0
2.2 0.102499999999761 0
2.2 0.1229999999997052 0
2.2 0.1434999999996397 0
2.2 0.1639999999995692 0
2.2 0.1844999999995399 0
2.2 0.2049999999994737 0
2.2 0.2254999999995356 0
2.2 0.2459999999995605 0
2.2 0.2664999999996245 0
2.2 0.2869999999996506 0
2.2 0.3074999999997178 0
2.2 0.3279999999997851 0
2.2 0.348499999999809 0
2.2 0.3689999999998763 0
2.2 0.3894999999999436 0
1 3 0 107
135
136
137
138
139
140
141
142
143
144
145
146
147
148
149
150
151
152
153
154
155
156
157
158
159
160
161
162
163
164
165
166
167
168
169
170
171
172
173
174
175
176
177
178
179
180
181
182
183
184
185
186
187
188
189
190
191
192
193
194
195
196
197
198
199
200
201
202
203
204
205
206
207
208
209
210
211
212
213
214
215
216
217
218
219
220
221
222
223
224
225
226
227
228
229
230
231
232
233
234
235
236
237
238
239
240
241
2.179629629629639 0.41 0
2.159259259259279 0.41 0
2.138888888888918 0.41 0
2.118518518518557 0.41 0
2.098148148148197 0.41 0
2.077777777777932 0.41 0
2.057407407407648 0.41 0
2.037037037037288 0.41 0
2.016666666666927 0.41 0
1.996296296296566 0.41 0
1.975925925926205 0.41 0
1.955555555555845 0.41 0
1.935185185185502 0.41 0
1.914814814815192 0.41 0
1.894444444444883 0.41 0
1.874074074074574 0.41 0
1.853703703704221 0.41 0
1.833333333333912 0.41 0
1.812962962963602 0.41 0
1.792592592593293 0.41 0
1.772222222222945 0.41 0
1.751851851852631 0.41 0
1.731481481482322 0.41 0
1.711111111112012 0.41 0
1.690740740741676 0.41 0
1.67037037037135 0.41 0
1.650000000001128 0.41 0
1.629629629630905 0.41 0
1.60925925926058 0.41 0
1.588888888890243 0.41 0
1.568518518519966 0.41 0
1.548148148149708 0.41 0
1.527777777779397 0.41 0
1.507407407409049 0.41 0
1.48703703703876 0.41 0
1.466666666668503 0.41 0
1.446296296298208 0.41 0
1.425925925927855 0.41 0
1.405555555557555 0.41 0
1.385185185187297 0.41 0
1.364814814817014 0.41 0
1.344444444446671 0.41 0
1.324074074076352 0.41 0
1.303703703706086 0.41 0
1.283333333335762 0.41 0
1.262962962965401 0.41 0
1.242592592595071 0.41 0
1.2222222222248 0.41 0
1.201851851854492 0.41 0
1.181481481484143 0.41 0
1.161111111113833 0.41 0
1.140740740743497 0.41 0
1.120370370373172 0.41 0
1.100000000002862 0.41 0
1.07962962963245 0.41 0
1.059259259262038 0.41 0
1.038888888891601 0.41 0
1.01851851852117 0.41 0
0.9981481481507581 0.41 0
0.9777777777803458 0.41 0
0.9574074074099213 0.41 0
0.9370370370394785 0.41 0
0.9166666666690662 0.41 0
0.8962962962986543 0.41 0
0.8759259259282401 0.41 0
0.8555555555577865 0.41 0
0.8351851851873739 0.41 0
0.8148148148169621 0.41 0
0.7944444444465499 0.41 0
0.7740740740760959 0.41 0
0.7537037037056824 0.41 0
0.7333333333352701 0.41 0
0.7129629629648582 0.41 0
0.6925925925944156 0.41 0
0.6722222222239904 0.41 0
0.6518518518535783 0.41 0
0.6314814814831662 0.41 0
0.6111111111127348 0.41 0
0.5907407407422987 0.41 0
0.5703703703718865 0.41 0
0.5500000000014744 0.41 0
0.5296296296310623 0.41 0
0.5092592592606502 0.41 0
0.4888888888902139 0.41 0
0.4685185185197827 0.41 0
0.4481481481493701 0.41 0
0.4277777777789582 0.41 0
0.4074074074085332 0.41 0
0.3870370370380907 0.41 0
0.3666666666676786 0.41 0
0.3462962962972662 0.41 0
0.3259259259268525 0.41 0
0.3055555555563989 0.41 0
0.2851851851859863 0.41 0
0.2648148148155745 0.41 0
0.2444444444451623 0.41 0
0.2240740740747087 0.41 0
0.2037037037043012 0.41 0
0.1833333333339402 0.41 0
0.1629629629635798 0.41 0
0.1425925925931582 0.41 0
0.122222222222617 0.41 0
0.1018518518521505 0.41 0
0.08148148148178969 0.41 0
0.06111111111139067 0.41 0
0.04074074074087264 0.41 0
0.02037037037037637 0.41 0
1 4 0 19
242
243
244
245
246
247
248
249
250
251
252
253
254
255
256
257
258
259
260
0 0.3895000000000276 0
0 0.3690000000000986 0
0 0.3485000000001263 0
0 0.3280000000001972 0
0 0.3075000000002466 0
0 0.2870000000003133 0
0 0.2665000000003669 0
0 0.2460000000004368 0
0 0.2255000000004656 0
0 0.2050000000005313 0
0 0.184500000000469 0
0 0.1640000000004435 0
0 0.143500000000379 0
0 0.1230000000003524 0
0 0.1025000000002847 0
0 0.0820000000002169 0
0 0.06150000000019246 0
0 0.04100000000012471 0
0 0.02050000000005692 0
1 5 0 7
261
262
263
264
265
266
267
0.249039264014986 0.2097545161268256 0
0.2461939766019628 0.2191341716752337 0
0.2415734805762875 0.227778511709108 0
0.2353553389887888 0.2353553391298659 0
0.2277785116057865 0.2415734806453246 0
0.2191341716057793 0.2461939766307317 0
0.2097545160833819 0.2490392640236275 0
1 6 0 7
268
269
270
271
272
273
274
0.1902454838731744 0.249039264014986 0
0.1808658283247663 0.2461939766019628 0
0.172221488290892 0.2415734805762875 0
0.1646446608701341 0.2353553389887888 0
0.1584265193546754 0.2277785116057865 0
0.1538060233692683 0.2191341716057793 0
0.1509607359763726 0.2097545160833819 0
1 7 0 7
275
276
277
278
279
280
281
0.1509607359791184 0.1902454839028134 0
0.1538060233748533 0.1808658283807372 0
0.158426519412424 0.1722214883077866 0
0.1646446610114758 0.1646446608698695 0
0.1722214884081244 0.1584265193453804 0
0.1808658284562796 0.1538060233435626 0
0.1902454839397812 0.1509607359717651 0
1 8 0 7
282
283
284
285
286
287
288
0.2097545160971866 0.1509607359791184 0
0.2191341716192628 0.1538060233748533 0
0.2277785116922135 0.158426519412424 0
0.2353553391301306 0.1646446610114758 0
0.2415734806546196 0.1722214884081244 0
0.2461939766564374 0.1808658284562796 0
0.2490392640282349 0.1902454839397812 0
2 1 0 2744
289
290
291
292
293
294
295
296
297
298
299
300
301
302
303
304
305
306
307
308
309
310
311
312
313
314
315
316
317
318
319
320
321
322
323
324
325
326
327
328
329
330
331
332
333
334
335
336
337
338
339
340
341
342
343
344
345
346
347
348
349
350
351
352
353
354
355
356
357
358
359
360
361
362
363
364
365
366
367
368
369
370
371
372
373
374
375
376
377
378
379
380
381
382
383
384
385
386
387
388
389
390
391
392
393
394
395
396
397
398
399
400
401
402
403
404
405
406
407
408
409
410
411
412
413
414
415
416
417
418
419
420
421
422
423
424
425
426
427
428
429
430
431
432
433
434
435
436
437
438
439
440
441
442
443
444
445
446
447
448
449
450
451
452
453
454
455
456
457
458
459
460
461
462
463
464
465
466
467
468
469
470
471
472
473
474
475
476
477
478
479
480
481
482
483
484
485
486
487
488
489
490
491
492
493
494
495
496
497
498
499
500
501
502
503
504
505
506
507
508
509
510
511
512
513
514
515
516
517
518
519
520
521
522
523
524
525
526
527
528
529
530
531
532
533
534
535
536
537
538
539
540
541
542
543
544
545
546
547
548
549
550
551
552
553
554
555
556
557
558
559
560
561
562
563
564
565
566
567
568
569
570
571
572
573
574
575
576
577
578
579
580
581
582
583
584
585
586
587
588
589
590
591
592
593
594
595
596
597
598
599
600
601
602
603
604
605
606
607
608
609
610
611
612
613
614
615
616
617
618
619
620
621
622
623
624
625
626
627
628
629
630
631
632
633
634
635
636
637
638
639
640
641
642
643
644
645
646
647
648
649
650
651
652
653
654
655
656
657
658
659
660
661
662
663
664
665
666
667
668
669
670
671
672
673
674
675
676
677
678
679
680
681
682
683
684
685
686
687
688
689
690
691
692
693
694
695
696
697
698
699
700
701
702
703
704
705
706
707
708
709
710
711
712
713
714
715
716
717
718
719
720
721
722
723
724
725
726
727
728
729
730
731
732
733
734
735
736
737
738
739
740
741
742
743
744
745
746
747
748
749
750
751
752
753
754
755
756
757
758
759
760
761
762
763
764
765
766
767
768
769
770
771
772
773
774
775
776
777
778
779
780
781
782
783
784
785
786
787
788
789
790
791
792
793
794
795
796
797
798
799
800
801
802
803
804
805
806
807
808
809
810
811
812
813
814
815
816
817
818
819
820
821
822
823
824
825
826
827
828
829
830
831
832
833
834
835
836
837
838
839
840
841
842
843
844
845
846
847
848
849
850
851
852
853
854
855
856
857
858
859
860
861
862
863
864
865
866
867
868
869
870
871
872
873
874
875
876
877
878
879
880
881
882
883
884
885
886
887
888
889
890
891
892
893
894
895
896
897
898
899
900
901
902
903
904
905
906
907
908
909
910
911
912
913
914
915
916
917
918
919
920
921
922
923
924
925
926
927
928
929
930
931
932
933
934
935
936
937
938
939
940
941
942
943
944
945
946
947
948
949
950
951
952
953
954
955
956
957
958
959
960
961
962
963
964
965
966
967
968
969
970
971
972
973
974
975
976
977
978
979
980
981
982
983
984
985
986
987
988
989
990
991
992
993
994
995
996
997
998
999
1000
1001
1002
1003
1004
1005
1006
1007
1008
1009
1010
1011
1012
1013
1014
1015
1016
1017
1018
1019
1020
1021
1022
1023
1024
1025
1026
1027
1028
1029
1030
1031
1032
1033
1034
1035
1036
1037
1038
1039
1040
1041
1042
1043
1044
1045
1046
1047
1048
1049
1050
1051
1052
1053
1054
1055
1056
1057
1058
1059
1060
1061
1062
1063
1064
1065
1066
1067
1068
1069
1070
1071
1072
1073
1074
1075
1076
1077
1078
1079
1080
1081
1082
1083
1084
1085
1086
1087
1088
1089
1090
1091
1092
1093
1094
1095
1096
1097
1098
1099
1100
1101
1102
1103
1104
1105
1106
1107
1108
1109
1110
1111
1112
1113
1114
1115
1116
1117
1118
1119
1120
1121
1122
1123
1124
1125
1126
1127
1128
1129
1130
1131
1132
1133
1134
1135
1136
1137
1138
1139
1140
1141
1142
1143
1144
1145
1146
1147
1148
1149
1150
1151
1152
1153
1154
1155
1156
1157
1158
1159
1160
1161
1162
1163
1164
1165
1166
1167
1168
1169
1170
1171
1172
1173
1174
1175
1176
1177
1178
1179
1180
1181
1182
1183
1184
1185
1186
1187
1188
1189
1190
1191
1192
1193
1194
1195
1196
1197
1198
1199
1200
1201
1202
1203
1204
1205
1206
1207
1208
1209
1210
1211
1212
1213
1214
1215
1216
1217
1218
1219
1220
1221
1222
1223
1224
1225
1226
1227
1228
1229
1230
1231
1232
1233
1234
1235
1236
1237
1238
1239
1240
1241
1242
1243
1244
1245
1246
1247
1248
1249
1250
1251
1252
1253
1254
1255
1256
1257
1258
1259
1260
1261
1262
1263
1264
1265
1266
1267
1268
1269
1270
1271
1272
1273
1274
1275
1276
1277
1278
1279
1280
1281
1282
1283
1284
1285
1286
1287
1288
1289
1290
1291
1292
1293
1294
1295
1296
1297
1298
1299
1300
1301
1302
1303
1304
1305
1306
1307
1308
1309
1310
1311
1312
1313
1314
1315
1316
1317
1318
1319
1320
1321
1322
1323
1324
1325
1326
1327
1328
1329
1330
1331
1332
1333
1334
1335
1336
1337
1338
1339
1340
1341
1342
1343
1344
1345
1346
1347
1348
1349
1350
1351
1352
1353
1354
1355
1356
1357
1358
1359
1360
1361
1362
1363
1364
1365
1366
1367
1368
1369
1370
1371
1372
1373
1374
1375
1376
1377
1378
1379
1380
1381
1382
1383
1384
1385
1386
1387
1388
1389
1390
1391
1392
1393
1394
1395
1396
1397
1398
1399
1400
1401
1402
1403
1404
1405
1406
1407
1408
1409
1410
1411
1412
1413
1414
1415
1416
1417
1418
1419
1420
1421
1422
1423
1424
1425
1426
1427
1428
1429
1430
1431
1432
1433
1434
1435
1436
1437
1438
1439
1440
1441
1442
1443
1444
1445
1446
1447
1448
1449
1450
1451
1452
1453
1454
1455
1456
1457
1458
1459
1460
1461
1462
1463
1464
1465
1466
1467
1468
1469
1470
1471
1472
1473
1474
1475
1476
1477
1478
1479
1480
1481
1482
1483
1484
1485
1486
1487
1488
1489
1490
1491
1492
1493
1494
1495
1496
1497
1498
1499
1500
1501
1502
1503
1504
1505
1506
1507
1508
1509
1510
1511
1512
1513
1514
1515
1516
1517
1518
1519
1520
1521
1522
1523
1524
1525
1526
1527
1528
1529
1530
1531
1532
1533
1534
1535
1536
1537
1538
1539
1540
1541
1542
1543
1544
1545
1546
1547
1548
1549
1550
1551
1552
1553
1554
1555
1556
1557
1558
1559
1560
1561
1562
1563
1564
1565
1566
1567
1568
1569
1570
1571
1572
1573
1574
1575
1576
1577
1578
1579
1580
1581
1582
1583
1584
1585
1586
1587
1588
1589
1590
1591
1592
1593
1594
1595
1596
1597
1598
1599
1600
1601
1602
1603
1604
1605
1606
1607
1608
1609
1610
1611
1612
1613
1614
1615
1616
1617
1618
1619
1620
1621
1622
1623
1624
1625
1626
1627
1628
1629
1630
1631
1632
1633
1634
1635
1636
1637
1638
1639
1640
1641
1642
1643
1644
1645
1646
1647
1648
1649
1650
1651
1652
1653
1654
1655
1656
1657
1658
1659
1660
1661
1662
1663
1664
1665
1666
1667
1668
1669
1670
1671
1672
1673
1674
1675
1676
1677
1678
1679
1680
1681
1682
1683
1684
1685
1686
1687
1688
1689
1690
1691
1692
1693
1694
1695
1696
1697
1698
1699
1700
1701
1702
1703
1704
1705
1706
1707
1708
1709
1710
1711
1712
1713
1714
1715
1716
1717
1718
1719
1720
1721
1722
1723
1724
1725
1726
1727
1728
1729
1730
1731
1732
1733
1734
1735
1736
1737
1738
1739
1740
1741
1742
1743
1744
1745
1746
1747
1748
1749
1750
1751
1752
1753
1754
1755
1756
1757
1758
1759
1760
1761
1762
1763
1764
1765
1766
1767
1768
1769
1770
1771
1772
1773
1774
1775
1776
1777
1778
1779
1780
1781
1782
1783
1784
1785
1786
1787
1788
1789
1790
1791
1792
1793
1794
1795
1796
1797
1798
1799
1800
1801
1802
1803
1804
1805
1806
1807
1808
1809
1810
1811
1812
1813
1814
1815
1816
1817
1818
1819
1820
1821
1822
1823
1824
1825
1826
1827
1828
1829
1830
1831
1832
1833
1834
1835
1836
1837
1838
1839
1840
1841
1842
1843
1844
1845
1846
1847
1848
1849
1850
1851
1852
1853
1854
1855
1856
1857
1858
1859
1860
1861
1862
1863
1864
1865
1866
1867
1868
1869
1870
1871
1872
1873
1874
1875
1876
1877
1878
1879
1880
1881
1882
1883
1884
1885
1886
1887
1888
1889
1890
1891
1892
1893
1894
1895
1896
1897
1898
1899
1900
1901
1902
1903
1904
1905
1906
1907
1908
1909
1910
1911
1912
1913
1914
1915
1916
1917
1918
1919
1920
1921
1922
1923
1924
1925
1926
1927
1928
1929
1930
1931
1932
1933
1934
1935
1936
1937
1938
1939
1940
1941
1942
1943
1944
1945
1946
1947
1948
1949
1950
1951
1952
1953
1954
1955
1956
1957
1958
1959
1960
1961
1962
1963
1964
1965
1966
1967
1968
1969
1970
1971
1972
1973
1974
1975
1976
1977
1978
1979
1980
1981
1982
1983
1984
1985
1986
1987
1988
1989
1990
1991
1992
1993
1994
1995
1996
1997
1998
1999
2000
2001
2002
2003
2004
2005
2006
2007
2008
2009
2010
2011
2012
2013
2014
2015
2016
2017
2018
2019
2020
2021
2022
2023
2024
2025
2026
2027
2028
2029
2030
2031
2032
2033
2034
2035
2036
2037
2038
2039
2040
2041
2042
2043
2044
2045
2046
2047
2048
2049
2050
2051
2052
2053
2054
2055
2056
2057
2058
2059
2060
2061
2062
2063
2064
2065
2066
2067
2068
2069
2070
2071
2072
2073
2074
2075
2076
2077
2078
2079
2080
2081
2082
2083
2084
2085
2086
2087
2088
2089
2090
2091
2092
2093
2094
2095
2096
2097
2098
2099
2100
2101
2102
2103
2104
2105
2106
2107
2108
2109
2110
2111
2112
2113
2114
2115
2116
2117
2118
2119
2120
2121
2122
2123
2124
2125
2126
2127
2128
2129
2130
2131
2132
2133
2134
2135
2136
2137
2138
2139
2140
2141
2142
2143
2144
2145
2146
2147
2148
2149
2150
2151
2152
2153
2154
2155
2156
2157
2158
2159
2160
2161
2162
2163
2164
2165
2166
2167
2168
2169
2170
2171
2172
2173
2174
2175
2176
2177
2178
2179
2180
2181
2182
2183
2184
2185
2186
2187
2188
2189
2190
2191
2192
2193
2194
2195
2196
2197
2198
2199
2200
2201
2202
2203
2204
2205
2206
2207
2208
2209
2210
2211
2212
2213
2214
2215
2216
2217
2218
2219
2220
2221
2222
2223
2224
2225
2226
2227
2228
2229
2230
2231
2232
2233
2234
2235
2236
2237
2238
2239
2240
2241
2242
2243
2244
2245
2246
2247
2248
2249
2250
2251
2252
2253
2254
2255
2256
2257
2258
2259
2260
2261
2262
2263
2264
2265
2266
2267
2268
2269
2270
2271
2272
2273
2274
2275
2276
2277
2278
2279
2280
2281
2282
2283
2284
2285
2286
2287
2288
2289
2290
2291
2292
2293
2294
2295
2296
2297
2298
2299
2300
2301
2302
2303
2304
2305
2306
2307
2308
2309
2310
2311
2312
2313
2314
2315
2316
2317
2318
2319
2320
2321
2322
2323
2324
2325
2326
2327
2328
2329
2330
2331
2332
2333
2334
2335
2336
2337
2338
2339
2340
2341
2342
2343
2344
2345
2346
2347
2348
2349
2350
2351
2352
2353
2354
2355
2356
2357
2358
2359
2360
2361
2362
2363
2364
2365
2366
2367
2368
2369
2370
2371
2372
2373
2374
2375
2376
2377
2378
2379
2380
2381
2382
2383
2384
2385
2386
2387
2388
2389
2390
2391
2392
2393
2394
2395
2396
2397
2398
2399
2400
2401
2402
2403
2404
2405
2406
2407
2408
2409
2410
2411
2412
2413
2414
2415
2416
2417
2418
2419
2420
2421
2422
2423
2424
2425
2426
2427
2428
2429
2430
2431
2432
2433
2434
2435
2436
2437
2438
2439
2440
2441
2442
2443
2444
2445
2446
2447
2448
2449
2450
2451
2452
2453
2454
2455
2456
2457
2458
2459
2460
2461
2462
2463
2464
2465
2466
2467
2468
2469
2470
2471
2472
2473
2474
2475
2476
2477
2478
2479
2480
2481
2482
2483
2484
2485
2486
2487
2488
2489
2490
2491
2492
2493
2494
2495
2496
2497
2498
2499
2500
2501
2502
2503
2504
2505
2506
2507
2508
2509
2510
2511
2512
2513
2514
2515
2516
2517
2518
2519
2520
2521
2522
2523
2524
2525
2526
2527
2528
2529
2530
2531
2532
2533
2534
2535
2536
2537
2538
2539
2540
2541
2542
2543
2544
2545
2546
2547
2548
2549
2550
2551
2552
2553
2554
2555
2556
2557
2558
2559
2560
2561
2562
2563
2564
2565
2566
2567
2568
2569
2570
2571
2572
2573
2574
2575
2576
2577
2578
2579
2580
2581
2582
2583
2584
2585
2586
2587
2588
2589
2590
2591
2592
2593
2594
2595
2596
2597
2598
2599
2600
2601
2602
2603
2604
2605
2606
2607
2608
2609
2610
2611
2612
2613
2614
2615
2616
2617
2618
2619
2620
2621
2622
2623
2624
2625
2626
2627
2628
2629
2630
2631
2632
2633
2634
2635
2636
2637
2638
2639
2640
2641
2642
2643
2644
2645
2646
2647
2648
2649
2650
2651
2652
2653
2654
2655
2656
2657
2658
2659
2660
2661
2662
2663
2664
2665
2666
2667
2668
2669
2670
2671
2672
2673
2674
2675
2676
2677
2678
2679
2680
2681
2682
2683
2684
2685
2686
2687
2688
2689
2690
2691
2692
2693
2694
2695
2696
2697
2698
2699
2700
2701
2702
2703
2704
2705
2706
2707
2708
2709
2710
2711
2712
2713
2714
2715
2716
2717
2718
2719
2720
2721
2722
2723
2724
2725
2726
2727
2728
2729
2730
2731
2732
2733
2734
2735
2736
2737
2738
2739
2740
2741
2742
2743
2744
2745
2746
2747
2748
2749
2750
2751
2752
2753
2754
2755
2756
2757
2758
2759
2760
2761
2762
2763
2764
2765
2766
2767
2768
2769
2770
2771
2772
2773
2774
2775
2776
2777
2778
2779
2780
2781
2782
2783
2784
2785
2786
2787
2788
2789
2790
2791
2792
2793
2794
2795
2796
2797
2798
2799
2800
2801
2802
2803
2804
2805
2806
2807
2808
2809
2810
2811
2812
2813
2814
2815
2816
2817
2818
2819
2820
2821
2822
2823
2824
2825
2826
2827
2828
2829
2830
2831
2832
2833
2834
2835
2836
2837
2838
2839
2840
2841
2842
2843
2844
2845
2846
2847
2848
2849
2850
2851
2852
2853
2854
2855
2856
2857
2858
2859
2860
2861
2862
2863
2864
2865
2866
2867
2868
2869
2870
2871
2872
2873
2874
2875
2876
2877
2878
2879
2880
2881
2882
2883
2884
2885
2886
2887
2888
2889
2890
2891
2892
2893
2894
2895
2896
2897
2898
2899
2900
2901
2902
2903
2904
2905
2906
2907
2908
2909
2910
2911
2912
2913
2914
2915
2916
2917
2918
2919
2920
2921
2922
2923
2924
2925
2926
2927
2928
2929
2930
2931
2932
2933
2934
2935
2936
2937
2938
2939
2940
2941
2942
2943
2944
2945
2946
2947
2948
2949
2950
2951
2952
2953
2954
2955
2956
2957
2958
2959
2960
2961
2962
2963
2964
2965
2966
2967
2968
2969
2970
2971
2972
2973
2974
2975
2976
2977
2978
2979
2980
2981
2982
2983
2984
2985
2986
2987
2988
2989
2990
2991
2992
2993
2994
2995
2996
2997
2998
2999
3000
3001
3002
3003
3004
3005
3006
3007
3008
3009
3010
3011
3012
3013
3014
3015
3016
3017
3018
3019
3020
3021
3022
3023
3024
3025
3026
3027
3028
3029
3030
3031
3032
0.257731939521508 0.206145141388588 0
0.4579062103421828 0.01748025383564262 0
0.4367040340334523 0.3923345290729177 0
0.5397396281975277 0.3923687523229922 0
1.660543658179176 0.3911895337267414 0
1.558742102507504 0.3929927389765573 0
1.39563413553091 0.3925110266600956 0
1.232292039938231 0.3939033192959548 0
0.824999999997817 0.01764125822516482 0
1.924160081429596 0.3945722875274578 0
1.823148148148753 0.3927704455148537 0
0.642238094145325 0.01782566002212279 0
0.929669484014275 0.01656164871829748 0
1.028796462087866 0.0154463129085408 0
1.129821536558822 0.3936032428597606 0
0.7204546003772094 0.390765742221382 0
1.74211940959161 0.01766393643824198 0
1.477026621355124 0.01784102262196234 0
1.314038984632561 0.01601370829947786 0
1.986702724747599 0.01853401870702676 0
1.191666617004278 0.01764117221521965 0
1.619444445138344 0.01666355172228678 0
0.8657424382202386 0.3923589109880479 0
0.9665218560243896 0.3910589271932046 0
1.884504541917371 0.02049567027437917 0
0.5398117769690232 0.01768828664739904 0
0.6212962962979505 0.3923587417747168 0
1.477688790265511 0.3886107331487928 0
1.311799704717717 0.3933240538454754 0
1.395391578613977 0.01838655838862324 0
0.7459573109173159 0.01809571002077637 0
1.741666666667474 0.3932801802117903 0
1.112064129094963 0.01680708971679699 0
1.049180931831535 0.3936794553008234 0
2.183107732263273 0.2179051919484439 0
0.2513699467029206 0.172542191534322 0
2.004702362817192 0.392564821502237 0
0.2450261347767397 0.2369519939721098 0
0.3777657707192764 0.01818375436915442 0
0.1627659933990719 0.2447992274533474 0
0.3561754903722075 0.3941503288994514 0
0.1633232864158809 0.1547317718666622 0
2.182246479222478 0.1332499999996724 0
0.2186563434397811 0.2571587264593025 0
0.2271944572991778 0.1482685702620289 0
0.1823178646489236 0.2555662254728196 0
0.1486391164445114 0.2265042869032619 0
0.1488155695253984 0.172355262216516 0
0.1831683396655672 0.1445107599229716 0
0.1426892775446715 0.2056155274551379 0
0.2053291278058106 0.1420656842414394 0
0.3142795588731245 0.01508276641722815 0
2.067592592592104 0.01764125822530375 0
2.183094324483446 0.2971978498651458 0
0.2958561269944501 0.3908177090265817 0
1.558333330670499 0.01764125361615409 0
1.802843167048228 0.01733233535027267 0
0.7842604945726788 0.3924610789009453 0
1.252777777775232 0.01764125822528174 0
1.680136716743248 0.01691858808592928 0
2.067592592592787 0.3923587417748448 0
0.1112468123991782 0.3942521709106466 0
0.01671201417640453 0.2963643118638702 0
0.112037037036815 0.01764125822520148 0
0.01762445247944727 0.1122270024004894 0
0.2333150205602631 0.3931142892350916 0
0.1754813078759541 0.3940396559361827 0
0.2544416301619792 0.01953813295254989 0
0.017753520777603 0.1742500000004562 0
0.01866379658162651 0.2364174951465688 0
0.1744411609473246 0.0171987267138335 0
2.182247649247175 0.07173451630279559 0
2.126920168497318 0.3931782357361493 0
2.128774859098411 0.01800911380240225 0
0.2132969905707862 0.01722346215007357 0
0.01761804088008086 0.07224821391504989 0
0.07044158833246435 0.01837026173842857 0
0.01657825929374299 0.3389794337386527 0
0.07129629629659018 0.3923587417747531 0
0.3969582452148622 0.3925256119658028 0
0.4174128667478679 0.01735118808067061 0
0.4787037037049982 0.3923587417747167 0
0.4988708594675854 0.01761791863290874 0
0.5805777891663522 0.01761948208220823 0
0.5805516340137467 0.39270206691814 0
2.180625200692373 0.3410615018364304 0
2.1811009614431 0.2547151326401174 0
2.182374993720755 0.174013957324075 0
0.6601359626411045 0.3914007058757862 0
1.947004711767837 0.018417965726952 0
1.435958977198883 0.392906314949063 0
1.272792298818023 0.3920060993144956 0
1.192081172558595 0.3922555592421708 0
1.782143373489033 0.3927050072455318 0
1.516790818826463 0.3928216460754733 0
0.9268460775642464 0.3923544672305195 0
1.353770793194701 0.3888709407122782 0
1.150981315663914 0.01617558847522801 0
0.825003039222536 0.3923576141007714 0
1.966578918954885 0.3911208123659529 0
1.699820599946818 0.3923802559778399 0
0.984738516279035 0.01802008590089736 0
1.863888888889397 0.3923587417748143 0
1.599059546309278 0.3930376268416247 0
1.843214271258416 0.01746560098834293 0
0.8653866575090308 0.0168396999624839 0
1.517518842483015 0.01700626381493275 0
0.7834138903299595 0.01891464654219302 0
1.438033276312959 0.01645302966731384 0
1.356357818174135 0.01815685347109758 0
1.011128313500531 0.3915753956860253 0
2.025006214734122 0.01951399214593294 0
1.089814814817638 0.3924832951344118 0
0.70180678108837 0.01853692034423972 0
1.067202291669238 0.01712580289876547 0
0.01743662799920914 0.03158516145615781 0
2.18285548169596 0.3774650883617321 0
0.02028707180758312 0.3788718704824056 0
2.182716787363018 0.031550760924418 0
0.2556535867241634 0.2164980674612154 0
0.2656013760583989 0.2130489250386959 0
0.2680440660542787 0.2028682518766623 0
0.2759639207842836 0.2102078803824272 0
0.2783622834361091 0.1992447405620907 0
0.2869139943574893 0.2073715784042725 0
0.2895991396207313 0.1958105080478355 0
0.2984952890875562 0.203984553489128 0
0.29549500831335 0.2160556256892434 0
0.3074574589192419 0.2119493044562077 0
0.3106541108733006 0.2002689927573209 0
0.3200659296757291 0.2082932111668061 0
0.3233761379537681 0.1959671405212323 0
0.3333092896619888 0.2052229737545378 0
0.3368266487237372 0.1920102092216177 0
0.3472607547351736 0.2013502653162479 0
0.3510115584385382 0.1851667716230599 0
0.3615775046643318 0.1964654663341312 0
0.3057143470753812 0.2245192210104738 0
0.3654637650352121 0.1820843410270645 0
0.3763858107924778 0.1928179800410898 0
0.3592794014152945 0.2104403848945713 0
0.3798137601435474 0.1777168304644706 0
0.3917633776777028 0.1877856175515272 0
0.3264876519564778 0.1811995429112047 0
0.3681869325080607 0.1666088645240316 0
0.3950247412584802 0.1701241943481934 0
0.4078312105419734 0.1831717544447784 0
0.4005750361605734 0.1985472309168783 0
0.4183329521684246 0.1983052175592676 0
0.4240159845093241 0.1786787475299409 0
0.4366767053925383 0.1908715806131451 0
0.4326733822358261 0.2100388920474994 0
0.4494287052231399 0.2035070212082447 0
0.4538657956764935 0.1853559420601397 0
0.4669680817549436 0.1977589686708632 0
0.4712043789086161 0.1798216285168869 0
0.4846017343746332 0.1922599243939889 0
0.4802726694897832 0.2102830816316558 0
0.4981072638420619 0.2048944375263666 0
0.5023678914596746 0.1867525675022745 0
0.5160661565813471 0.1995307629362415 0
0.5204624070142049 0.1814756768753149 0
0.5342372917985176 0.1941409244286463 0
0.5297779050866683 0.2125909392786555 0
0.5481062188130663 0.2071727008253895 0
0.5525239774449985 0.1885077219552725 0
0.5665685307923365 0.201673996460547 0
0.5709677132127519 0.1828579570102652 0
0.5851324452691106 0.196111811646487 0
0.5806659798743148 0.2150201349086903 0
0.5993370033013472 0.2094546599595386 0
0.6038290081851431 0.1904802549123202 0
0.6181068177554052 0.2038179498126083 0
0.6226329129806196 0.1847311366833671 0
0.6369979416500841 0.1981519434901694 0
0.6415070208550403 0.1789400231831994 0
0.6559598324867758 0.1924879519776562 0
0.651391067227059 0.2116584611517492 0
0.670461736973391 0.2060745613918675 0
0.6750153891564432 0.1867118429168479 0
0.6895680641806387 0.2003566262073677 0
0.6941260790653281 0.1809099341485632 0
0.708723118932207 0.1945965100780447 0
0.7041370827450587 0.2140863464738873 0
0.7233344122877076 0.2083217459457029 0
0.7279234083886772 0.1887816802726156 0
0.7425785425525169 0.2025394871680178 0
0.7471692032233732 0.1829431418728624 0
0.7618549969064217 0.1967375983370246 0
0.76645682178523 0.1771048155830783 0
0.7811636727749658 0.1909068242338883 0
0.77654768639324 0.2105623740609436 0
0.7958840783122009 0.2047326473929738 0
0.8005003005125748 0.1850585621476748 0
0.8152404553874514 0.1988974106050521 0
0.8198586257994904 0.1792017092567743 0
0.8346160279113617 0.1930541722706015 0
0.8299832695284393 0.2127639301733602 0
0.8493786555055184 0.2069200017034233 0
0.8540094232309183 0.1871935482006296 0
0.8687888980544367 0.201068743954108 0
0.8734189995327216 0.1813260885393653 0
0.8882097655574754 0.1952111419056139 0
0.8835724801940762 0.2149629691786844 0
0.9030026847854113 0.2091051141838445 0
0.9076421079706036 0.1893452658887087 0
0.9224435886209588 0.2032395622151826 0
0.9270850950619471 0.1834712049703954 0
0.9418929201632645 0.1973731640442935 0
0.9465332027196766 0.1775930046023758 0
0.9613486720586734 0.1915050796544795 0
0.9567050253939182 0.2112849798155259 0
0.9761681144511426 0.2054226679851523 0
0.9808138711827175 0.1856275243285096 0
0.9956375449380725 0.1995489063728039 0
1.000282969135954 0.1797482578144554 0
1.015110697952823 0.1936728009684403 0
1.010462959031182 0.2134765951709355 0
1.029939102304305 0.2076002537198421 0
1.034587656157949 0.1877938826676931 0
1.0494175134352 0.2017243314054508 0
1.054068113214681 0.1819124920216718 0
1.068901122321968 0.1958459715265495 0
1.073551497577201 0.1760291847946855 0
1.088388266358485 0.1899632751846388 0
1.083736642036414 0.2097819645015765 0
1.103226181940444 0.2038992974578216 0
1.107876640511003 0.184080063988787 0
1.122716430640544 0.1980171278827553 0
1.12736692578466 0.1781960504828312 0
1.142208032343103 0.1921343556196948 0
1.137558604848944 0.2119592183849124 0
1.157049817972701 0.2060743810596775 0
1.161701153668414 0.1862504768375459 0
1.176543441518693 0.2001913431046617 0
1.181195209957856 0.1803661843253138 0
1.196038519018591 0.1943071583260152 0
1.191386227203175 0.2141330255534772 0
1.210882143877991 0.2082486366521582 0
1.215534455804598 0.1884228576726162 0
1.230378404245693 0.2023649740822569 0
1.235031136809214 0.1825378461735747 0
1.249875806657004 0.1964807426350959 0
1.25452848502461 0.1766524414902434 0
1.269373976895761 0.1905955470617157 0
1.264721042947861 0.2104242576134329 0
1.284219724993446 0.2045390660535819 0
1.288872388636668 0.184710237926492 0
1.303718551133921 0.1986539919623689 0
1.308371242372404 0.178824748223503 0
1.323217696465837 0.1927687707224422 0
1.318565322574818 0.2125989349289611 0
1.338064365276428 0.2067132081597154 0
1.342717218563218 0.1868832677241027 0
1.35756401507963 0.2008279171139741 0
1.362216978955779 0.1809976559810401 0
1.377064031642185 0.1949423413803803 0
1.372410927403766 0.2147727735360064 0
1.391911147508828 0.2088871528155943 0
1.396564238832411 0.189056740425123 0
1.411411405531487 0.2030017088638445 0
1.416064596874647 0.1831709976672237 0
1.430911968450064 0.1971159770076939 0
1.435565093695546 0.1772851514401679 0
1.450412645714225 0.1912303116279632 0
1.445759406212523 0.2110613675914684 0
1.465260235185497 0.2051755964925198 0
1.469913420984543 0.1853445139073893 0
1.484761108536655 0.1992898410418477 0
1.489414301640786 0.179458657086096 0
1.50426205275307 0.1934040511017068 0
1.499608930920428 0.2132354344790942 0
1.51910983434968 0.2073495078768496 0
1.523763083883278 0.1875181865789222 0
1.538610913526563 0.2014637159095152 0
1.543264171006291 0.1816323033351906 0
1.558112060310633 0.1955778412582248 0
1.55345877410049 0.2154092967786939 0
1.57295996524901 0.2095234087154405 0
1.577613244537496 0.1896919528250222 0
1.592461168768982 0.203637554897972 0
1.597114470185266 0.1838060376869882 0
1.611962434525898 0.1977516418126672 0
1.616615723743308 0.1779200951497702 0
1.631463726143263 0.1918657395744217 0
1.626810414170985 0.2116973333132106 0
1.646311736731368 0.2058114097007591 0
1.650965037989328 0.1859798099252027 0
1.665813068889243 0.1999254889596863 0
1.670466370180744 0.180093868677286 0
1.685314417291163 0.1940395616956802 0
1.680661131752993 0.2138712306496388 0
1.700162471922237 0.2079852722983833 0
1.704815782843103 0.1881536179797838 0
1.719663847122658 0.2020993410740021 0
1.724317162886678 0.1822676659586256 0
1.739165241257289 0.1962133927228007 0
1.734511916960803 0.2160450768089172 0
1.754013285259479 0.2101591193107298 0
1.758666643203969 0.1903274395284604 0
1.773514750443444 0.2042733701542757 0
1.778168184796598 0.1844413452500756 0
1.793016498787805 0.1983875262147837 0
1.797669970627669 0.1785552710524418 0
1.812518440486359 0.1925013361705286 0
1.807864461701552 0.2123343122965221 0
1.827367095667309 0.2064476321717225 0
1.832021139996268 0.1866147153130799 0
1.846870466430651 0.20056267074569 0
1.85152465398003 0.1807280500522455 0
1.866375364729995 0.1946757443460923 0
1.861720646121893 0.2145118526819372 0
1.881226373010572 0.2086244465850056 0
1.885881667829322 0.1887870943084371 0
1.900735475998597 0.2027402056520208 0
1.905393001340371 0.1828977652556107 0
1.920250168513828 0.196855020633152 0
1.924907211241254 0.1770062647951704 0
1.939769624446444 0.1909638218006521 0
1.935109973609115 0.2108170994740284 0
1.954636615025648 0.2049287978810894 0
1.959295148594183 0.1850675165513103 0
1.974166605330474 0.1990383616223243 0
1.978828253796568 0.1791736069455233 0
1.993700671558475 0.19314365890763 0
1.98903838470087 0.2130126317337907 0
1.998362090856447 0.1732761234702345 0
2.008576204712115 0.2071174018443426 0
0.5948228875686511 0.2284675272230262 0
1.876571060216274 0.2284611612671869 0
0.7187294045303919 0.2278575109667576 0
2.003911787617533 0.2269885459596895 0
1.025288084650278 0.2274073552792849 0
1.387257902108904 0.2287176489518602 0
1.206229286625372 0.2280748006082506 0
0.8983614381673443 0.2288675444210151 0
1.56830664953917 0.2293548794174666 0
1.749359953510312 0.2299908052372997 0
2.023455993120648 0.2210922377572375 0
2.018785666745312 0.2409516315811878 0
1.999242380980446 0.2468477448681925 0
0.6268293546588146 0.1667453042782314 0
1.239683240516864 0.1627105296922066 0
1.601767741512125 0.1639745125657616 0
1.782821552928174 0.1646093073028619 0
0.9317112634041278 0.1636901886480952 0
0.7517747863879136 0.1634056396194322 0
1.420717664348941 0.1633403446301907 0
1.910048802120964 0.1630526287857127 0
1.058715798887599 0.1621001941067635 0
1.983488697127297 0.1593122384931505 0
2.003022117522208 0.153410543944152 0
2.03833198484341 0.2350730434792148 0
2.042987322772162 0.2152182015376389 0
2.033666606986269 0.254931555623293 0
2.053208754012327 0.2490610785732837 0
2.048554070775101 0.2689315130184765 0
1.988149479275119 0.1394473984486557 0
2.007681622880677 0.1335468428206893 0
2.068095637323596 0.2630448829302311 0
2.06343851599669 0.2829173273670704 0
2.043892128556602 0.288799162450605 0
2.022556139206873 0.1475136118741136 0
2.027215492510317 0.1276460246501172 0
2.042092384847163 0.1416151603142099 0
2.046753492904816 0.1217431512785114 0
2.061635586510455 0.1357175920122165 0
2.066298525474578 0.115839670529893 0
1.992810004850212 0.119583615870298 0
2.080883410858883 0.1301409567116018 0
2.084506194942523 0.1100798642050159 0
2.082994223385663 0.2770185417803946 0
2.087645610395389 0.2571481789540813 0
2.078327833279331 0.2969040173288679 0
1.973278167793331 0.1254904168999623 0
1.978497523367171 0.1050299653240661 0
1.95850980323609 0.1114263890778713 0
1.997946066900243 0.1005675250356686 0
1.729858579197121 0.2358767607053317 0
1.744706660762893 0.2498225037272768 0
1.725205246910174 0.2557084518121776 0
1.740053338327088 0.2696542009843062 0
1.720551912911613 0.2755401496201901 0
1.735400024340918 0.289485951863754 0
1.754901636357099 0.2835999378621918 0
1.715898584669563 0.2953718585882549 0
1.701050488595079 0.2814260982874661 0
1.696397157221924 0.30125779428183 0
1.681549064788854 0.2873120473097094 0
1.67689573761829 0.3071437325094778 0
1.662047654319879 0.2931979944310469 0
1.657394300338243 0.3130295619853841 0
1.64254631975071 0.2990838507634559 0
1.750248312034171 0.3034319456681744 0
1.769750159577474 0.2975458290049344 0
1.709469085026836 0.1683219447994027 0
1.655618329861161 0.1661481831319058 0
1.548805458389742 0.2352407583870906 0
1.563653355848774 0.2491863635532799 0
1.544152118813961 0.2550722384971683 0
1.559000064327985 0.2690178708017139 0
1.539498786763075 0.2749037496147916 0
1.554346758333295 0.2888494065525763 0
1.534845477417947 0.2947352764281363 0
1.519997514633002 0.2807896238953219 0
1.515344205905468 0.3006211318141239 0
1.500496263091881 0.2866754687695715 0
1.495842960681631 0.3065069534868891 0
1.480995060670402 0.2925613692636642 0
1.47634176995655 0.3123927812073886 0
1.461494195165363 0.2984469244951018 0
1.528416292062685 0.1676867921958473 0
1.367757687406046 0.2346032325589375 0
1.382604773191542 0.2485482159799056 0
1.363104346138947 0.2544337800249508 0
1.377951654893983 0.2683788884811042 0
1.358451039338028 0.2742644663242189 0
1.373298462155995 0.2882096831872617 0
1.35379783346919 0.2940952217677904 0
1.33895044573957 0.2801500263672247 0
1.334297192444567 0.2999806877302404 0
1.31944994494081 0.2860354566402893 0
1.314796758055478 0.3058660316863456 0
1.299949613567706 0.2919211652743877 0
1.295296527462523 0.3117513871222534 0
1.280450851509458 0.2978053052563722 0
1.347369970763226 0.1670530881182422 0
1.474566657103823 0.1655137212153055 0
1.166352058958805 0.1664255873688001 0
1.1867333548196 0.2339590291686385 0
1.201576871420375 0.2479012769731484 0
1.182080018741361 0.253785441908962 0
1.196924496072712 0.2677282374281635 0
1.177426819599966 0.2736124777456793 0
1.192271808576102 0.2875557556663782 0
1.172774051751529 0.2934398384639594 0
1.157929213292884 0.279496635382904 0
1.153276235278447 0.2993236035278563 0
1.138431985707139 0.285380240767902 0
1.133779283501236 0.3052068567959199 0
1.118935542409073 0.2912650073363678 0
1.114283034569855 0.3110901901763662 0
1.099445695925098 0.2971430710505383 0
1.293525303978565 0.1648827871203138 0
1.857065200704944 0.2343478668981029 0
1.871915578438166 0.248297558577825 0
1.85240962490221 0.2541832827005531 0
1.867259768871763 0.2681335053161095 0
1.886766989237494 0.2622473705181046 0
1.88211078526864 0.2820843706755722 0
1.862604808050839 0.2879692766898961 0
1.901619395521268 0.2761979898408796 0
1.896962852411761 0.2960371504151967 0
1.916472609418392 0.2901499754520599 0
1.836674542373549 0.166780682385602 0
1.005811841537421 0.2332833985861417 0
1.02063899042348 0.2472161632886763 0
1.001159420513087 0.2530946456272812 0
1.015990255332001 0.2670271322991206 0
0.9965074186802781 0.2729052342854536 0
1.011339922178502 0.2868405459136691 0
0.9918545478469066 0.2927184975507459 0
0.9770234058838018 0.2787814847678154 0
0.9723708572187444 0.2985945558083128 0
0.9575408291372824 0.2846586482721086 0
0.9528888982843272 0.3044690790919476 0
0.9380603113713125 0.2905358605764945 0
0.9334102033415739 0.3103432004379988 0
0.9185842529677549 0.2964127261463327 0
0.9139353750080701 0.316216675469828 0
0.8991124767097214 0.3022922009127607 0
1.112528077798783 0.1642665458185695 0
0.8586341467750551 0.1674591772646634 0
0.8789271393743059 0.2347236512657882 0
0.9854564740658933 0.1658260000288611 0
0.7912551821531657 0.2243978819911808 0
0.8051043604372851 0.1653587814732133 0
2.076471237261188 0.1497570073882732 0
2.095719773847708 0.144186732956697 0
2.091344894279084 0.1637736769896806 0
0.6995099209821924 0.2336166863322001 0
0.7141128044766202 0.2474103487409059 0
0.6948673938023791 0.2531896707572288 0
0.7095000771062998 0.2669941095705747 0
0.6902214803018674 0.2727782588021068 0
0.7048765464059709 0.2866022087448052 0
0.7241890684481619 0.2808024617364422 0
0.6855682908462212 0.2923876521095646 0
0.6709348094515566 0.2785290092029493 0
0.6662761837921825 0.2981443197467875 0
0.7195555226040128 0.3004563624047155 0
0.73891630505574 0.2946373141632859 0
0.6516559505576931 0.2843167346673477 0
0.6470158915429276 0.3038973278405303 0
0.6324713219688017 0.2903285094865579 0
0.6277982386119145 0.3096772316452527 0
0.6132832572291669 0.2961478291030223 0
0.6808613671669812 0.3120283197859676 0
0.5568356312718011 0.169658505501474 0
0.5761102477288289 0.2340178640030819 0
0.6795392446406011 0.1672470316786321 0
0.5072623123965484 0.1661727330449061 0
1.36864525166883 0.3080405768590952 0
1.094793500705059 0.3169669791981053 0
0.4937494489219538 0.2229260884975893 0
0.4758230089186937 0.2282815237552384 0
0.4893660365474235 0.2411645341906797 0
0.4712508754977952 0.2465094944009734 0
0.4849309026053811 0.2594624583422725 0
0.4667089126486229 0.264824690186663 0
0.4803028648966505 0.2772631776793992 0
0.4620102806688392 0.2822419053860382 0
0.4987207837698016 0.2724229696331622 0
0.4927919956904346 0.2898641683770328 0
0.4485579886399709 0.2700097131256641 0
0.4438416077332574 0.2870932035792566 0
0.4308447298448852 0.2757210550267814 0
0.4262966546789891 0.2931423793013759 0
0.4132911297830232 0.2812152936485118 0
0.4087239458737845 0.2982987166450024 0
0.3958410843177138 0.2859080845062669 0
0.3917297068579633 0.3038804729629047 0
0.3789278594802654 0.291425030849205 0
0.3748317407704538 0.3088684564816672 0
0.3621973798420413 0.2966383622923922 0
0.3579842285443243 0.312924946413485 0
0.3454734211673071 0.3008558944928664 0
0.5124894517244467 0.2854951121566605 0
0.3415793430902915 0.3173600740655553 0
0.3292816392515916 0.3059954814179995 0
0.3484825065590886 0.2857521029312879 0
0.5039648990570849 0.3062247299455766 0
0.4425673992698337 0.3061404922879823 0
0.325531947932166 0.3220235633282635 0
0.3137332442516094 0.3104668131361324 0
0.317336275655401 0.2950916416420287 0
0.3024033481594561 0.2994753721906824 0
0.2986587538204052 0.3146556563363251 0
0.2875706835224206 0.3038087793900047 0
0.2837054117522447 0.3187216369119897 0
0.2729355152789246 0.3078982668519373 0
0.2766692793368263 0.293629397399983 0
0.2624759395520992 0.2975263681111983 0
0.2588045875415629 0.3115508189102914 0
0.248550866029666 0.3013727495208149 0
0.244809822537139 0.3150315658972268 0
0.235409679586531 0.3050092890279775 0
0.2309647225842107 0.3186890108940473 0
0.2208641182979304 0.306432748944066 0
0.2169582258406759 0.3221164096483978 0
0.2067231293363452 0.3120444897741597 0
0.2028303649101143 0.3261233527271666 0
0.1930564421093816 0.3159074535922841 0
0.5265406736414185 0.2991356456940663 0
0.4578395927688702 0.1673750694911791 0
1.275797767671526 0.3176352530919332 0
1.006688712043582 0.3066558004318868 0
2.052148384562885 0.1019412207461581 0
0.609271528209315 0.3149684596005077 0
0.1885306980761546 0.329950224560649 0
0.1786738914437309 0.3195753655871077 0
0.1746261149262617 0.3340862262595407 0
0.1635634355895176 0.3231725748961354 0
0.1683137955730165 0.3068419003949189 0
0.1524352757455584 0.311615294537638 0
0.1484688240725757 0.3268648211292507 0
0.1378260300071336 0.315565186801387 0
0.1416696806591003 0.3007077688416176 0
0.1273599891229439 0.3043235769724491 0
0.131595244580381 0.2898373538204152 0
0.1172276900556383 0.2932786076047836 0
0.1131585038666753 0.307866141896287 0
0.1214112194881484 0.2789609551957407 0
0.1071284386717125 0.2825065835693035 0
0.111472145466791 0.2683298120767129 0
0.09691081183500952 0.2717196252609917 0
0.1013792758519681 0.2573952598722468 0
0.0865692090800903 0.260548325290724 0
0.09125426852920272 0.2461938528154322 0
0.1332225289588638 0.3307363102579547 0
0.4043640987709928 0.3158171799171449 0
1.187619038894064 0.3073837201197195 0
0.08190906125097304 0.2754740275922319 0
0.3292665149047808 0.2197940039486131 0
0.3054757735283174 0.2847709209979022 0
0.2546814589003167 0.3257510012167893 0
0.2926399314328545 0.2279270007181584 0
1.54969344841112 0.308680964815976 0
1.637893055541628 0.3189151670085936 0
2.097883112523703 0.2910031431020886 0
2.093214304073261 0.3108903783017441 0
2.073662106008947 0.3167866060925209 0
0.2661006419357797 0.2838497380309317 0
0.7342615992085726 0.3143293556588507 0
0.7536475437489304 0.3085041095060036 0
1.911815870387717 0.3099895776025203 0
1.931327517293863 0.304102705454971 0
1.89230693006024 0.3158753354811644 0
0.4028441520026926 0.2688125810206827 0
1.456840915364384 0.3182782751803526 0
1.148623019825783 0.3191506699091894 0
1.711245169543975 0.315204046526636 0
0.3706419444464473 0.3253896484724291 0
0.8944641197241983 0.322089550592158 0
0.8796460669675593 0.3081670395602932 0
0.5214848916315381 0.3183201968902198 0
0.5054994184932539 0.3243805638885507 0
0.1991014131503074 0.340819413749871 0
1.76509669720124 0.3173781540460632 0
1.784598910587745 0.3114919219619079 0
0.1965876468120959 0.3025827442870004 0
1.329643882273817 0.3198113651913836 0
1.96374267689801 0.09095735514433825 0
1.943678738771806 0.09743155127686959 0
0.9677142013163564 0.3184087101084465 0
0.2946710620104935 0.3297298326486032 0
1.035467778912329 0.2611486525588698 0
1.216420571755314 0.2618438924325355 0
1.397451900407984 0.2624932836165578 0
1.578501277453673 0.2631319868171065 0
1.774401708553089 0.2777145133843643 0
1.935985822841591 0.2842592469857632 0
1.950844088207674 0.2982154486197929 0
1.946184489408667 0.31806227664311 0
1.965703132812673 0.3121738298649334 0
0.14422025485225 0.2854038187125797 0
0.7582889977536211 0.2888024723287174 0
0.7730336316283428 0.3026731386992988 0
0.7490034097418703 0.3282137209560467 0
0.1056146588079526 0.243193540951595 0
0.09589437154270218 0.2321285831214803 0
0.08141451845866855 0.2349641890287648 0
0.08624676569567638 0.2208995906452036 0
0.2265182322563599 0.3326823672616873 0
1.510690865977008 0.3204526306071935 0
2.110549407261094 0.1577830312361802 0
2.106229926764894 0.1777102027548212 0
2.11533313177702 0.1364923721710335 0
2.088544974179356 0.3307724789687816 0
2.108097751399122 0.3248770923705355 0
0.8749976935719388 0.3279597108515073 0
0.8601837543936052 0.3140418164653432 0
0.07118578109917829 0.2236789918234481 0
0.07629261493710901 0.2092318731509361 0
0.09114005311585285 0.2064093389459326 0
0.08145905595936856 0.195012537178951 0
0.09587349180134597 0.192078669902099 0
0.08652014143957905 0.1811704950118301 0
0.100594326387644 0.1786549611308921 0
0.09144287858454982 0.1677125002799403 0
0.1053116091081225 0.1652611404240459 0
0.09624999019796976 0.1543977050643542 0
0.1101208558329017 0.1518237027402478 0
0.1009815686542906 0.1410686792251871 0
0.114995603039724 0.1384856863967201 0
0.105746899903986 0.127595262636501 0
0.1200431611314888 0.1249824544750413 0
0.1105401932798792 0.1137776773648169 0
0.1252895505650533 0.1111025685978898 0
0.1154789782846961 0.09943841217594168 0
0.1305710107853006 0.09688074234677957 0
0.1002569560718064 0.1023254046688824 0
0.08213727552210559 0.1567558549280615 0
0.1403514565627118 0.1082707972464564 0
0.1461498008051236 0.09461203594888258 0
0.1052428294101243 0.08742720881521236 0
0.1359950638431877 0.08235252372239867 0
0.151408370774461 0.08006625911748544 0
0.161969950256398 0.09200573453213992 0
0.1668877107413473 0.07785100325040863 0
0.1769338472784734 0.08945094147243872 0
0.08938196235715318 0.09039060996379873 0
0.1820422145801126 0.0756218247008533 0
0.1916069703095085 0.08748917748614858 0
0.09180097412415375 0.1297836110412851 0
0.1970076476854355 0.07359631571894179 0
0.2065917166036676 0.08536503504920372 0
0.2122013687357496 0.07222573078066848 0
0.2215420369452683 0.08336034210150982 0
0.2156128056213079 0.09766074154353611 0
0.2302139411013212 0.09502504361930734 0
0.2361471537414654 0.08133375769971901 0
0.2452141906831847 0.09355243541249464 0
0.2512659331046074 0.07953910208718565 0
0.2605367960013718 0.09203414139633945 0
0.2668945596632455 0.07755994739972742 0
0.2763150764676235 0.09039696310918176 0
0.2697711128422209 0.1049828105445847 0
0.285463147843997 0.1031378088878071 0
0.2794213326012153 0.1175302011672923 0
0.2944830704955582 0.1157352186486073 0
0.3011689547852588 0.1014701040317675 0
0.3105647144770957 0.1141866161353814 0
0.3172654346063589 0.09986048708398952 0
0.2881289247565921 0.1298107879675253 0
0.327119552721955 0.1130315984940689 0
0.3338782828452743 0.09835276827462826 0
0.2828332698863508 0.07551015392354458 0
0.3436204081765043 0.1119379535240546 0
0.350721202673934 0.09703507714095012 0
0.3606110312024343 0.1106467037299443 0
0.3678811815402505 0.09541237067687093 0
0.3779068024434368 0.1091993901664319 0
0.3852182211154105 0.09309668825023822 0
0.3954804524152787 0.1076349718877862 0
0.4030946300725232 0.09132189341300435 0
0.4134780986094272 0.1061482572462755 0
0.4211912441669843 0.08889212525442219 0
0.4318207676907924 0.1044573603190282 0
0.4396183327629343 0.08697736043818104 0
0.4504086390901941 0.1028502889867124 0
0.4583586763537264 0.0858008507206502 0
0.4692386574876488 0.1014231111405381 0
0.477300098733668 0.0841330135345036 0
0.488356078992206 0.09986244668905191 0
0.4965067445850392 0.08283573953023775 0
0.5076406194645355 0.09831486259490368 0
0.3429030411762726 0.08393389005265552 0
0.2736412563453581 0.1313637985781014 0
0.2817054237101925 0.1425029915025934 0
0.5158672055567572 0.08112520206849694 0
0.5270767676794441 0.0966485849459298 0
0.5352500434539293 0.07779085348586708 0
0.5466941958236632 0.09502767341043707 0
0.29717715754225 0.1433828417722326 0
0.6422986657275686 0.3235119202432679 0
0.5548954190581082 0.07573674508761385 0
0.5664285996919607 0.09328700203470777 0
0.5747255789139665 0.07439307053105926 0
0.5862543021848766 0.09132112236792816 0
0.5946111792007823 0.07262428698305252 0
0.6061764275908363 0.0895435254428794 0
0.07109108877404183 0.26373903882959 0
0.2806813458656318 0.187738309987478 0
0.1415938729060963 0.06738005996593099 0
1.672275086270398 0.3269723053493864 0
0.06077218355584724 0.2120309479262101 0
1.098574882640095 0.2237173819499371 0
1.279566881812881 0.2243676496454096 0
1.460607005525999 0.2250066325989237 0
1.641658426348366 0.2256430010548484 0
1.569194760428534 0.3027950786356961 0
1.564541433920079 0.3226266865396559 0
1.388146015892716 0.3021549653237929 0
1.383492731441062 0.3219860733282192 0
1.207117402281712 0.3014993158060961 0
1.202464310151579 0.3213282444032635 0
1.026176472462104 0.3007766258999527 0
1.021524312381365 0.3205957920410044 0
0.5410143685869885 0.3125009857153203 0
0.545270167363259 0.2937249731758561 0
0.23828814912968 0.1060185838226773 0
0.09463263595299488 0.07461419114256458 0
0.2388329371278413 0.2927713980651376 0
0.3009873878410897 0.2375392664766693 0
0.2888595933302491 0.2405132913780519 0
0.3376189481916979 0.333864667189141 0
0.1263862729577958 0.2635536841325949 0
0.5777965437222613 0.1094479193821447 0
0.3376169639085382 0.12648757438015 0
0.1443265755443186 0.3424767748925744 0
0.1867142371627271 0.1013547591837249 0
0.0784355627660912 0.07783353642216101 0
0.07262263648636598 0.09411291500645989 0
0.3757510875465431 0.07958616823980827 0
0.8555369882461146 0.3338292456257779 0
0.8407270976524429 0.3199158223492571 0
0.8453672497864421 0.3001362854865286 0
0.0719293408218824 0.1832050289260101 0
0.7295894538368248 0.334040481890142 0
1.54791740578698 0.1618008785144015 0
1.533069469541712 0.147855316789455 0
1.552570674262892 0.1419693973868969 0
1.537722685152281 0.1280238090410366 0
1.557223938516982 0.1221378763771599 0
1.542375936128706 0.1081922800526782 0
1.522874679182081 0.1140782184480417 0
1.561877204880377 0.1023063224648823 0
1.527527929237732 0.09424667025754299 0
1.508026867040175 0.1001332064741688 0
1.576725222934324 0.116251953584321 0
1.581378500944397 0.09642036812402273 0
1.596226546121568 0.1103660322189371 0
1.600879829802144 0.09053440609408626 0
1.615727891967585 0.1044800914788555 0
1.620381183702742 0.08464843660857647 0
1.635229264481329 0.09859414031172868 0
1.639882561836718 0.0787624640291774 0
1.654730539233483 0.09270815238068501 0
1.366869852768014 0.1611673523475378 0
1.35202260971254 0.1472225751139565 0
1.371522833895327 0.1413368423340174 0
1.356675399758563 0.1273919408264257 0
1.376175837931217 0.1215061532997403 0
1.361328344218442 0.1075611908546776 0
1.34182786524583 0.1134470381757477 0
1.380828899303995 0.1016752865349996 0
1.346224067917823 0.09388957147263199 0
1.326938296974811 0.09954786979224295 0
1.728970476405143 0.1624359886620105 0
1.714122389065864 0.148490212336259 0
1.733623814557994 0.1426042239360968 0
1.71877569763621 0.128658423637622 0
1.738277205660374 0.1227724350670014 0
1.723429038366647 0.1088266238145795 0
1.742930552774323 0.1029406288978145 0
1.728082382690981 0.08899482418493916 0
1.747583908918318 0.08310881195069675 0
1.762432151985266 0.09705469558963925 0
1.767085555581551 0.07722274739585804 0
1.781933899318119 0.09116873460007617 0
1.699274271684247 0.1345444601012911 0
1.39567647056753 0.115620400972529 0
1.400329589069578 0.09578939671727187 0
1.415177329136854 0.1097346477570543 0
1.41983044185498 0.08990345959105531 0
1.434678242130079 0.1038488036957968 0
1.439331290846837 0.08401760159083878 0
1.386007527897783 0.08195192175376911 0
1.185846988959741 0.1605407488475607 0
1.171002545472737 0.1465991999091946 0
1.190498992079273 0.1407143284292565 0
1.175653687286786 0.1267721788754339 0
1.195151078669615 0.1208870523245699 0
1.180305535653039 0.1069447272909488 0
1.160808045659238 0.1128299773878839 0
1.200050978491497 0.1018798818348746 0
1.165459888757054 0.09300210655954667 0
1.145965420360501 0.09888839687856602 0
1.856178307651487 0.1608935711829889 0
1.841328107317529 0.1469454246106528 0
1.860831727030076 0.1410575386086788 0
1.845981848453177 0.1271107104464834 0
1.865485951643568 0.1212211953938277 0
1.850635272863574 0.1072773501440593 0
1.870141541385479 0.1013853673071514 0
1.855288252865088 0.08744340744240559 0
1.874795342822696 0.0815494888961099 0
1.214690353615227 0.1151389124326982 0
1.219597368933921 0.09615380033479376 0
1.234204002603661 0.1093033804963794 0
1.238858388680636 0.08948291109024398 0
1.253666051307437 0.1032954439514919 0
1.25830823534189 0.08344153849486975 0
1.221746995723525 0.07438649273160335 0
1.004927777137479 0.1599446805630308 0
0.9900951391210424 0.1460175649197403 0
1.009574993777942 0.1401361671244642 0
0.9947379783618631 0.1262068174082401 0
1.014222184799263 0.1203243727198748 0
0.9993856683951643 0.1063949459381256 0
0.979901504922829 0.1122789307135184 0
1.01886997845989 0.100509617921289 0
0.9845479384224485 0.09246469041568908 0
0.9650628729067315 0.09834904290855227 0
0.9697097360557283 0.07853284481648792 0
0.9502257029739305 0.0844183430749212 0
0.9455796576151398 0.1042329191244079 0
0.9307445567419332 0.09030563641445476 0
0.9261107785973973 0.1101181248856172 0
0.9112702364310633 0.09619279794015045 0
0.9066247300422164 0.1159985577282199 0
0.8918185280471113 0.1021091267938387 0
0.8964405543729064 0.08227635224483028 0
0.8769666097541351 0.08816038146052653 0
0.8723870368541876 0.1080240397948746 0
0.8575127794926063 0.09405788948934736 0
0.8529522330357198 0.1139062264248957 0
0.8380606754039294 0.0999412310363723 0
1.82647752390153 0.133000604980871 0
1.88499047969657 0.1153302962095157 0
0.942729214922285 0.2707015779694124 0
1.033708268797414 0.1144425751714777 0
1.03835707009654 0.09462477651246354 0
1.053197728432512 0.1085608462036986 0
1.05784682092546 0.0887396527845908 0
1.07268878834775 0.1026773139979952 0
1.077333138241941 0.08285246938903344 0
1.565870128806682 0.08326616390270086 0
1.949973651087608 0.2247817661611986 0
1.023516228918508 0.08069017249660752 0
0.6986757445471522 0.1614157613919629 0
0.6840784254469422 0.1477200689607859 0
0.7032533723795555 0.1418812781142195 0
0.6885985343959085 0.1281615131341814 0
0.7078382296869696 0.1223120102213495 0
0.693145925541953 0.1085461325393319 0
0.7124301558365362 0.1026853171796755 0
0.6977044980817869 0.08890015683370439 0
0.6781642698244333 0.0950925913357929 0
0.7170259575942095 0.08302292031570582 0
0.7317676289227619 0.09683825861134433 0
0.6829253475861947 0.07516295557116574 0
0.7363584428149279 0.07716850684304465 0
0.7509997460351446 0.09095899994613021 0
0.6693796501689703 0.1340138322538423 0
0.7333754406182821 0.2416096587870242 0
0.6370192619792145 0.2706283067573427 0
0.7776330686382776 0.2830051776357334 0
1.512680089395474 0.08030118357581491 0
1.290643588094957 0.331581509324766 0
1.271144610023107 0.3374653909142602 0
0.842681654555388 0.08014157098534715 0
0.8232271156299447 0.08602680628029796 0
0.8186471655638027 0.1058769946568183 0
1.907158265030705 0.3298275622667688 0
0.5753931353164956 0.163940716039735 0
0.6146497904797099 0.07107775190353827 0
1.109631568683743 0.3309147186992371 0
0.4238745547815166 0.1205421560367399 0
1.090141066948657 0.3367916230422172 0
0.1099033679774115 0.2295472050793913 0
0.8902788873795442 0.341761079766872 0
1.331326695974447 0.07999775571779394 0
2.068997812122598 0.3366649097744766 0
0.9284154082529352 0.3290286198813707 0
0.4796051116526232 0.1169855690827272 0
0.5168799604657014 0.2671851791362016 0
0.1286706761571713 0.1362785159455853 0
1.887650930041262 0.3357130570755748 0
0.53810266928952 0.1120632336026011 0
0.2413380373313095 0.06629441509053413 0
1.150614529017705 0.07905958173388099 0
0.5362784112538149 0.3317015728180666 0
0.4105649213238827 0.07457092284699481 0
0.06625314367069403 0.2792679655731277 0
0.2923605735201114 0.1840546585683066 0
1.779945319320805 0.3313244540118375 0
1.799447859797804 0.32543833197067 0
1.804100411123281 0.305606492455035 0
1.81894943575088 0.3195535575332995 0
0.7550596764096243 0.07029781247999037 0
1.169124155162112 0.0731039957793007 0
1.659383921494714 0.07287650034733545 0
1.961041937085678 0.3320209951623789 0
1.980562012262102 0.3261337065108704 0
1.985223937449275 0.3062826023233925 0
2.000131597955563 0.3202548908031486 0
1.760443251961768 0.3372105192292708 0
1.94822064259403 0.07771035584497821 0
1.471688526529956 0.3322241685749776 0
1.968142524981064 0.07051877584970351 0
1.452187308161349 0.3381099904976857 0
0.1101311144334686 0.1891881239293468 0
1.607766078543557 0.07012531142947978 0
1.786587424084817 0.07133646262978142 0
0.1283563527445784 0.3465152763393011 0
0.5553867221755816 0.326108070424747 0
0.07755944846906559 0.2912259659022775 0
0.4474246272178836 0.06979397110072533 0
0.8359614255897465 0.3392992497763441 0
0.3877707166097345 0.1236015000355828 0
0.05483958714627549 0.2670813928037887 0
0.26344007295205 0.2236147954552076 0
1.424483483884758 0.07007211085728636 0
0.1400270658547759 0.3588093345391365 0
1.443983940888652 0.06418609966817615 0
0.4358738468241411 0.2581647758665036 0
2.128273590215032 0.170753468417969 0
2.121220616200473 0.1916987972320916 0
2.101639424961589 0.1976068529793074 0
2.11654698348712 0.2116131078394016 0
0.2730701211836797 0.06229855099584697 0
0.2897337940343191 0.06004340647024051 0
0.06133801210390061 0.295338352997286 0
0.07419021642943407 0.3081082951762015 0
0.2683291524978773 0.1438436823599768 0
0.7450279209597113 0.3472232429967125 0
0.7637757478550137 0.3421036132168099 0
0.59044792099153 0.2479428301773636 0
0.9548700886618261 0.06459951474356147 0
1.732735725375685 0.0691630291092792 0
0.626011341332629 0.08790082886283923 0
0.6176704462621653 0.1060589826154802 0
0.6333807815519086 0.06994520349475376 0
0.884303464006776 0.2883348419829466 0
0.1889394502111443 0.06174420972384318 0
0.8780505672842045 0.1615741924713416 0
1.938913477837986 0.1174064765694217 0
1.928707908702229 0.08360049592357188 0
1.104092555048112 0.2773240163577212 0
1.143084646718282 0.2655576443592765 0
1.285102682913009 0.2779764842533449 0
1.324103108991322 0.2662058476914788 0
1.141316138987956 0.1187265559839266 0
1.466147245393082 0.2786158202834442 0
1.322321659938212 0.1193430912912858 0
1.505149572906478 0.2668441861949541 0
1.647199592204931 0.2792522605911558 0
1.686202394128075 0.2674803995309009 0
1.503373596991294 0.1199653457358337 0
1.627698211471615 0.2851382015375743 0
1.44664613610706 0.2845016589704187 0
1.622157031767115 0.2315289936795762 0
1.265603070543792 0.2838618269253688 0
1.584042789703379 0.3167407774444406 0
1.579389465079432 0.3365724126853736 0
1.55988807687529 0.3424583236691245 0
1.713234226994338 0.0750492008698032 0
1.650077091845358 0.1125397418177336 0
1.441105870799912 0.2308927255409573 0
1.777280279886098 0.1110004221792772 0
1.084599099180118 0.2832072472320495 0
1.402993305552169 0.3161002724415348 0
1.398340405319111 0.3359315486511574 0
1.378839326240603 0.3418172923675641 0
1.454179135237072 0.09796303220217545 0
1.449526008314567 0.1177940385910456 0
1.260066851674941 0.230254174036999 0
1.801436014442428 0.08528283839165567 0
1.806089688075778 0.06545011838630641 0
1.221961852024279 0.3154430009834173 0
1.217308511650182 0.3352723934434991 0
1.197810311260691 0.3411576588627984 0
1.312076461211657 0.08562037018708035 0
1.079079732014874 0.2296057414767367 0
1.906272225232252 0.2563624862746464 0
2.037425615202163 0.1614913578561359 0
1.955496412648781 0.2783738834575741 0
0.8212877647591748 0.325505440232673 0
0.8166291384434401 0.3455649765197763 0
1.131124339570364 0.08494988273896659 0
1.135769502895185 0.06511749045724465 0
0.4862174771680622 0.06796126520709446 0
1.041008412488698 0.3147130250286524 0
1.036355286294399 0.3345341291995236 0
1.016868350258836 0.3404170460416693 0
2.103424217111946 0.3447615396533333 0
2.122977624259212 0.3388724004849993 0
2.127657375312258 0.3189773120098599 0
1.062494060941834 0.06891517083680951 0
0.2602677714913033 0.1332900127327827 0
1.08198056038725 0.06302672488533505 0
1.814296891644811 0.3393855694933725 0
1.833799995195676 0.3335067546805576 0
0.746497636876615 0.1106778302106673 0
0.7655312686338479 0.1045420083162555 0
1.995430799429731 0.3400993283392035 0
2.014948451273099 0.3342105045548344 0
0.8816024203493623 0.06835057616132177 0
0.275850656028011 0.1562078710505093 0
1.859943080851684 0.06760489398420362 0
1.717955387330245 0.05544197295998207 0
0.9010778177218213 0.06246134438056551 0
0.1187957756881791 0.1624666327943807 0
0.5504495210060474 0.3446091740055939 0
0.5698022360392723 0.3396829893350721 0
0.5315686205174662 0.3509325590497614 0
0.05638861657737174 0.3120226121922611 0
0.06977751604824796 0.3252599277059369 0
1.771451195495582 0.0564373987634821 0
0.2976857040246431 0.2500007841602632 0
0.3108959420247018 0.2465351721529254 0
0.2849570983407981 0.2534215534551015 0
1.933424525125685 0.06491063552071362 0
0.5237099850650623 0.06483520305749979 0
0.594249790051979 0.3012490236726876 0
0.5715216840672875 0.2532163963163656 0
0.1190754626462254 0.2397531667364421 0
0.7207836525815476 0.06435488288793917 0
0.08385252024989322 0.06203513056936124 0
0.06730260246459059 0.06656264883548525 0
0.1002062359757488 0.05942756929563773 0
0.8272725561189302 0.06685195359042494 0
0.8083031739730355 0.07222138759766376 0
1.644535848714796 0.0589307630872661 0
0.2553546023342377 0.1444346257579297 0
0.2473396971412044 0.1347841783868886 0
1.316725123052378 0.06579116495157815 0
1.902501293549902 0.3496646569949678 0
0.122009822735774 0.2264618742782225 0
1.87944928200863 0.06171326327682857 0
1.104924948051328 0.3514324134921271 0
0.562842146555528 0.05596039443118452 0
0.05534030350458484 0.2267228892545828 0
0.04482287067842673 0.2150460734953296 0
1.336923497213301 0.06204822733971047 0
2.135664101358784 0.2062022950409367 0
2.131378439430912 0.225706986418332 0
0.5612415767968474 0.150666538638111 0
0.32052039301404 0.2800838454783621 0
1.285990406018918 0.3514120406692822 0
0.6029224868123213 0.05379113939351025 0
0.2794862627240191 0.0462867013119261 0
0.6374859038183057 0.1044116321539343 0
0.2756863290029563 0.2431861535619435 0
0.2723807227678051 0.2563694693381768 0
0.9743580003568755 0.05871338782596533 0
0.9595156929131221 0.04477757209357205 0
0.6291749117709404 0.1224874748414737 0
0.1139795479696398 0.2161033597616178 0
0.6093588353358572 0.2424253800516135 0
1.57468150790171 0.3562231111727128 0
1.594228426717053 0.3504879932162535 0
0.7923336648416524 0.2968238220859269 0
0.7969681568166438 0.277192543725783 0
0.6092313469057556 0.1239582513185131 0
0.8936965984049824 0.2486654357691871 0
0.8742366629422575 0.2545222998945912 0
0.2792896350527283 0.2794030543148669 0
1.929562488450958 0.1571589451645256 0
0.9131597842581751 0.2427796721497487 0
2.004789770527275 0.3004123181276188 0
0.9409453956545233 0.1240446144007269 0
0.85948561616443 0.2405878492249787 0
0.8548342315781946 0.260346145865512 0
0.8400661734435638 0.2464411096558256 0
1.837559489056695 0.2402341944025561 0
1.832903757330431 0.260066861968781 0
1.818054774330114 0.2461200792711434 0
1.941525045558058 0.3379038985969877 0
1.710357180271424 0.2417627269604087 0
1.529304270753803 0.2411267040162534 0
1.674231678313711 0.08682212391729831 0
1.698397529725989 0.06114113540211209 0
1.621269015112506 0.1580885207127715 0
1.348257476452565 0.2404891247035533 0
1.513568334407915 0.1537412588509187 0
1.531965072186291 0.07464523840360843 0
1.516451671912851 0.06140801802517303 0
1.497685112471299 0.06651190654936577 0
1.535647515093406 0.05375105487919712 0
1.16723735685588 0.2398445798842415 0
1.588695956078245 0.2969092391402218 0
1.332522638344777 0.1531084059500374 0
1.753125227605726 0.1367182193494414 0
1.764207506349377 0.2439364119786943 0
1.305490612607667 0.3455268814102424 0
0.9863392999259979 0.239150051816068 0
1.259182196815968 0.156826783943854 0
1.440218491388476 0.1574547929767721 0
1.151507453111277 0.1524845588703341 0
1.407646194613267 0.2962695491578268 0
1.273148781437146 0.09736038965153589 0
1.297268047421412 0.071636341298299 0
1.268496996638781 0.11718823822155 0
1.124464726840586 0.3449736244685206 0
1.078205917772581 0.1562236024703407 0
1.226613183228057 0.2956157863418477 0
1.092170051289912 0.09678228316530994 0
0.9706235405429294 0.1519013711834561 0
1.813400552329943 0.2659492777950093 0
2.071843155864597 0.1696069604749921 0
1.823599007972547 0.2997249687337141 0
1.914703848374054 0.1432079326815804 0
1.872801504624303 0.3217621912055803 0
1.868145716589958 0.3415989782951728 0
0.7628913804088001 0.2691358084779656 0
1.087528310021572 0.1166105852139359 0
0.8455376784583059 0.0619420163630308 0
2.054137852342548 0.3226887277512797 0
2.049459656018037 0.3425567296074306 0
0.5574155996885517 0.2395714869917141 0
0.6803853027451161 0.2392305870270378 0
1.04565298938121 0.2949012769835043 0
0.8244724419826988 0.159489765110046 0
0.8096942856065367 0.1456494383740479 0
1.940640033989904 0.264423329859832 0
0.7903645351952895 0.1516207475612041 0
1.960157674499813 0.2585583139580474 0
1.989886439991362 0.2864516438879607 0
0.4577418656277851 0.2336416436566342 0
2.096962129252077 0.2174992428621864 0
2.082072950080814 0.203505184772155 0
1.212282591549362 0.3550148926925998 0
1.232157287593418 0.3492176103814193 0
0.7225239456851509 0.1360761818327746 0
0.7262561845019613 0.3559134630907287 0
0.7104011707659568 0.3402177797092525 0
0.7054775771811439 0.3595926917064901 0
0.690779718784688 0.3457387841530651 0
0.544056187808339 0.1570619492369243 0
0.7719144527742966 0.2301428566609897 0
0.8355065838459985 0.2661548375479322 0
0.7610325689031372 0.1243989283046945 0
1.031162387089322 0.3542309143877759 0
1.051205967994045 0.3484769626912544 0
1.775291643200119 0.351156790796852 0
0.4748992941046071 0.1623191078734245 0
0.4618845474647815 0.1499165374465116 0
0.4444496692903873 0.1550947622005285 0
0.7949284620142123 0.1317883249378022 0
0.9400586837805804 0.05077573588859022 0
0.5073032874865947 0.2359226562947473 0
1.267170666958779 0.3565707158511452 0
1.956380438223264 0.351864409876932 0
0.321471643022624 0.3381010349797844 0
0.333487306791686 0.350600022422588 0
0.3171463011956491 0.3544933885931236 0
0.329427582573672 0.3678821460019936 0
0.8501574352619484 0.3551308267533737 0
0.7874712534243066 0.3167041246529804 0
1.467035174587838 0.3520557039794386 0
1.486416966044695 0.345774210235805 0
0.8206948599135809 0.2521082577449259 0
1.08562567963243 0.3568249121707817 0
1.8295013765272 0.3531911786935469 0
1.812504687707199 0.3591426635549602 0
0.7598189035200263 0.3603939762799564 0
0.7785674911089289 0.3560181059999841 0
0.1174978072389713 0.3344542545659187 0
0.111888447290008 0.3505354661019213 0
0.2794500814326489 0.3340057438521887 0
0.04986580718120432 0.1991623090170856 0
0.346685055615958 0.3629380722006063 0
0.1566605922722173 0.3542876924616945 0
2.142886282334004 0.3328742829044232 0
2.137907787064667 0.352823971357363 0
0.3085385034813077 0.08698728076985812 0
1.664105817923376 0.05327278871448665 0
0.2629247157150929 0.04892382187371534 0
2.01027604099424 0.3539893548724513 0
1.990653489743497 0.360244464788347 0
1.648151657626815 0.03663852895229918 0
2.147372487718913 0.3129902989066911 0
2.132357220512463 0.2990617262917817 0
0.1009334227109108 0.3369708923969193 0
0.09485761901468147 0.3547315802083101 0
0.812098783851476 0.0533150529494273 0
0.7934394652529706 0.05834857753164611 0
1.755909013383854 0.3568885900130004 0
1.740961312567784 0.3430708859629116 0
0.5529043190854827 0.2582111740518795 0
0.2637140641037745 0.2481920996896771 0
0.2605737418760066 0.2601652477305788 0
0.05146936912769871 0.3291924643001914 0
0.06409963406379043 0.3424487858265728 0
1.301654274182752 0.05208426397487029 0
1.282388565762938 0.05772349357808165 0
1.287090202935872 0.03783604008441321 0
0.2907876337079466 0.3454610595507682 0
0.2748245888371661 0.3500754216290589 0
1.937114535272875 0.3574795614578888 0
0.8866436526964909 0.04862831646854284 0
0.5810499718998726 0.1452068963399468 0
1.865185915617138 0.04860448299222567 0
1.846060908928123 0.05313211323080667 0
1.447805008213614 0.3576528885769794 0
0.5854043211419236 0.2679430248000565 0
1.392812436680791 0.3566037804194131 0
0.5615683850227341 0.3582390924583942 0
0.5805301546752613 0.3565840215736902 0
1.373916170844002 0.3614403065236199 0
1.359293467242431 0.3476680408133384 0
0.0465207194585754 0.3464824679702675 0
0.03309781836240582 0.2045898534616235 0
0.1311047458142811 0.2346681372877133 0
0.6860407510803634 0.3654606710018506 0
0.6713219032875173 0.3515229226710291 0
2.064264048570396 0.3563095318486597 0
2.044718546815404 0.3621608580721586 0
0.2969938969595708 0.044504913448237 0
0.3072427552592319 0.05818426836284057 0
0.08830345430730223 0.045830779731798 0
0.7890191521513882 0.0781323411376733 0
0.863261961573351 0.1476980725858746 0
0.05886595189647499 0.3605131834153777 0
1.501413078333614 0.04847412715690627 0
1.482983746769089 0.05240978628182616 0
0.9084585854409918 0.2626347193404753 0
0.6459750278363885 0.1576568235539254 0
0.82902355228403 0.1397101503857127 0
1.089254836539622 0.2633808218565985 0
1.10874723583415 0.2574970625197322 0
1.894301244954958 0.07564796450183835 0
1.898948919678091 0.05581720986692842 0
0.8826830651771855 0.1418172839827223 0
1.270256986419093 0.2640312757469523 0
1.289756349335426 0.2581458127596025 0
1.802323145547371 0.158722596685519 0
1.451299618044054 0.26467016988293 0
1.470800616065226 0.2587843162381162 0
1.478307216907803 0.0722695953157852 0
1.632351581071285 0.2653065100833308 0
1.651852926040753 0.2594205853419018 0
1.675119666354293 0.1602622293820883 0
1.567418597316943 0.1559149694532383 0
1.612850247577711 0.2711922479241198 0
1.603543937831338 0.3108550468241914 0
1.591573181064658 0.1301975674552757 0
1.386369999106764 0.1552816123576011 0
1.660271629663537 0.1463165726836768 0
1.431798759907958 0.2705551104005071 0
1.422493084905361 0.3102160148754227 0
1.410523830636923 0.1295653936877284 0
1.432731509986922 0.3439460748111098 0
1.787474682004639 0.1447773034293698 0
1.469027112076956 0.1119083488396041 0
1.46437366927164 0.1317394826027646 0
1.205342657072028 0.1546559572133142 0
1.250758208718215 0.2699126820327849 0
1.79855298353167 0.252000823984273 0
1.820937754575524 0.07939661888629591 0
1.241455896903087 0.309564615045085 0
1.875682901749721 0.1550016811273067 0
1.229502529397837 0.1289729187475485 0
1.81628230800072 0.09922771699342638 0
1.287993231639135 0.1112908099816323 0
1.283340432673465 0.131120706167441 0
1.024404696472565 0.1540631106563245 0
1.069765245300404 0.2692470645429415 0
0.2834544535116786 0.1763718295358411 0
0.2950714502984143 0.1719911764519434 0
0.2722031871251046 0.1806005845340863 0
1.060477574152974 0.3088601015245098 0
1.93044576766629 0.2306646717318224 0
1.048541443945961 0.1283738354785473 0
0.8974868225089485 0.1557065555140115 0
1.107009645068397 0.110714159468949 0
1.102351609066756 0.1305373424354386 0
1.116281230739367 0.07103101221514903 0
1.120923977072591 0.0512256731097212 0
2.009422703395007 0.2806087610637173 0
2.077396630037593 0.2233844943047144 0
0.2952135233142911 0.2621314623872398 0
0.2867682397764394 0.3619853863881401 0
0.2700074363207893 0.3666340909126469 0
0.2580233691378756 0.3543624131949759 0
0.8115323557245008 0.2913925603877999 0
0.7866240480994053 0.243968322044588 0
0.5942500181085564 0.1587253019725118 0
1.429339817183417 0.05091433604156274 0
1.409820270211006 0.05627442398251653 0
1.448116079770948 0.0460337292753254 0
0.5391097713800129 0.2443241304623988 0
0.4482425391847619 0.1370726276869844 0
0.1520880385885121 0.3708096414325674 0
0.169152645686187 0.3654509794724483 0
2.151191558966773 0.2931051007966712 0
2.136998297240783 0.2791526583420682 0
1.011909788251516 0.3595112885922664 0
0.9973246203180297 0.3461763259485535 0
0.9924461374417662 0.3652720231931384 0
0.9778256274758246 0.3520166091494411 0
1.428285143991527 0.3636778998135051 0
1.737389048152723 0.04933125157599405 0
1.703603593403493 0.04283980948296668 0
1.192873473159255 0.3602407822409855 0
1.178263516004848 0.3469179712784478 0
1.173380596283052 0.3659950067685639 0
1.158758403873629 0.3527571527791582 0
1.736404958580263 0.3621200581426667 0
1.721462601075842 0.3488436203095353 0
0.2519962085411477 0.1235390070997686 0
1.554968138853605 0.3614067467139701 0
1.540342258425818 0.3481970197805352 0
0.9052615257385921 0.04184305939995542 0
0.2398674699989219 0.124656357291258 0
1.629150276601648 0.04559906213945897 0
1.268428704752929 0.04410536982028681 0
0.1260479778266426 0.06993842620577377 0
0.13159253993517 0.05437599363398682 0
0.1480889816663809 0.05181223559864578 0
0.1375055174519867 0.03830054431058121 0
1.067366268545452 0.04983113042011244 0
1.047685897542243 0.05509950207569489 0
1.086639398850782 0.04320140062434821 0
2.150177850712612 0.2196267732613723 0
2.146194188406408 0.2395770935580643 0
2.126707754965568 0.2454682388018428 0
2.155111182838542 0.1978366607941993 0
0.3043176436989546 0.1802917765101845 0
0.307415040951764 0.1675473308149998 0
0.6638473731656255 0.08123581500658286 0
0.6687474430730441 0.0614766093953909 0
0.6873022899656382 0.05579918882109744 0
0.6729091805464901 0.04169474736744799 0
0.6541103181317637 0.04765668951103769 0
0.1245856802382241 0.2147375813687236 0
0.2861995155336347 0.02976403084378653 0
0.254123975542854 0.3725775828519883 0
0.241511606697782 0.3583385983994181 0
2.15497022194901 0.2731031957461639 0
0.1354876972354066 0.3754128439514985 0
1.154619771343385 0.3721874691473389 0
0.03859408397459549 0.3158703501871433 0
0.4808987736515726 0.1466643734177556 0
0.2524700086528969 0.2520875148526611 0
0.2490272866169083 0.262997228544775 0
0.2397602310067791 0.2548662848418154 0
0.2374796469771437 0.2660377402625793 0
0.2456146027564558 0.2736004894674913 0
1.536467639945766 0.3683411669299566 0
1.51991836302538 0.3573106631171312 0
1.301399786772071 0.3638135015386359 0
1.32019788846297 0.3584410090251207 0
1.140420312058426 0.04528782890668123 0
1.119821974869022 0.364686675386285 0
0.8915198882674183 0.03047441671018905 0
0.1188966203916027 0.03864975271629261 0
0.1179065868673408 0.2047765550239181 0
1.025280090534865 0.3746310608921786 0
0.06036367942800988 0.2518082013201536 0
0.04342824814312115 0.254703307000359 0
0.0378604305523549 0.2710590505768757 0
0.2551166691717375 0.1827711650128955 0
0.2459782494354073 0.163853932958693 0
0.256875673256957 0.1641932115982585 0
0.2395123324449889 0.1558656392680571 0
0.1717703888224747 0.2510619132678998 0
0.17364842989158 0.2616437281908809 0
0.1838672443829687 0.2665884868609502 0
0.1752492323172666 0.2732401208783222 0
0.162768302235999 0.2570856031563582 0
0.1529876841515506 0.2483547732387938 0
0.1507550873576996 0.2596211386256166 0
0.1854216214093679 0.2780002431681597 0
0.1946066286229116 0.2709276036849985 0
0.1758894202428093 0.2850231863753697 0
0.1421037265009189 0.2517478141667286 0
0.1963657128632289 0.2822267116832766 0
0.207086761839816 0.2749186360855712 0
0.2077052907069103 0.2868085760976608 0
0.2157770455814669 0.2820883200745546 0
0.1581716060122141 0.2691945257461663 0
0.0897627117010469 0.3029308572977311 0
0.3148137625710886 0.04253375772397824 0
0.3254250047549797 0.05598879440412047 0
0.333065804456029 0.04069274546409764 0
0.3438191184893976 0.05424129985984761 0
0.3512820804303485 0.03798279105186855 0
0.3612293770541431 0.05194480097746385 0
0.1538929528401605 0.1626680707481394 0
0.1536093175018087 0.1510741492201216 0
0.1626682690494685 0.1442729557428319 0
0.1443431182730727 0.1554710476435187 0
0.1522189442192673 0.1398966428155903 0
0.1614822121432629 0.1328145229260793 0
0.1495421389634884 0.1283022735792025 0
0.1595333324420138 0.120736657052003 0
0.1708397419053295 0.1256533063445548 0
0.1685516580275301 0.1147874134883937 0
0.1811751922361881 0.1173757871874661 0
0.2287780948306594 0.2508792082772418 0
0.2057092798035589 0.2579672907416463 0
1.716632982044689 0.3667427598072949 0
1.701938211146999 0.3548686836838886 0
0.1450169961510248 0.2165679093474446 0
0.1942750082257673 0.1424145593815457 0
0.1997010032489528 0.132811617708909 0
0.2110210955009686 0.1323676604522246 0
0.2043453114774179 0.1224793920292631 0
0.2167493997715778 0.1221317571906905 0
0.222651361806702 0.1327392401911327 0
0.1873371103959829 0.1348342044036212 0
0.1429219157510207 0.1833193604528906 0
0.1378681344801339 0.1726277775673079 0
0.1329071077991815 0.1807292461871939 0
0.1421862156028624 0.1950276655581722 0
0.1537084683212932 0.03531552678252906 0
0.1638818005586601 0.05007206773091993 0
0.2327063675246921 0.2743753117665222 0
0.2251754144956692 0.2659254088112686 0
0.574479623225617 0.320386161168786 0
0.03868664565577815 0.1852968252380452 0
0.3109779829273829 0.3748865363978854 0
0.5656586427008748 0.1309684704822092 0
0.1339270364706707 0.2005161038317591 0
1.481056629738937 0.3656230803951968 0
0.2590291225077494 0.1939853756828049 0
0.2653852128025894 0.3839932729258012 0
0.1068209880149211 0.366629547897904 0
0.08786389132834997 0.3738552474889594 0
0.166206683147125 0.2779639872138768 0
0.02609909950532214 0.2574801615712068 0
1.414288527602402 0.03629512951585463 0
1.393946959060272 0.04212471507130511 0
1.376339314763247 0.02986982041932569 0
1.37553351074486 0.05003116501747392 0
0.251369946657411 0.2274578086284908 0
0.03797688546365991 0.3647452990368258 0
0.4304572636904792 0.1439768398498378 0
0.7014559224567294 0.3788510376495546 0
2.157434177803094 0.3469799476168291 0
2.152678272092906 0.366975629069225 0
2.165967826263401 0.2337263569432448 0
0.620458924634759 0.1391775051574019 0
1.052296781810996 0.03514801633276734 0
0.1457103539552401 0.2427141416409214 0
0.2603511390736193 0.2333715032486234 0
1.35468467266086 0.367534328405331 0
0.1468779980203554 0.2720931359967158 0
1.033112498399223 0.04229926548843291 0
1.206699053347507 0.3753686842649049 0
0.1270802339660524 0.2487488610529703 0
0.2180935664343345 0.2924801521193869 0
0.7980954762961141 0.03799117319311907 0
0.7786095736214147 0.04230159951108132 0
1.951729612760617 0.3722321980623425 0
0.7635461974792916 0.02833311813854909 0
0.7597048534619066 0.04877602872100292 0
0.3253468001540083 0.386244316482385 0
0.6519928622297021 0.1225748750305818 0
0.2170898636907178 0.1429932420941019 0
1.171443409584141 0.388515733762919 0
0.2693325758172997 0.2696176871468492 0
1.772852198396151 0.3735265384071456 0
0.3402133230271576 0.02391765931689586 0
0.1942102791022356 0.259533686391284 0
0.3086116018755197 0.2688198569668121 0
0.324359067703797 0.2650644404691054 0
0.2488660024701705 0.3413211395122053 0
0.1660344770576861 0.2906020209101925 0
1.590570095083801 0.3731015360737637 0
1.609085617719295 0.3644639069509831 0
1.613737264890452 0.3446272939869008 0
1.628586689858163 0.3585772315462585 0
1.623933706985802 0.3784096763722901 0
1.643983991283844 0.3733295476669188 0
1.648272774397959 0.3528492865233239 0
1.663775599959576 0.3678311587040295 0
1.680302662014692 0.380829479794259 0
0.03887008262868469 0.2311691166203756 0
0.01767978387048207 0.2745362142752524 0
0.2975172090973047 0.1586462829417621 0
0.309903095295902 0.1531405613516628 0
0.3113961609953695 0.1390345892950625 0
0.322250317549828 0.1466686912812203 0
0.3215985793287591 0.1648296161393652 0
0.3372399176218905 0.1554617788097399 0
0.2709710114172261 0.2316909364339323 0
0.1141280525673379 0.1749685460486007 0
0.201471359853199 0.09917496951323797 0
0.1953757289656349 0.1121227877736125 0
0.2094592966845606 0.1108122855832144 0
0.2244167412720273 0.1097042061079581 0
0.2704374928444788 0.1914547683343045 0
0.1770370150224385 0.2967425349414987 0
0.9790073803664159 0.0388908210885724 0
0.9937845914508762 0.0529956975484562 0
0.9637912310659467 0.02616798078170656 0
0.2130113008487209 0.2657330376459112 0
0.156952103993461 0.1070198637191263 0
0.25159500187463 0.2865673553855938 0
0.1472999593450174 0.3877388917510052 0
0.1236317096696329 0.1492401905549821 0
0.1362908371377693 0.1470790441906397 0
0.1330569673248032 0.1607636122319543 0
0.01658182664385026 0.2139702320919734 0
0.05435466207493871 0.3787427810307609 0
0.6576153515735937 0.1025715841815464 0
0.13827013922805 0.2252797712163106 0
0.1727650311623676 0.1489677486999604 0
0.1740563676308493 0.136941870487909 0
0.1352621929752414 0.2752913316149741 0
0.09206989493480484 0.3925915457236886 0
0.1935610936448258 0.01710776265543453 0
0.203540322201982 0.03359576724410723 0
0.2220988060356283 0.03408603933195305 0
0.212237942957272 0.04806399464998565 0
0.2295682535139326 0.05227804644031333 0
0.2400700028327019 0.03512945827663203 0
0.1866567748471741 0.03339439544939666 0
0.3352402788804838 0.2752648877943087 0
0.33819330660046 0.2603089112003825 0
0.3260182374733634 0.2497602094716946 0
0.3410809895670176 0.245234559855404 0
0.352800776069622 0.255414626496126 0
0.3556764969352009 0.2403918863846642 0
0.3677059859208481 0.2503213027362614 0
0.3706963300672801 0.2350297436282348 0
0.3830501234428034 0.2452502763408916 0
0.3863248634018015 0.2293353853889414 0
0.3988952369906941 0.2399277155380144 0
0.3659308136319565 0.2653499836910658 0
0.4025845936856568 0.2245010973517199 0
0.4151472658721901 0.2348922638910873 0
0.3433821794483246 0.2302235542797061 0
0.3893516908460474 0.2127344198333251 0
0.4092557449672232 0.2516450720274662 0
0.2334560375215366 0.1371884147402499 0
0.1432806735511276 0.02124078548677368 0
0.2536605476137639 0.1080295964626646 0
0.1004213439291001 0.2178468517105038 0
0.1361845239074753 0.1231171933120187 0
0.2904933593624736 0.2894874978335656 0
0.6663024185248569 0.3713714471548942 0
0.6518377946571079 0.3573439913328015 0
0.6472071428576014 0.376624918742923 0
0.6329908558728683 0.3624800596995115 0
0.3517078357923541 0.06801368839294947 0
0.37680517376245 0.3929821489638795 0
0.3868601235593361 0.3757108311538977 0
0.4063662449742735 0.3753516635598074 0
0.3965296231741661 0.3587948559860425 0
0.4156588555785455 0.3585057961509248 0
0.3779023436783118 0.358803021951573 0
0.4070313760077614 0.3429548873757923 0
0.4254369055324335 0.3421516847783565 0
0.4349209671669061 0.3581890411310606 0
0.4442370355743553 0.3413868966772116 0
0.4541663498337599 0.3578479041822264 0
0.4635266015732005 0.3408639441950551 0
0.473543602374226 0.3575041128908601 0
0.4819384136522118 0.3402509896917627 0
0.4719277054482234 0.3234131583971824 0
0.4936124029512697 0.3572494988418087 0
0.4647519450040179 0.3747297203915482 0
0.4167880318339033 0.392501530709555 0
0.3830364402869755 0.2734373650381896 0
0.3973905858096261 0.01739718854680191 0
0.4072747867687976 0.03439902043110172 0
0.4269298900829695 0.03455873186236302 0
0.4153478843311076 0.05432865964761795 0
0.3953505734348882 0.04957569768582073 0
0.4364717023447697 0.05210028237306705 0
0.4471538337557879 0.03474913459209365 0
0.4556425567263692 0.0521551225106768 0
0.01737986562422039 0.09242767180615162 0
0.03421839529703414 0.102354272273089 0
0.0347007231548851 0.1212085496721195 0
0.05014348031050157 0.112373740907316 0
0.05094840165916746 0.1301795244080408 0
0.03545794518998784 0.1394841179036475 0
0.05110091718605671 0.1479935656125253 0
0.06564473162290127 0.1221498537142135 0
0.03825242271046802 0.1548266495042914 0
0.04933819242825964 0.1673879219170432 0
0.05295782901648059 0.0935232704386189 0
0.06434013971927074 0.1388429328896364 0
1.358992648813019 0.03829411376159601 0
1.339550918995002 0.03161399397533721 0
0.02041683804970663 0.154111549276458 0
0.1154157374193611 0.2539114775260399 0
0.0917137186474309 0.01636112843435067 0
0.3640280107467397 0.3746051038405472 0
0.0195339377446177 0.3176105295993634 0
0.4527233487651153 0.2520429745634882 0
0.4407537953541074 0.2400505181855972 0
0.3874909615209197 0.03417209146805091 0
0.2633277083703532 0.174398153137878 0
0.4269347635534004 0.1603166745021692 0
0.4137174289729108 0.1481491247992449 0
0.2335140613294628 0.01721101800008484 0
0.2669982935691733 0.1641650666884488 0
0.214361073985376 0.3927736726538995 0
0.2240815589573077 0.3758152496864339 0
0.2053339443393278 0.3760432282093736 0
0.2143292755877086 0.361417899446616 0
0.1975456414075313 0.358153255303524 0
0.1857167387151003 0.3754482828844018 0
0.9732224824542122 0.3720023200090813 0
0.9590308021839646 0.3573447452007821 0
0.9893604307464725 0.3879607736296425 0
1.3569442748321 0.05793947665472646 0
0.1266092940410131 0.1722144317479332 0
0.03461652072058724 0.0828861566230049 0
0.03518522798655084 0.06207245962608478 0
0.01766845713743078 0.05150168634118038 0
0.03526138959427873 0.0408470783432543 0
0.03322581361835073 0.0186714676514515 0
0.05238544193417446 0.0300117619924186 0
0.1053639572733177 0.2019930327093972 0
0.1224663066365708 0.1938919496306497 0
0.3871239355248378 0.3409620733905371 0
0.6928238695824904 0.03751399681800759 0
0.67851549525124 0.02030755498153888 0
0.7132890309921867 0.0348053232648679 0
0.4785681688089255 0.01748290759220955 0
0.4878581948169803 0.03490472435286589 0
0.5088867093844394 0.03421963563418864 0
0.4668446865236882 0.03484008773258317 0
0.5993506449705954 0.2824062974321869 0
0.5804112781973494 0.2867819280280297 0
0.6044207516548545 0.262310043042524 0
0.08233381628356842 0.3385725248672498 0
0.09023858120240644 0.3215828550920863 0
0.6374450075362869 0.3432135856936481 0
0.6180824065955446 0.3492116916495018 0
0.6138178056998768 0.3723264306435644 0
0.5668534604358996 0.2719102615502356 0
0.5193766475661001 0.01748469652168504 0
0.5300497594766648 0.0344081484338824 0
0.5500540872578098 0.03511664321700584 0
0.434063806206158 0.3252981988049983 0
0.6234410475503264 0.2561976467622427 0
0.628023160469684 0.2364711403887609 0
0.6423156469120084 0.250224457348633 0
0.6565007312016119 0.2645079438926474 0
0.05491431581022705 0.0523799072819205 0
0.07031669745729854 0.03829039129826618 0
0.01773035762335187 0.3587901197600153 0
2.17129615766482 0.3612271606168622 0
2.163435992690592 0.3264700744129512 0
0.1536413824363648 0.2368713469498875 0
0.8022304415565333 0.3315734841326913 0
0.8501956455870099 0.2800953227363224 0
0.3725355219986708 0.2198280583322341 0
1.125184624930872 0.03248237912882885 0
0.498183808018851 0.3922460525869695 0
0.6830753781858711 0.3890556693345599 0
0.3704624617680764 0.124879689123338 0
0.3800995274442459 0.1387904998887037 0
0.362989691872703 0.139744042422098 0
0.3993080207070519 0.1395495583749125 0
0.3893977149390386 0.1536275472519686 0
0.3534451584849922 0.1262528093105423 0
0.3461843159660731 0.1413805515754707 0
0.356110071233565 0.1568671369904194 0
0.346570184623486 0.170229420542157 0
0.4053432536122767 0.1225680925398705 0
0.4534374323851537 0.3242964139961496 0
0.4634516623450565 0.3080865167223112 0
0.4819274915320021 0.3067461455798729 0
0.5977593729182291 0.1077582916300806 0
0.5886947963279394 0.1263597767791337 0
0.5582040540119536 0.1130233447999985 0
0.4185032625707681 0.2179386029741555 0
0.4448832327390342 0.2219416627755232 0
0.67613010244353 0.3317562991022916 0
0.5192696901450572 0.3923944845489606 0
0.5081338446564797 0.3747106169993163 0
0.5294063103049853 0.3715469570320346 0
0.5509642164818004 0.3751936924091426 0
0.4593989001595238 0.1186497726930266 0
0.8678667073848163 0.1279048597503427 0
0.5603436685685952 0.3928634842965066 0
0.9020957917931207 0.1359055612807969 0
0.640069277127694 0.1389167412779397 0
0.8053369371311947 0.01809626004776436 0
0.5187631945067153 0.11417240541739 0
0.5306092413082137 0.1302055897109563 0
0.5108909871393587 0.1315821248113972 0
0.5193855748966894 0.1477049634584021 0
0.5012555577276969 0.1482153174857627 0
0.4996726464085606 0.1155305867857838 0
0.6757277788788767 0.2587732546892604 0
0.8253371976351918 0.2324609860382617 0
1.272254917814372 0.02295414023218576 0
1.934224579187368 0.1373024697036805 0
1.949080472041899 0.1512641790138239 0
1.919360835550021 0.1233534460250116 0
1.924051978446423 0.1034650449267018 0
0.3297721478532662 0.2354346956040861 0
0.3182049969985939 0.2281854517465653 0
0.8038188615292375 0.09191418413071874 0
0.7991602165717612 0.111684838916428 0
2.182334288482149 0.05137856673135294 0
2.164536487515112 0.06149905086129972 0
2.164504256385682 0.08195837962558447 0
2.146797048467517 0.07170546227079309 0
2.146770866758958 0.09216604060338122 0
2.129070922036617 0.08191878469982823 0
2.129092566323106 0.06146948933700741 0
2.111921133603138 0.07074816332710564 0
2.11142089310938 0.05115873323845417 0
2.094339145529525 0.06034727522769138 0
2.12906044215628 0.1023429831293999 0
2.146778009016025 0.1126432569343787 0
2.093924720465119 0.04098167460016949 0
2.076040184258223 0.0512242907145822 0
2.077865711524078 0.073773099350164 0
2.058359080536595 0.06140985467234699 0
2.058061991928412 0.03794793689543782 0
2.040706651444185 0.05119036088369208 0
2.040352401464218 0.07101083333245058 0
2.022978902741842 0.06127327511955694 0
2.020975311755089 0.07932254376794384 0
2.004453413861381 0.0702608892242309 0
2.005226266577238 0.05092636190340271 0
2.129058473715732 0.04037670526042442 0
1.986890423046531 0.06099097282820858 0
1.987232853663214 0.04047399462495208 0
2.005404938594169 0.03077354802074709 0
1.968078954979258 0.03059152760359962 0
1.969640428935651 0.05091674223910551 0
1.951481332522803 0.04066637167976849 0
1.931073158638515 0.03377673195336365 0
1.986123417600094 0.08314039706851073 0
2.182242023219452 0.09222257623965359 0
2.182242418306302 0.1127318628733541 0
2.164501045998522 0.1229638024489224 0
2.16450516066247 0.143485712715094 0
2.147352796540761 0.1321029208611919 0
2.145224946802285 0.1534114085101422 0
2.164625720748602 0.04115949778896375 0
2.1666996449283 0.01890913715980758 0
2.146825488173687 0.03077757617087242 0
2.110751418870472 0.03070588396171182 0
2.09125078637828 0.01968875678387213 0
1.074424205385017 0.2494207943793337 0
2.029900305295171 0.3483769165971423 0
2.02466373946226 0.3667498429254896 0
2.037095040126241 0.3787928452651078 0
0.7232445168832092 0.01805476122320686 0
0.7327024699887202 0.03496928748538925 0
1.953769646311314 0.1313751191967147 0
0.8261249117959373 0.305609431410782 0
0.9279370292379856 0.2567396130007462 0
0.9326041876845359 0.2369232190986328 0
0.9473996191695988 0.2508732302895489 0
0.9621931250674995 0.264835047451372 0
0.864871274989079 0.2941664892426738 0
0.543654922366173 0.2258240464792671 0
2.146822630823959 0.05116463028156013 0
2.034616737443184 0.3284994081953012 0
2.019829716269319 0.3144220610218533 0
2.109751039994078 0.09093533295854433 0
2.112485907987094 0.1130333769809881 0
2.16450353841106 0.163962979662235 0
2.149391338343193 0.1763131694163888 0
0.7435368147778216 0.2749811392513864 0
0.6009193441676832 0.01762162434816763 0
0.5907407319320889 0.03524275408971077 0
0.611776904321652 0.03501796553877747 0
0.6222013665779104 0.05305227195660609 0
0.5712273460394736 0.03589874641504356 0
0.5394225550946753 0.05588600151547005 0
0.5828615339762617 0.05426452627843419 0
0.6215014348009299 0.0174318417018591 0
2.058804871753619 0.3028078202707885 0
0.7418490879162358 0.1303074549275658 0
0.8334102343262006 0.1197076034921084 0
0.4374915377977872 0.01735120658312204 0
0.9037708914543412 0.2824761782341046 0
0.8889996119070716 0.2684761840743189 0
0.9232567142324452 0.2765834458779275 0
0.96315077727891 0.3380862152461802 0
1.075312066648616 0.322817687954519 0
1.26307605800594 0.06364163184745908 0
1.250977800992526 0.04961168449517315 0
2.183375848801699 0.2765627834677049 0
1.682602461566045 0.3613002257557521 0
1.667917607526772 0.347046681262635 0
0.9604152109732093 0.1181610586673365 0
0.9557828271023585 0.1379746388604051 0
0.9363382838268867 0.1438805969427646 0
2.178828637072234 0.1964412579584025 0
2.083862182670297 0.3506077153614834 0
2.098746442859412 0.3646286581703693 0
2.078665058845464 0.3741063505879834 0
2.096441596496642 0.3816334582479184 0
2.113639684637968 0.3777167999473499 0
2.118301709818038 0.3585633475791021 0
1.984371341959804 0.232866583885306 0
0.6013765473635542 0.3920189238765756 0
0.5913882052809147 0.3743906561448428 0
1.971167666084471 0.3673517879957305 0
1.987421939333285 0.3804029810815789 0
1.944737997927846 0.3919731319499422 0
2.086721599401618 0.1836183497257955 0
2.06717453995439 0.1895070709315963 0
2.052293791983953 0.1754966947682407 0
2.031873225440223 0.1077715775709098 0
2.071545192071222 0.09546977035137884 0
2.090150337520971 0.09110845669959207 0
1.255412925755795 0.2500820869133925 0
2.023058206211514 0.04097778537744661 0
0.844744004841009 0.2266456726569208 0
1.803206357056786 0.2321715763231874 0
1.826266225646451 0.05873119046004013 0
1.810665485814479 0.04573534141997424 0
2.011982491833709 0.1142890791273072 0
0.9752593668373717 0.1320900636254494 0
1.093920257974955 0.2435399665330074 0
1.059592970093512 0.2354721775209495 0
1.113411664664731 0.2376619925702897 0
1.128247704547723 0.2516164293449339 0
1.132906923579323 0.2317891471374623 0
1.877454893812862 0.301922763501145 0
1.857953109514646 0.307804244695819 0
2.111844049441206 0.2314976829590238 0
1.473675081216844 0.09208038294313253 0
1.256300886337583 0.323513123439067 0
1.915589430395964 0.2166967477508506 0
1.162583259980375 0.2596730750418765 0
1.922052980347293 0.3437396817412325 0
1.917352088981802 0.363619322629246 0
1.897371659968716 0.3693888800152603 0
1.882916164756905 0.3555301879584858 0
1.86220019754246 0.3597040112971129 0
1.877027520424596 0.3760991653653062 0
1.893736098978378 0.3887625390389179 0
1.436452405269348 0.2507236079770063 0
1.822710507841985 0.2262851582124457 0
1.70662790067186 0.3349783425790084 0
1.156158244619667 0.1326596212304997 0
1.136668080048374 0.1385632983908418 0
2.028972506072182 0.274764391759318 0
1.842215567637246 0.2203982291854091 0
1.884103138936405 0.04187674921120998 0
1.904552422844563 0.03453030537779374 0
1.847754632039006 0.2740149756732698 0
1.274913247126777 0.2441972955430805 0
1.240568705684582 0.2361356269294819 0
1.294412377002691 0.2383131907798434 0
1.309257625893923 0.252261117844908 0
1.313912964924244 0.2324310707147914 0
1.064247511459756 0.2156623120298614 0
1.793499628236283 0.3644680437550397 0
1.06803312104478 0.1224899744118295 0
0.9715225970105381 0.2252071014607157 0
1.3436039547068 0.260320180536407 0
1.745598240293703 0.3232599587154427 0
1.61750365919945 0.251360548646745 0
1.337174208969047 0.1332795300429983 0
1.317675270696901 0.1391698959511715 0
1.790880897283736 0.05168313696435078 0
1.776116774121147 0.03629169868768092 0
1.455953605304499 0.2448379023537254 0
1.421605167545445 0.2367776785969034 0
1.475454542129273 0.2389523566698097 0
1.490302038174396 0.2528986271946153 0
1.494955811569195 0.2330672557605599 0
1.245222399144916 0.2163089195028369 0
1.788361431370685 0.2182201713613111 0
1.249007568742412 0.1231078300068166 0
1.12358994504408 0.2714400667809889 0
1.524650892350011 0.260958295854574 0
1.763319927726741 0.1704955363927758 0
1.726106983808239 0.3291124105416017 0
1.703927582824746 0.1147127728552602 0
1.684426191299842 0.1205989706558622 0
1.518221514393503 0.1339099609285926 0
1.498720640967655 0.1397968733809 0
1.708580922895572 0.09488119055679461 0
1.485648466050244 0.2727299646573942 0
1.426258586866926 0.2169470520830103 0
1.637005059658995 0.2454746624618939 0
1.602655731838683 0.2374147355998946 0
1.656506409594355 0.2395888080006147 0
1.671354396894725 0.253534678087551 0
1.676007815457741 0.2337029730988709 0
1.895191565962775 0.1491053703367933 0
1.705703833917815 0.2615944451335935 0
1.437347716910032 0.324154489276299 0
1.304603220940366 0.2720909807440018 0
1.430024902754203 0.1236797041144784 0
1.630575809636946 0.1184257054272045 0
1.607309092441691 0.2175832365581578 0
1.751901614527926 0.06216489361923998 0
1.666701004729536 0.2733663275487109 0
1.069462254073027 0.3927241729486906 0
1.058243604089069 0.3784660375906183 0
1.721164709870958 0.3938619981868386 0
1.292283369013068 0.3927325761897418 0
1.252676163762771 0.3927838348041533 0
1.240776452807997 0.3789663594109313 0
1.762098027413479 0.3925769429645562 0
1.537179690716593 0.389962777423037 0
1.455583291803142 0.3915742439532106 0
1.33164041507921 0.3918967834985316 0
1.415759345950105 0.3933280122917382 0
1.408338632430685 0.3730659549932087 0
0.8861092456649576 0.3923590324966679 0
0.8759256759399329 0.3757048507671353 0
0.8962906781716035 0.3753157951719334 0
0.8555596893170024 0.3747198703358857 0
0.9064772369951579 0.3924578221494731 0
0.9166570300599479 0.3748336747191462 0
0.9359431668087136 0.3754319096897663 0
0.9275906277922151 0.3585217734342561 0
0.8453718489980697 0.3923586889678203 0
0.8358237732961116 0.3745987467910873 0
0.8172346324767193 0.3751779105299917 0
0.8050336450228521 0.3924519914911151 0
0.7958147400613026 0.3723399662794181 0
0.9068973625199177 0.35561790102769 0
0.9465324791122322 0.3924842177877779 0
0.763889913039082 0.3930815210691441 0
0.7431998370043965 0.3926862578300631 0
0.7333377867418284 0.374721341155924 0
1.497222222223936 0.3923587417748181 0
1.507407407409088 0.3747174835496732 0
1.579097989199321 0.3923741490280373 0
1.171305519640387 0.01739696559858925 0
1.181728923244354 0.03509963749748479 0
1.201892761894315 0.03525170749514435 0
1.192659484442706 0.0523419807664976 0
1.211811108414569 0.05396525202644748 0
1.221872599327622 0.0354898856259143 0
1.20149072886537 0.07050808598282444 0
1.159078134094464 0.03642563672663127 0
1.375000000002128 0.3923587417748204 0
1.232349136922805 0.01720777012135273 0
1.783318597027176 0.01747441865455625 0
1.497239058786567 0.01655389204849289 0
1.863003703846998 0.01745697295183896 0
1.802733772125258 0.3938644620646322 0
1.110062848688084 0.3935326189031836 0
1.101464323723452 0.3735452015242255 0
1.823108338482498 0.01665728622106368 0
1.830593773320003 0.03654476712662481 0
1.537962962961158 0.01764125822528272 0
1.547688486956082 0.03554812716283261 0
1.568441890323022 0.03532676731772394 0
1.558230943490844 0.05224508068067251 0
1.57870365845101 0.05292373011364854 0
1.588876105251394 0.03515544294263194 0
1.527189784884501 0.0334486344499673 0
1.59907194358238 0.01745712444974549 0
1.611491660083714 0.03549356470699545 0
1.700570259224609 0.01581474538688164 0
1.008067033305579 0.01701342842542566 0
1.843204073865407 0.3926089037702509 0
1.83092433690051 0.3733037406320635 0
1.722153625871788 0.0185358627222285 0
1.457483835894969 0.0171075228217753 0
1.08924933375724 0.02118539154875409 0
0.84531067507937 0.0175072717650033 0
0.8360797419840785 0.03340601041595399 0
0.855454235498288 0.03386187307712172 0
1.659596025627212 0.01763011619919843 0
1.639814817088904 0.01764125691145014 0
1.294231276893517 0.01841392127283913 0
1.611074472040017 0.1243116307311986 0
1.715010525520528 0.221931008290471 0
1.578688446205217 0.01759676472104257 0
1.545032685071961 0.3284880457892845 0
1.533957643071117 0.2212951019847178 0
1.661159764795678 0.2197571519107363 0
1.691787577737991 0.3210449678478616 0
1.598888940588095 0.330680694333131 0
1.625034467481628 0.06481677465441064 0
1.689967724724912 0.1742079084819599 0
1.363984345811881 0.327865868473797 0
1.763465518075872 0.01819269611676815 0
1.755164253643693 0.03772612292012973 0
1.636117023541261 0.1720341413228261 0
1.640770317860869 0.1522025572061948 0
1.352910981249986 0.2206580519785862 0
1.586027249118885 0.07305685688859798 0
1.573847963879337 0.2829635250576999 0
1.525368978201177 0.334883195090512 0
1.562765333456415 0.1757464114860377 0
1.743818527464111 0.1763816699236438 0
1.530162610164113 0.3146435407575376 0
1.572071888963493 0.1360834735955041 0
1.508915269418291 0.1735727894555989 0
1.480107938977841 0.2191211861737925 0
1.694621026653332 0.1543762283575183 0
1.546666979963194 0.08876110185022977 0
1.494067582752356 0.1596278836115085 0
1.695509152853914 0.2278169700521511 0
1.794793684557359 0.3452709501438723 0
1.587807848772288 0.2234690479281262 0
1.462279349346142 0.3719263048484001 0
1.491169770590715 0.3262724559673395 0
1.679772974498125 0.1404306328128323 0
1.582266519740396 0.1698605082369761 0
1.366064399982329 0.08793901339565789 0
1.182957288512611 0.327191951147176 0
0.9816833648432339 0.2589585562299963 0
1.21200582674624 0.01761923479577489 0
1.58315452869491 0.2433005178779641 0
1.455065883764081 0.171399642239243 0
1.405251858127063 0.07603613577143181 0
1.344482471564347 0.3337499767407639 0
1.757778611052838 0.1168864176222173 0
1.690855791331065 0.2476487404619618 0
1.759553658668515 0.2637681148852206 0
1.392798726500468 0.2823240888647056 0
1.678898305818839 0.06703434949676482 0
1.349141829538772 0.3139239494605117 0
1.683933887519127 0.04841951586022644 0
1.586919801624404 0.1500290419883872 0
1.730749552448429 0.309311028650644 0
1.299065970407 0.2184839840141594 0
1.381717067575817 0.1751120145410765 0
1.171891374082175 0.2200160492988638 0
1.39102316530546 0.1354510515317132 0
1.327870451760549 0.1729391930196233 0
1.514456599813024 0.2271810460097856 0
1.506037534354449 0.3402839916917836 0
1.606421089500011 0.144143087570556 0
1.324115700104894 0.04599253621094401 0
1.748471793696395 0.1565499649278731 0
1.313024154100348 0.158997554124024 0
1.598002401903119 0.2572462675441191 0
1.310143655036772 0.3256964293478812 0
1.97587272380479 0.3462857821122438 0
1.593349099382332 0.277077747774077 0
1.283313641729363 0.373204762647716 0
1.625922397751703 0.1382571299165418 0
1.81717188585412 0.1726691045473189 0
1.406758134157802 0.2228322344574406 0
1.645423718015319 0.132371173791318 0
1.623045142348186 0.3049694539531674 0
1.40121728387212 0.1692263258798804 0
1.796781111909083 0.1051141958522 0
1.664924976256193 0.1264851950510611 0
1.768860377758066 0.2241048843268428 0
1.767973242369584 0.1506638054532549 0
1.618391376188407 0.324799070236472 0
1.789251038356721 0.2916606352799446 0
1.608197083850072 0.2910236534833749 0
1.028220083229745 0.06109853284623416 0
1.002025298347255 0.3264552504952158 0
1.274026956595939 0.1707685411559791 0
0.9353928097161411 0.07050962341336833 0
1.633270328209588 0.3387714581394292 0
1.926677361337717 0.3239376170509317 0
1.652740808380918 0.3328606995350263 0
1.509803145007675 0.2470129733831906 0
1.669578257183318 0.1066536682421324 0
1.402104899259866 0.2426627979515353 0
1.889646586446033 0.0954852361133252 0
1.405870352417162 0.149395846449912 0
1.689079561815547 0.1007674661370117 0
1.693734305146469 0.08094087154293993 0
1.211767974358126 0.2816714418405026 0
1.146858941806935 0.172311866171431 0
1.210003820661611 0.1348568260489204 0
1.493150006075904 0.08621968944010343 0
1.163461527957865 0.3330831156743316 0
1.11806578138568 0.2178406942305297 0
1.168118527036716 0.3132621498070387 0
1.458826573616768 0.0781360258201229 0
1.772626502455145 0.1308320455240839 0
1.821825382185094 0.1528337422462901 0
1.186864039008668 0.08567660069875575 0
1.200690748271648 0.1744817333366679 0
1.324966105269207 0.3394688208324304 0
1.132019451404732 0.1583827253039768 0
1.3334114096544 0.2265434073126505 0
1.444872334765934 0.1376244530409417 0
1.154629784064767 0.05851103962580937 0
1.459719394541014 0.1515693527616812 0
1.425371262718606 0.1435100891500039 0
1.129125224335697 0.3250518326654049 0
1.416951877238244 0.2566084403273666 0
1.339764108220074 0.3532557735283353 0
1.412298701797501 0.276438971171288 0
0.6739149322288147 0.1144242453200755 0
1.792127278095355 0.1249458450674166 0
1.225725302493982 0.2221911153442468 0
1.479220220893684 0.1456837919481975 0
1.441994695065003 0.3043304426762323 0
1.483873239658141 0.1258527962671544 0
0.9442696924286964 0.03158389322906575 0
1.417848614244829 0.3300374873950686 0
1.427146262066025 0.2903852912086159 0
1.004031454642764 0.08657922567082195 0
1.488520983843219 0.1060266282833328 0
1.220186611044168 0.1685969876141625 0
1.413185662795383 0.3498765243148883 0
1.871030117601142 0.1748397812670769 0
1.80697549374682 0.1388906703829822 0
2.047222222221625 0.01764125822526779 0
1.093039905875398 0.170151836330425 0
1.043015701367514 0.07484533800065866 0
1.463392048076987 0.0585847234544979 0
1.22107245368792 0.2420177768330802 0
1.328757473821685 0.2463768492927359 0
1.944428776696156 0.1711123071483891 0
0.6658911867961863 0.2252877383254457 0
0.9909903928157258 0.2193481202319695 0
1.030817871996693 0.2809618611636434 0
1.963955454337886 0.1652151053446209 0
1.891420174952023 0.2424120109419738 0
0.9825406582307785 0.332279199680077 0
1.019758311011362 0.1738687243895388 0
2.182271695336127 0.1537021082833808 0
1.970356368622173 0.2923358617041015 0
1.224837313135688 0.1487717871461351 0
1.307479798868334 0.1053956169296708 0
0.987199045833937 0.3125186690124473 0
0.9891846388254223 0.07267566295546091 0
1.152397725322394 0.2259012494749193 0
1.029054769143021 0.1342540509450173 0
1.921126812030127 0.2703133773278139 0
1.292626527035438 0.09146878884561692 0
0.9659926735563029 0.1717147146109976 0
1.783705674546617 0.2380502271446035 0
1.143957856400157 0.3389695403178383 0
1.277802702500794 0.07754536395264371 0
1.263840547666754 0.1370122340946716 0
1.243910361228697 0.06942164629850686 0
1.278682575863265 0.1509452244936258 0
0.9481892785401822 0.3240757553834737 0
1.779052928647943 0.2578830003340014 0
1.244342232712587 0.1429003472718721 0
1.466397827590907 0.03651781631407502 0
1.969499449019211 0.2188890879498755 0
1.890538009434049 0.1689473868468229 0
0.9178024440741883 0.2230086809115549 0
1.968611377771213 0.1453607839155286 0
1.811628297377166 0.1190586623668533 0
1.235915541639448 0.2559629547515449 0
2.013233832817566 0.1872461548905431 0
0.9511636318587137 0.157792419141349 0
0.9093436122129133 0.3346530407490664 0
2.149363650584295 0.388825921569433 0
1.231262880138789 0.2757892560019104 0
2.01789183707145 0.1673800980097528 0
1.896076758294392 0.2225763105720408 0
2.028104961077954 0.2012272115333388 0
1.139772143864228 0.3582826494382762 0
0.7149265881145677 0.3202034327942502 0
1.793900826099667 0.2718318058211359 0
2.164506436614157 0.1024476531208791 0
0.9159124223331658 0.07638639794918091 0
0.9415872259224385 0.3443118803319813 0
1.831132219112203 0.113170454435439 0
1.044765324409406 0.2215316147708809 0
1.83578473626445 0.0933373487754703 0
1.298180017448898 0.1450602944794952 0
1.260953856927705 0.3036857009658339 0
0.8641494656889626 0.2208181479973172 0
1.808748055479682 0.2857790457320128 0
1.039235659988675 0.1679883352963426 0
1.840633240897422 0.07334120002167759 0
1.843101678039273 0.2938461830833103 0
1.23680584230492 0.3293924235927582 0
1.30282926712959 0.1252326757620471 0
1.246107791303008 0.2897374009336447 0
2.112774038943179 0.3049844328589644 0
1.853304805518615 0.3276485233069594 0
1.252276076550278 0.3426738695167568 0
1.848380694113845 0.3463446635653435 0
1.828251280531814 0.2798968854976829 0
0.8618457364490546 0.07451367505107669 0
1.979701132387456 0.2527119157773626 0
1.880338425141736 0.1351642358847006 0
2.056960295278253 0.1556141288023447 0
1.838451338665273 0.3136807053389433 0
0.86432268368346 0.05261215679907091 0
1.147742527169201 0.2457335875679978 0
2.102543273218372 0.2711235208318284 0
0.7572284960547581 0.2163106050732582 0
0.8928452652693656 0.1754597743070859 0
0.7325006032967032 0.169266280964422 0
1.008676978688606 0.06682799787057223 0
1.040114597606084 0.2413413505081455 0
0.8704704602875684 0.3468526353185615 0
0.7683550245947726 0.3223791794532063 0
1.899845787736424 0.1292669952204735 0
0.8106058002490332 0.2185785774574817 0
1.043884098706188 0.1481813003048262 0
1.126481929826651 0.1047886197498257 0
0.7857727340720613 0.1712533578621424 0
1.904509500999763 0.109409771345854 0
0.9205106833114824 0.05655866275980594 0
1.111644271307486 0.09087112489514855 0
1.013410136404943 0.04803656097503037 0
0.5602704723482094 0.01759201765785594 0
1.910929190286379 0.2365332438041727 0
0.9372508008422356 0.2171474428117221 0
1.082867956226739 0.1364173081666778 0
0.8392356559092438 0.1733406735155887 0
0.7379588787995706 0.2220730683766696 0
0.4422856707971903 0.1196753747412932 0
0.8484768985894657 0.1338015991637583 0
1.09769678276977 0.1503451112185507 0
1.063373143613756 0.1422987044158643 0
1.919527195222821 0.05086522070156054 0
1.916361319519309 0.01962524136777757 0
1.914011855301149 0.0700665226824515 0
0.7710737550814522 0.1575965674412026 0
1.054940768501893 0.2552844954728306 0
0.9122787204669816 0.169583968253757 0
2.117429564596523 0.2851044919985857 0
1.925778198619805 0.2504844127547567 0
1.050290556729326 0.2750923883166581 0
0.4625195939588966 0.2159023169496932 0
0.7481271510254012 0.2553559648304476 0
2.032759305803708 0.1813584172215423 0
0.9520599581815943 0.2310701411513555 0
0.5877899695570736 0.3366211118830438 0
1.096806339144646 0.07694887591351218 0
1.909204845808426 0.08961250591562377 0
0.9668695249727899 0.2450068838852175 0
0.7002173275460508 0.3062704621949045 0
1.117181029250601 0.144459316489315 0
1.079963673199307 0.3030048234039574 0
0.6849872956195338 0.219769527391163 0
1.945298655202103 0.2445957213396269 0
0.9169042778752031 0.1497839749180601 0
0.9215147852511546 0.1299369788689357 0
0.7271511141540449 0.1164828421638961 0
0.1913447025696905 0.1245272307463692 0
0.8438507761856405 0.1535832396709406 0
1.121834738708122 0.1246315487530494 0
1.055838593876454 0.3286744573792583 0
1.065124469520188 0.2890480711539526 0
0.7017812710642917 0.06981398398657503 0
1.071084925429917 0.3422473257657181 0
2.062524740164465 0.2093643186111036 0
0.7288068927420978 0.2611922804861301 0
2.047636322462966 0.195357554732869 0
1.101450367136406 0.05714626893538314 0
2.057859927575355 0.2292196221828846 0
0.8872459765497729 0.1219599048884658 0
1.964822113705662 0.2387204230293325 0
0.7132648696139217 0.1751184028617057 0
0.6615772968669151 0.3177585400525288 0
0.6955527124702956 0.3260358462899551 0
1.9750127713445 0.2725135241642152 0
0.0661014488890206 0.156947190229176 0
0.5595774117848549 0.3073069660083312 0
1.994553605612892 0.2666432218365373 0
0.6136700034748299 0.2229625476563737 0
0.6567465349347799 0.3375453539808147 0
0.8059628743220275 0.2381895643368601 0
0.6605030792325784 0.1727722357005778 0
2.014103254042173 0.2607788735478182 0
0.6658782418961194 0.1534454292209363 0
0.5620869165438784 0.2205467049447816 0
0.5309732750482785 0.2804574974111302 0
2.072734391059525 0.2432007605104515 0
0.8695734818350647 0.2743235472993941 0
2.024379603192997 0.2946262958429165 0
2.09227362050732 0.2373244205029724 0
1.637922571754433 0.393076090152666 0
0.5388795227328744 0.1759072622534991 0
0.4968095884737881 0.05073558762834116 0
0.8141439860610906 0.1257362251271529 0
2.107148858972098 0.2513090202699989 0
2.039303668567679 0.3086721510780087 0
0.6235899601137843 0.3293381300111077 0
0.7178805476440063 0.1555844210659632 0
0.5894955782586044 0.1772269690452633 0
2.12207690194946 0.2652568791837082 0
0.5178915747059751 0.3370435400076837 0
0.3687207062572996 0.3430453315586909 0
0.3883216927350934 0.3206831965695692 0
2.133135212115865 0.3730139842097703 0
1.105918638473809 0.03700803384397207 0
2.129488403049301 0.1225773492512915 0
0.1946550169923332 0.3930508066139761 0
0.5116654807639148 0.2176590972454083 0
0.4285340205406369 0.06974214704979036 0
2.141363478450424 0.2593386846273726 0
2.160920151064061 0.2537395474154354 0
0.7526119703308995 0.2358394316883439 0
2.182134131135657 0.3179019593101507 0
0.7396405624778782 0.05383594875895467 0
0.7371596760792639 0.1497720297377528 0
0.5029596149098428 0.254157490364522 0
0.4406304185318355 0.1729487960661837 0
0.4886768745477549 0.1743629550025347 0
0.4255144815933407 0.3747973796588024 0
1.6872844151015 0.3407135858408312 0
0.4662410303666784 0.06880487158257632 0
0.2653941272760433 0.1199343884631297 0
0.7845597854300532 0.0979280926723646 0
0.7673333841689454 0.249644976542366 0
0.632447287228041 0.2172379437735601 0
0.7821045309794384 0.2634498838669746 0
0.7742525279297643 0.06379713765296864 0
0.08449426512056216 0.1047823138440695 0
0.3166533498017675 0.07147493903640062 0
0.6079843979918176 0.1720858545332803 0
0.801338929552305 0.2576911262388719 0
0.7564273470597521 0.1439804889210471 0
0.422162773455066 0.3109450081453239 0
0.07655109079713424 0.3573643310348931 0
0.1719806522663725 0.3498850550251718 0
0.8309133267513146 0.2859155725689763 0
0.0552097162698719 0.1830743019849141 0
0.2839855381919747 0.218916732413227 0
0.2858717069593695 0.1644782850938623 0
0.05111854741259887 0.07502822305551811 0
0.3502613917854032 0.3460866684975741 0
0.5255592611480817 0.2309075416107148 0
0.3928534556910493 0.07761094976183804 0
0.3853747749460983 0.06416359882605736 0
0.7756655417498859 0.1379955712449636 0
0.3327224190879853 0.2905073089594755 0
0.8161590354340573 0.2717424830357148 0
0.7801562378432669 0.118316902835253 0
0.2821208319780025 0.2661301148916982 0
0.4455773888184261 0.3751320652951833 0
0.8068300653503507 0.3112681438171422 0
0.159574045867425 0.3381463456324446 0
0.1571888690829074 0.06541298359584283 0
0.6469208840672845 0.2308806332402902 0
0.4116481238182643 0.1672880802817081 0
0.7740740740761252 0.3753379249740159 0
0.7981021405139506 0.3502597123615148 0
0.4574065552790801 0.3928938173345452 0
0.2825357575989948 0.3792649727306119 0
0.04488599457113266 0.2995312677086368 0
0.5129768986546833 0.3557150154643827 0
0.6613962047974972 0.2445547061577809 0
0.7830836831755842 0.3365063699695311 0
0.5474456297081058 0.1384737048090674 0
0.9244715374724746 0.03577178965567509 0
0.9070808139710733 0.0179191795449678 0
0.6587376732594702 0.02821933788330945 0
0.3536228926902573 0.3289477875600857 0
0.3440918768397002 0.2151313397337857 0
0.0764278239333997 0.2492552002545576 0
0.3432197939573428 0.3803297944184323 0
0.3101304649201934 0.3260272384805909 0
1.078832808969152 0.3756569884541677 0
0.2688258210219457 0.03244744838537594 0
0.4861548844516404 0.3747997905808699 0
0.1236349191130369 0.362661602431505 0
1.149446727852601 0.3920264397437515 0
1.335761013583234 0.3725672293978213 0
2.057236522628334 0.08164357380702338 0
1.598314004037927 0.05284314342568752 0
0.2269986555022762 0.06932587265861159 0
0.050015253566457 0.2830710355072232 0
0.1386065533115796 0.2634973698734122 0
0.01803332647900447 0.1322552032089076 0
0.1229234039012452 0.319176088599697 0
0.1205971272919898 0.0847907244920356 0
1.417421030601061 0.01718128295170016 0
0.01739504258210903 0.1941055268009753 0
0.7699036927649703 0.08427606536756377 0
0.06592145312088056 0.1969528330306844 0
0.2693539205362595 0.3223302212780053 0
0.2576109411611709 0.2739229074251628 0
1.390706981367079 0.0623919401227784 0
0.2641999035524061 0.3379743234472039 0
0.5210632837996446 0.2491900644865556 0
0.2921590093539027 0.0884894540562768 0
0.3015197305475105 0.1921529889474228 0
0.3586015381455439 0.01940536800685579 0
0.1879461847183646 0.2918426516669492 0
0.2569535899346308 0.06436697900624903 0
0.09244717947103469 0.2865906936101502 0
0.1301815150798948 0.3932750970671292 0
0.3693415491025895 0.0348295530107774 0
2.005318087288268 0.3729069133453713 0
0.6453141606796301 0.08671680535455914 0
0.6304434038892712 0.03545829053783738 0
0.2369108088517579 0.244975950859512 0
0.07756787156043009 0.1701692789666901 0
0.1735883240661288 0.06313731966774035 0
0.6183310475588264 0.2763364387639793 0
1.568432882375155 0.3755413321228938 0
1.029579941500717 0.393534008836396 0
0.2131152284291991 0.3363934903771304 0
2.16847218937237 0.3929200735023455 0
0.2754865680113094 0.01563739526207685 0
1.750068724320587 0.3762343292562347 0
0.2475706154455043 0.05051169950530837 0
0.998522874277348 0.03410110422534468 0
0.03095090614166901 0.3951528944774667 0
0.2086758279700108 0.2995454716065092 0
2.165901858548804 0.3057776219646755 0
0.08731241834935388 0.1430466199852512 0
0.2622667887595714 0.1545366902968171 0
1.212567291215871 0.3939369625199872 0
0.6006728998206439 0.1408188315219082 0
2.057251351865053 0.3763946584103131 0
0.09612691859729791 0.1161883016764136 0
1.698080723990361 0.3732665747493709 0
1.048055583415396 0.01601508740613405 0
1.722074076037471 0.037661106790604 0
1.670903265290987 0.03408770443860937 0
0.06978637847869762 0.3725668569489489 0
1.261617283304335 0.3757140929697455 0
2.165534560291688 0.1826147102339692 0
1.487481535769581 0.03376487623434415 0
0.2207716793137844 0.3469675011286927 0
0.2992720155474033 0.07344429705909113 0
0.4766022556792611 0.05156694316902297 0
1.173517717279096 0.05340440676747247 0
0.1032017899266365 0.2972809496932311 0
0.2282814586793605 0.1224211537328045 0
0.3022729039297762 0.127755463445225 0
0.4898226432207561 0.1321449393505551 0
0.351211945938548 0.2705823541605503 0
0.2435523718246368 0.1459451702130966 0
1.385655615423762 0.3755253530081854 0
0.5349031733541219 0.2625427207236121 0
0.3576275654874583 0.2256275704900182 0
0.3059141962439471 0.3417627204802595 0
1.550385608539376 0.0699099360199659 0
0.141231550183018 0.1364274964583714 0
0.3209342499711891 0.1287978496904043 0
0.2935341208518887 0.2751238178986807 0
0.1103861172048248 0.07251314758614245 0
1.232151909712825 0.05255825397724581 0
0.2951788827394276 0.01514822029599164 0
2.027385325542246 0.3944646519086525 0
0.2399493255959126 0.3293585473790556 0
0.06576567090314946 0.2378540957640805 0
1.951483245915506 0.05889630862791093 0
0.1961361240701181 0.04763729606876216 0
0.1005061504476787 0.03215627201283413 0
0.8176007841411874 0.03510152409460757 0
1.85311766415881 0.03429265511820324 0
0.5708910440071754 0.3749955023001194 0
0.5488825208441306 0.2760445657040481 0
0.03274780244883859 0.2877908245830322 0
1.930825567820499 0.3771104360641957 0
1.852968806762969 0.3760034883613794 0
2.185587309609202 0.2356209545042855 0
0.1084755642128834 0.3221110611041856 0
1.370808347146603 0.06927982260784848 0
2.127855035070587 0.1513033881712298 0
1.350870882666633 0.07525177048509686 0
0.366192011660086 0.2811764298127643 0
0.6405070517682852 0.3932895317503338 0
0.03400953911489801 0.3327489542792684 0
1.227253761462781 0.3668469088403119 0
0.3730194397717023 0.1532883839525778 0
0.5268547612092687 0.1628284675139674 0
1.307473712008807 0.03341544244545203 0
1.442639616080199 0.3762618167887894 0
0.4157162816687128 0.3277247178690579 0
0.1273952574908382 0.02560433156761245 0
1.809233860951879 0.3773454948598427 0
1.499355821283333 0.3595188430487773 0
0.8749063714605692 0.03256035210565098 0
0.9539856589332598 0.3747072925503231 0
0.3258484726907355 0.08476831683881141 0
0.8293793194770263 0.3576971748738345 0
0.2505900030092999 0.1548048783488087 0
0.2734053618574099 0.2206722286933376 0
2.077364399808288 0.03336721114724969 0
0.8847937582177715 0.3596703206994932 0
0.3339483262379653 0.171108204867767 0
1.796131314042772 0.03306336593567493 0
0.5005173251916156 0.3412232761857144 0
0.3136581583537348 0.1877135974505767 0
2.098484572897045 0.124273940386497 0
0.1543455489959931 0.2959537397578122 0
0.2514411508515333 0.394199610855971 0
1.241946274319175 0.03329788336385479 0
0.227157179046362 0.2846555393866236 0
0.1155962601329559 0.05666086965537732 0
0.18567718328175 0.3456438493960061 0
1.910736730151922 0.3822995783425411 0
0.606643914002077 0.335445891234468 0
0.7065381483866453 0.05162765087699289 0
0.5628693647397545 0.289970795921855 0
0.3013779179986307 0.3586931244846099 0
1.33425925925692 0.01460916772046563 0
2.038811057307972 0.03345426670555544 0
0.3615195016167425 0.3570956396097983 0
0.4699754192223364 0.1335723032795934 0
0.1187123459686607 0.3785269777845122 0
1.618446211282587 0.3944975566431738 0
2.10718873899234 0.395069614377045 0
2.036159064045222 0.0897181063401077 0
0.3789155468024961 0.2577753101563691 0
0.612845604716335 0.1547164439504055 0
1.131398523012418 0.01544920392794661 0
0.4196062466363705 0.2635544244774973 0
0.6510999332904874 0.06719313826788088 0
0.07808247043545827 0.1332081274701957 0
0.394056935119687 0.2551093735991611 0
0.172856206774235 0.1027394069101144 0
0.2041230557261725 0.0606784642928799 0
0.506377907607389 0.06580783673115115 0
0.5997087426351245 0.3540966338548517 0
1.045634710434423 0.3662001586492354 0
0.278755419479519 0.3948151909365988 0
1.135642087476874 0.3768630280751306 0
1.065104616091506 0.3613120642202959 0
0.2814614006779829 0.2293126681537826 0
0.7530140904060767 0.3765955304466855 0
0.06402931399389293 0.1721567444047667 0
2.168185910507341 0.2853750219486414 0
0.148483937013349 0.1173358097018807 0
0.3343928037842511 0.0697368214307975 0
0.3146954148579381 0.1763163727652662 0
0.1349296849996474 0.2128996445237664 0
0.05092592592613165 0.3962652168171343 0
0.4295814691946973 0.2284382848581501 0
0.4250363948081216 0.2461242232177169 0
0.9491786640315947 0.01406829104382389 0
0.3059247128426652 0.2566186831352433 0
2.016327609246858 0.0964094253058687 0
0.04934420336597855 0.2411290983389225 0
1.966653574594958 0.01350870240751567 0
0.06715210296984231 0.1072358542601048 0
0.1857157028032356 0.3061981671994243 0
2.006243668586309 0.0137426561741603 0
0.7021082913158168 0.3957344898410993 0
0.7173964142517745 0.3719688551648159 0
2.148089628069626 0.01353916542661645 0
0.3743385851132958 0.2054061801180587 0
0.3393928613415355 0.3961448879600537 0
0.3050080550005973 0.02953221985148521 0
0.1231090174211677 0.182716597523269 0
1.316922212912508 0.3766441459352488 0
2.137991139129836 0.1887831001166826 0
0.2955032050591796 0.3731295458055658 0
0.05092592592582847 0.0132993666235542 0
0.5764376228976139 0.3040186298943106 0
0.3114517330598223 0.3948350015143586 0
0.4166489534536642 0.1337625273618091 0
1.550645554238237 0.3777746747739826 0
1.432657359284152 0.03279258128789678 0
0.2389640032680622 0.3767657975171003 0
0.4738044269402861 0.2929306046149173 0
1.729508192099328 0.3790575046878052 0
0.5914787413239457 0.3187815462423005 0
0.2881004444423091 0.1524432368931216 0
1.02022574061378 0.03078547017671972 0
0.1820145722713882 0.3589162844163104 0
0.4904359055678801 0.1590681750254535 0
0.2280714960985998 0.2962698255086383 0
0.3595701938585175 0.08164763119026415 0
2.109488746202641 0.01368075090959724 0
0.2557739309439304 0.2423902563523551 0
1.00602495209503 0.3757901083986503 0
1.901556966649981 0.01523572712869552 0
0.06448743562922545 0.08141211875164864 0
1.368232317054057 0.377172307677955 0
1.691631487722616 0.03112705007419734 0
1.247790086580817 0.3611560766646247 0
0.1333633192204787 0.190395679480508 0
0.16435997701746 0.3811328283575465 0
0.2027981191695847 0.2663441340169022 0
1.37499999999777 0.01308851090207146 0
1.568342797734604 0.06608101772916398 0
0.08352765705132649 0.03031396172272075 0
2.048402801517539 0.3939459514702876 0
0.2547665570354449 0.03731011219871631 0
0.03381960827027299 0.2443449676563829 0
1.507688984806206 0.03164574917705538 0
1.187177311489487 0.3764245122044528 0
0.1559760946809373 0.2818685380562239 0
0.3189917409372201 0.2386288535330424 0
0.1797319267361132 0.04865508226547156 0
1.072924767875648 0.03356603226330632 0
0.8857739686629774 0.0141676947224442 0
0.09988287942335979 0.3119664903537069 0
0.3810885177241659 0.1642731641082484 0
0.03288952392436308 0.1671745891872588 0
2.165962918020663 0.2127015966459807 0
0.03056315219084564 0.348349254957006 0
1.870405276746457 0.0325495563531235 0
1.185193664983611 0.06756323725908112 0
0.5185683639117733 0.04867619707096035 0
0.6310695754763099 0.379352824108577 0
0.489557163536764 0.3223834069802776 0
2.16493315028207 0.3774827746239195 0
0.3778740084133982 0.05009838910108682 0
0.1578107649294635 0.01600424860931099 0
0.1693718160566714 0.0334400079252436 0
0.2456048651823226 0.2457309727324747 0
1.680555555556509 0.3974624280943168 0
0.2438118477090664 0.1156738064018572 0
1.425925925927883 0.3798332485915786 0
0.8298438079604005 0.04977484241371197 0
1.61497550508501 0.05249647218346761 0
1.205941612781311 0.08615477095543175 0
0.6392688831190738 0.05284532893239392 0
0.402592613560923 0.1563374451611715 0
1.343305407991663 0.04717766958846283 0
1.738604623039319 0.03336163371855543 0
0.2643049520779994 0.1842913473627049 0
0.5446321688480263 0.359962088878837 0
0.6616923968619854 0.01255750582972278 0
0.7489547460109882 0.03533487158178917 0
0.7230089790315595 0.0476389118345484 0
0.1312141127613451 0.0120182891844853 0
0.339816182984456 0.1802794193493599 0
0.08055024381170259 0.1188913436677137 0
0.180346476823465 0.1276246860819868 0
0.3684568144217513 0.06590459263835069 0
0.01499444884153987 0.01502885277508406 0
1.81296296296187 0.02986326453721476 0
1.323757616751911 0.02967758698035714 0
2.185005551158456 0.3949711472249289 0
2.185005551158515 0.01502885277498202 0
0.3335069433586316 0.1394351418100787 0
0.3864829001180194 0.1994582856921758 0
1.843712906571406 0.3622339457265776 0
0.9430145989810874 0.3607022056910407 0
0.0145505365289544 0.3959557631360637 0
1.523265935587013 0.3770540104073744 0
1.937567071441849 0.04948931567852997 0
0.2752360283784996 0.1712093136899963 0
0.2089726475777062 0.3487503120011668 0
0.1052006943118259 0.04612084291440014 0
0.2250979300795336 0.1402973668218783 0
0.07547433571367002 0.1465602066878615 0
0.8657426519338276 0.3627610325497576 0
0.1022951168342596 0.3814729949956738 0
0.2275824933713254 0.3601471655164417 0
1.119856178480363 0.3804194783418744 0
2.187707022611595 0.3589324110168928 0
0.198606173875376 0.2921249740139152 0
0.6553803898677593 0.1412840689976761 0
0.0304072789789988 0.2202385541631742 0
1.792092566639721 0.3803819092664383 0
0.03874886899735708 0.381702213263706 0
0.7639540040506849 0.01213585673673872 0
0.2668984547671372 0.2397555823461271 0
1.14124629488137 0.02943469795473467 0
1.62962466999435 0.02967422493845618 0
0.03057497510917662 0.3037349903617613 0
1.986148854761513 0.3975090030725079 0
2.085302167460813 0.3945651803589795 0
1.492149193192917 0.3776689882813603 0
1.608476794162953 0.3799894028759678 0
0.1435953484887137 0.1647771540814872 0
0.2301009622425968 0.259411575586534 0
0.2398871777763776 0.2823625142290638 0
0.7434909772259208 0.3629695107940014 0
0.630999809224877 0.1511230044628575 0
0.3998983219454053 0.06404996575366577 0
2.170354913637385 0.2670751011947103 0
0.3164679297853362 0.2562451824397999 0
1.879430198231869 0.3954051369489434 0
2.099367421259671 0.1034843056496148 0
0.3227307959699488 0.02831971115517746 0
0.2173658396900048 0.06059694092180216 0
0.1364746105869151 0.2440795965237058 0
1.90659435391898 0.3973904347471248 0
1.257825627944033 0.032020774843585 0
0.01086825028106066 0.2562500000004017 0
2.09691023826725 0.07628749284462118 0
0.4005114769414797 0.3296284110244203 0
1.930599683077122 0.01440827969285065 0
0.1423091887828395 0.2343262902006847 0
0.133708716991517 0.2556443306625629 0
0.2354592066346808 0.1490224787996749 0
0.2531302878629251 0.2350428905503948 0
0.1674065144128365 0.2679578951773524 0
0.1455387534629872 0.1459896760656483 0
0.3107041679356196 0.234552206042794 0
0.8114319941944879 0.360207948112907 0
0.07293791805786232 0.05301977154336623 0
0.4062740028994786 0.2109118516578482 0
0.5480493527769827 0.123631173560097 0
0.5346082330623928 0.1454400678149701 0
2.003731265489721 0.08628500756857452 0
1.038678043866651 0.02784808401905551 0
2.132610164015148 0.1376547236197203 0
0.3582330892503562 0.1726376535752663 0
0.4559327563070479 0.2953306408176188 0
0.967592592589973 0.01063306676292367 0
1.709955397276306 0.02881567774159234 0
0.2341998899508891 0.3448025531995835 0
0.9223242838575632 0.3436498351502089 0
0.8462476295169066 0.04631937981377788 0
0.4334970453554989 0.1301267840574533 0
0.1302560491374604 0.2223789299321136 0
0.3293596702354027 0.01374331201855022 0
0.1593613352406038 0.3963932783599269 0
2.017638022365808 0.380790621771447 0
0.2194481203539118 0.2732275627125521 0
1.222151555909725 0.3824150672539999 0
0.3159704024852371 0.2180953561240089 0
0.6459460607694009 0.03506623290068874 0
0.1142840272881992 0.1971921511756239 0
0.1268502606194375 0.205896941653043 0
0.2341842775174032 0.115170551697644 0
1.448745424234128 0.02987798027562403 0
1.301143743028946 0.3799438080313635 0
1.040064661684566 0.3814467693287606 0
1.711613591973729 0.3818339709934307 0
1.517112555371547 0.04596259371399915 0
$EndNodes
$Elements
9 6064 1 6064
1 1 1 108
1 1 9 
2 9 10 
3 10 11 
4 11 12 
5 12 13 
6 13 14 
7 14 15 
8 15 16 
9 16 17 
10 17 18 
11 18 19 
12 19 20 
13 20 21 
14 21 22 
15 22 23 
16 23 24 
17 24 25 
18 25 26 
19 26 27 
20 27 28 
21 28 29 
22 29 30 
23 30 31 
24 31 32 
25 32 33 
26 33 34 
27 34 35 
28 35 36 
29 36 37 
30 37 38 
31 38 39 
32 39 40 
33 40 41 
34 41 42 
35 42 43 
36 43 44 
37 44 45 
38 45 46 
39 46 47 
40 47 48 
41 48 49 
42 49 50 
43 50 51 
44 51 52 
45 52 53 
46 53 54 
47 54 55 
48 55 56 
49 56 57 
50 57 58 
51 58 59 
52 59 60 
53 60 61 
54 61 62 
55 62 63 
56 63 64 
57 64 65 
58 65 66 
59 66 67 
60 67 68 
61 68 69 
62 69 70 
63 70 71 
64 71 72 
65 72 73 
66 73 74 
67 74 75 
68 75 76 
69 76 77 
70 77 78 
71 78 79 
72 79 80 
73 80 81 
74 81 82 
75 82 83 
76 83 84 
77 84 85 
78 85 86 
79 86 87 
80 87 88 
81 88 89 
82 89 90 
83 90 91 
84 91 92 
85 92 93 
86 93 94 
87 94 95 
88 95 96 
89 96 97 
90 97 98 
91 98 99 
92 99 100 
93 100 101 
94 101 102 
95 102 103 
96 103 104 
97 104 105 
98 105 106 
99 106 107 
100 107 108 
101 108 109 
102 109 110 
103 110 111 
104 111 112 
105 112 113 
106 113 114 
107 114 115 
108 115 2 
1 2 1 20
109 2 116 
110 116 117 
111 117 118 
112 118 119 
113 119 120 
114 120 121 
115 121 122 
116 122 123 
117 123 124 
118 124 125 
119 125 126 
120 126 127 
121 127 128 
122 128 129 
123 129 130 
124 130 131 
125 131 132 
126 132 133 
127 133 134 
128 134 3 
1 3 1 108
129 3 135 
130 135 136 
131 136 137 
132 137 138 
133 138 139 
134 139 140 
135 140 141 
136 141 142 
137 142 143 
138 143 144 
139 144 145 
140 145 146 
141 146 147 
142 147 148 
143 148 149 
144 149 150 
145 150 151 
146 151 152 
147 152 153 
148 153 154 
149 154 155 
150 155 156 
151 156 157 
152 157 158 
153 158 159 
154 159 160 
155 160 161 
156 161 162 
157 162 163 
158 163 164 
159 164 165 
160 165 166 
161 166 167 
162 167 168 
163 168 169 
164 169 170 
165 170 171 
166 171 172 
167 172 173 
168 173 174 
169 174 175 
170 175 176 
171 176 177 
172 177 178 
173 178 179 
174 179 180 
175 180 181 
176 181 182 
177 182 183 
178 183 184 
179 184 185 
180 185 186 
181 186 187 
182 187 188 
183 188 189 
184 189 190 
185 190 191 
186 191 192 
187 192 193 
188 193 194 
189 194 195 
190 195 196 
191 196 197 
192 197 198 
193 198 199 
194 199 200 
195 200 201 
196 201 202 
197 202 203 
198 203 204 
199 204 205 
200 205 206 
201 206 207 
202 207 208 
203 208 209 
204 209 210 
205 210 211 
206 211 212 
207 212 213 
208 213 214 
209 214 215 
210 215 216 
211 216 217 
212 217 218 
213 218 219 
214 219 220 
215 220 221 
216 221 222 
217 222 223 
218 223 224 
219 224 225 
220 225 226 
221 226 227 
222 227 228 
223 228 229 
224 229 230 
225 230 231 
226 231 232 
227 232 233 
228 233 234 
229 234 235 
230 235 236 
231 236 237 
232 237 238 
233 238 239 
234 239 240 
235 240 241 
236 241 4 
1 4 1 20
237 4 242 
238 242 243 
239 243 244 
240 244 245 
241 245 246 
242 246 247 
243 247 248 
244 248 249 
245 249 250 
246 250 251 
247 251 252 
248 252 253 
249 253 254 
250 254 255 
251 255 256 
252 256 257 
253 257 258 
254 258 259 
255 259 260 
256 260 1 
1 5 1 8
257 5 261 
258 261 262 
259 262 263 
260 263 264 
261 264 265 
262 265 266 
263 266 267 
264 267 6 
1 6 1 8
265 6 268 
266 268 269 
267 269 270 
268 270 271 
269 271 272 
270 272 273 
271 273 274 
272 274 7 
1 7 1 8
273 7 275 
274 275 276 
275 276 277 
276 277 278 
277 278 279 
278 279 280 
279 280 281 
280 281 8 
1 8 1 8
281 8 282 
282 282 283 
283 283 284 
284 284 285 
285 285 286 
286 286 287 
287 287 288 
288 288 5 
2 1 2 5776
289 208 209 1979 
290 1205 2744 2815 
291 1769 385 2679 
292 1992 820 2913 
293 2310 2276 2681 
294 1338 1254 1955 
295 1741 1740 3021 
296 1741 332 2976 
297 1751 367 2733 
298 357 1911 2906 
299 1379 1862 1941 
300 332 1741 1820 
301 367 1751 1834 
302 1493 1914 2672 
303 1362 1962 2095 
304 2666 1635 2667 
305 357 253 1911 
306 396 1775 1776 
307 42 402 1945 
308 1486 1485 2284 
309 388 1777 2126 
310 193 194 1932 
311 1486 2284 2786 
312 378 2053 2055 
313 1747 316 2325 
314 1050 1721 2827 
315 70 71 2017 
316 1721 1050 1812 
317 2851 2629 2936 
318 293 1797 1799 
319 1015 1011 2096 
320 396 1776 1778 
321 2170 2056 2534 
322 2056 2170 2535 
323 1740 2804 3021 
324 1936 1968 2641 
325 1745 1047 1994 
326 1958 315 2124 
327 1904 2851 2936 
328 388 2126 2127 
329 1254 1704 1955 
330 1339 2219 2306 
331 1668 1722 2708 
332 1814 1040 3027 
333 318 1754 1755 
334 332 1722 2976 
335 1645 2287 2606 
336 1759 406 1970 
337 2169 313 2170 
338 184 185 1783 
339 1743 1906 2638 
340 1763 2471 2605 
341 385 2230 2679 
342 1530 2125 2766 
343 341 110 2068 
344 1788 873 2754 
345 802 820 1992 
346 1623 2232 2424 
347 341 2042 2427 
348 1762 374 1971 
349 1962 1362 2096 
350 1744 343 2863 
351 1808 1986 1987 
352 1764 375 2612 
353 2000 1978 2676 
354 1233 2310 2681 
355 969 1040 1814 
356 1603 1788 2754 
357 1632 1861 2623 
358 1184 1781 2412 
359 1247 2063 2089 
360 1692 1689 2998 
361 1791 2801 2899 
362 375 1764 2771 
363 357 1743 2689 
364 1885 2000 2676 
365 1968 1350 2641 
366 1713 1716 1832 
367 1803 1013 1804 
368 1859 1732 2742 
369 1862 933 1941 
370 2139 2140 2271 
371 381 184 1783 
372 2063 1247 2774 
373 1958 2124 2125 
374 2012 790 2013 
375 1679 1379 1941 
376 968 969 1814 
377 208 1979 2854 
378 1688 1689 1692 
379 1721 1720 2827 
380 1667 1513 2693 
381 1529 1530 2766 
382 1336 2001 2662 
383 41 42 1945 
384 343 1744 2866 
385 891 1943 2603 
386 1943 891 2604 
387 1906 1743 2906 
388 1046 1773 2995 
389 2160 391 2770 
390 1770 914 1833 
391 1808 1987 1988 
392 820 895 2913 
393 1752 1791 2899 
394 2756 2259 2803 
395 1649 2116 2907 
396 301 2666 2667 
397 2053 378 2850 
398 1044 1374 2835 
399 437 1996 3003 
400 1734 1737 2888 
401 1374 1809 2835 
402 790 2012 2781 
403 352 1678 2763 
404 1696 1690 1787 
405 664 901 2057 
406 293 1799 1800 
407 1749 229 2802 
408 2017 71 2293 
409 374 1762 1972 
410 1804 1013 1805 
411 1649 2089 2735 
412 849 852 2852 
413 1791 852 2801 
414 229 1749 2832 
415 952 953 1821 
416 1213 1892 2610 
417 2089 1649 2862 
418 1479 2236 2242 
419 1914 329 2672 
420 1743 357 2906 
421 1948 2594 2739 
422 406 1759 2965 
423 2232 1528 2424 
424 2116 1649 2735 
425 1616 1929 2889 
426 1990 821 1991 
427 269 334 1688 
428 1678 352 2785 
429 356 1840 1922 
430 2052 400 2136 
431 1722 265 2708 
432 316 1747 2973 
433 1773 1046 1912 
434 852 1816 2852 
435 437 440 1996 
436 1729 1732 1782 
437 277 336 1711 
438 1636 1859 2742 
439 194 312 1932 
440 1825 1714 1826 
441 2779 1454 2887 
442 1812 1811 1813 
443 812 810 2604 
444 1754 318 2688 
445 2831 1465 2834 
446 1786 25 2699 
447 1792 392 2253 
448 1807 432 2841 
449 1821 957 2827 
450 399 193 1932 
451 872 1856 2022 
452 410 289 1748 
453 1690 334 1787 
454 852 853 2801 
455 1888 2820 2826 
456 2258 1133 2260 
457 2170 313 2883 
458 1734 275 1737 
459 142 2758 2894 
460 1929 355 2889 
461 1806 1805 2753 
462 2133 2040 2134 
463 1047 1745 1995 
464 1974 2658 2664 
465 2159 2160 2770 
466 209 377 1979 
467 1716 1719 1832 
468 1011 1344 2096 
469 1831 1713 1832 
470 390 1817 1819 
471 1722 1668 2976 
472 285 284 1687 
473 1822 1670 2693 
474 1754 2688 2869 
475 1362 1015 2096 
476 1923 1329 2951 
477 1954 1338 1955 
478 1738 2916 2917 
479 2226 2779 2887 
480 1525 2139 2271 
481 253 254 1911 
482 2222 2831 2834 
483 1826 1735 1934 
484 2219 1624 2306 
485 2187 1339 2306 
486 1388 881 1784 
487 402 1944 1945 
488 918 1347 1912 
489 25 26 2699 
490 398 1756 1909 
491 408 1242 1758 
492 1362 2095 2097 
493 2109 2756 2803 
494 1523 1745 1994 
495 1781 1829 2412 
496 1479 2242 2791 
497 1797 293 2592 
498 1675 2261 2405 
499 1484 1361 2269 
500 2679 2230 2861 
501 2804 1702 3021 
502 399 1680 2713 
503 1811 968 1813 
504 410 1748 1815 
505 1806 2753 2944 
506 1839 1210 2682 
507 887 1888 2826 
508 355 1929 2608 
509 2291 1502 2292 
510 1688 334 1689 
511 110 111 2068 
512 114 115 2065 
513 1892 1213 2980 
514 1785 382 2227 
515 1329 2640 2951 
516 1914 1493 2814 
517 1861 976 2623 
518 432 1807 2796 
519 2471 1763 2914 
520 2819 2132 2848 
521 2001 2000 2662 
522 1758 1242 1768 
523 2287 1645 2902 
524 1790 874 2695 
525 347 70 2017 
526 953 957 1821 
527 349 2119 2972 
528 2758 2072 2894 
529 819 2745 2776 
530 318 1755 1756 
531 1220 1779 2628 
532 998 996 2610 
533 2688 397 2869 
534 2287 321 2606 
535 233 355 2608 
536 926 2087 2607 
537 378 2055 2056 
538 2224 380 2361 
539 9 10 1939 
540 351 247 1802 
541 896 1928 2806 
542 1730 1812 1813 
543 1680 399 2882 
544 1961 2096 2911 
545 2700 899 2852 
546 1813 968 1814 
547 316 2229 2325 
548 1361 1676 2269 
549 2230 317 2861 
550 1703 1692 2998 
551 2305 2187 2306 
552 2471 361 2605 
553 2427 2042 2813 
554 1711 336 2975 
555 2178 1486 2786 
556 1743 1534 2689 
557 304 1761 2855 
558 2829 2594 2911 
559 2788 394 2903 
560 2051 308 2052 
561 1761 304 2854 
562 1050 1811 1812 
563 2615 2074 2932 
564 1986 1808 2944 
565 1635 1677 2667 
566 2916 359 2917 
567 1687 284 2996 
568 1534 1827 2689 
569 2286 306 2461 
570 2594 1312 2739 
571 339 1729 1782 
572 2046 2819 2848 
573 1774 837 2721 
574 2745 1853 2776 
575 1775 396 2008 
576 2178 2786 2964 
577 2087 926 2800 
578 1936 1938 1968 
579 666 664 2057 
580 1777 388 2128 
581 901 1230 2057 
582 2013 1665 2744 
583 1756 398 2891 
584 1840 356 2895 
585 2156 2769 2807 
586 2818 139 2972 
587 2547 2808 2830 
588 1133 2258 2756 
589 1659 2802 2870 
590 1735 1826 2975 
591 2120 2818 2972 
592 2658 1488 2664 
593 1810 1333 1934 
594 341 2068 2794 
595 1861 1632 2920 
596 1670 1667 2693 
597 2003 1614 2530 
598 1736 1734 2888 
599 1019 1017 2097 
600 914 858 1833 
601 2743 981 2753 
602 1347 1773 1912 
603 2264 2187 2305 
604 939 1333 1810 
605 1344 2829 2911 
606 247 248 1802 
607 837 1774 2878 
608 335 1973 2994 
609 1863 1717 2752 
610 2096 1344 2911 
611 1963 821 1990 
612 2049 362 2066 
613 1050 962 1811 
614 305 2305 2306 
615 1856 872 2670 
616 382 1785 2964 
617 2065 115 2943 
618 2790 2630 2840 
619 1827 251 2689 
620 2040 2133 2680 
621 1530 2547 2830 
622 2773 2329 2775 
623 1677 2788 2903 
624 2245 1488 2658 
625 1720 1821 2827 
626 1907 1052 2851 
627 2126 1501 2127 
628 1753 358 2896 
629 1824 1825 1826 
630 1721 1812 2559 
631 2042 341 2794 
632 891 812 2604 
633 921 933 1862 
634 1505 1506 1954 
635 333 1859 2996 
636 1940 365 1969 
637 1896 1895 1950 
638 440 1997 2844 
639 2252 1672 2949 
640 1333 1826 1934 
641 1488 2245 2657 
642 1779 2615 2932 
643 1978 370 2676 
644 1665 2013 2877 
645 1783 185 2678 
646 308 2051 2053 
647 1258 1380 1953 
648 1997 441 2543 
649 2119 349 2727 
650 400 2052 2853 
651 1333 1824 1826 
652 358 1753 2990 
653 1996 440 2844 
654 1780 226 2866 
655 1659 1749 2802 
656 1371 2092 2093 
657 865 918 1912 
658 1895 290 1950 
659 881 1822 2693 
660 2000 1885 2662 
661 1513 1784 2693 
662 1792 2253 2712 
663 914 1770 2899 
664 9 1939 2939 
665 436 437 3003 
666 1652 1178 1829 
667 362 2049 2067 
668 2801 914 2899 
669 1853 1888 2776 
670 2405 2261 2740 
671 1942 1232 2860 
672 1805 2743 2753 
673 1961 1962 2096 
674 1606 1790 2695 
675 2798 1883 2913 
676 1915 1664 2778 
677 1388 1784 2650 
678 403 1766 2730 
679 1779 1220 2615 
680 1886 370 2659 
681 1842 819 2647 
682 2724 1686 2792 
683 881 831 1822 
684 1859 333 2954 
685 827 830 1864 
686 1006 2790 2840 
687 1782 1732 2954 
688 810 869 2604 
689 1733 337 1832 
690 2232 1623 2921 
691 1333 941 1824 
692 852 1791 1816 
693 315 1958 2912 
694 1238 1894 1896 
695 1703 1752 2899 
696 1764 323 2771 
697 2119 2120 2972 
698 996 1213 2610 
699 819 815 2647 
700 1816 2700 2852 
701 1672 2252 2787 
702 1911 254 2685 
703 1670 1822 2977 
704 254 255 2685 
705 389 1800 2729 
706 2127 1501 2705 
707 1614 2003 2815 
708 1835 363 1836 
709 2271 2140 2940 
710 1781 1184 2962 
711 390 1819 3011 
712 1592 1022 1815 
713 1717 1863 2839 
714 1210 1839 2718 
715 385 1769 2885 
716 2354 1910 2927 
717 1954 1506 2635 
718 1728 1733 2559 
719 830 1388 1864 
720 1012 1016 1995 
721 2092 1371 2097 
722 1502 2291 2732 
723 1835 1836 1841 
724 1052 1907 2884 
725 1660 2870 2958 
726 2276 2310 2892 
727 1974 1309 2658 
728 1964 1186 2711 
729 1728 1727 1733 
730 1696 1787 2890 
731 1022 412 1815 
732 1812 1730 2559 
733 1971 374 2960 
734 226 1780 2858 
735 2603 2642 2669 
736 2860 1736 2888 
737 1942 2860 2888 
738 1246 2823 2845 
739 1856 2670 2749 
740 1779 1776 2628 
741 1207 945 1863 
742 872 2022 2023 
743 1040 971 1861 
744 1238 998 2610 
745 2769 298 2807 
746 1784 881 2693 
747 1230 2050 2057 
748 325 2127 2705 
749 1527 1951 1952 
750 381 1772 2725 
751 891 2603 2669 
752 1973 1767 2994 
753 847 2808 2873 
754 1762 1495 1972 
755 1495 1503 1972 
756 291 1887 2620 
757 1807 1806 1808 
758 952 1821 2839 
759 1766 403 2902 
760 1801 358 2963 
761 1410 2273 2275 
762 1527 1952 1959 
763 440 441 1997 
764 323 1764 2907 
765 2246 1201 2470 
766 2001 1336 2930 
767 1991 821 3010 
768 291 221 1887 
769 1840 1837 1922 
770 2577 951 2709 
771 20 356 1922 
772 2716 22 2757 
773 1017 1362 2097 
774 1936 1937 1938 
775 1800 389 2919 
776 1232 1810 2860 
777 1007 1008 1255 
778 429 1976 2749 
779 1894 1238 2610 
780 1837 363 1922 
781 1778 1776 1779 
782 1976 1849 2749 
783 2050 1230 2054 
784 2273 1410 2278 
785 328 1693 1973 
786 1371 1019 2097 
787 366 1915 2778 
788 1685 285 1687 
789 18 363 1835 
790 1207 1863 2752 
791 1830 1535 3017 
792 895 2798 2913 
793 1950 1948 2739 
794 873 1864 2754 
795 1953 1964 2711 
796 330 1713 1831 
797 850 2636 2653 
798 1953 1380 1964 
799 266 265 1722 
800 1658 2716 2757 
801 1824 1207 1825 
802 1746 338 2842 
803 370 1886 2676 
804 270 269 1688 
805 408 289 409 
806 1347 1359 1535 
807 1347 1200 1359 
808 1671 2228 2949 
809 1726 1830 2842 
810 278 277 1711 
811 232 233 2608 
812 1484 2269 2674 
813 286 285 1685 
814 26 327 2699 
815 2635 1751 2733 
816 1527 1258 1953 
817 276 275 1734 
818 25 1786 3018 
819 1518 2017 2293 
820 2806 1928 2876 
821 290 1895 2102 
822 2804 1740 2977 
823 1320 1255 1355 
824 1933 2773 2775 
825 1942 1746 3026 
826 1804 1806 1807 
827 2823 1858 2845 
828 1826 1714 2975 
829 1958 2125 2830 
830 1841 1836 2762 
831 887 1858 2823 
832 1979 1761 2854 
833 978 983 1007 
834 2242 2243 2791 
835 935 937 1232 
836 856 858 914 
837 2224 2361 3029 
838 937 939 1810 
839 1263 1196 2094 
840 1186 1966 1967 
841 2095 2092 2097 
842 2675 356 2716 
843 259 404 1937 
844 2670 429 2749 
845 1355 2724 2792 
846 1901 1904 1908 
847 47 48 2008 
848 1808 1806 2944 
849 918 1200 1347 
850 2638 1057 2691 
851 1836 1837 1838 
852 1492 2638 2691 
853 2050 2047 2057 
854 1506 1751 2635 
855 1920 1469 2618 
856 1450 1916 1917 
857 959 962 1050 
858 313 2169 2909 
859 1048 1985 1986 
860 1823 235 2703 
861 1592 1919 2951 
862 438 1920 2618 
863 825 827 1864 
864 1829 1178 2412 
865 1928 896 2952 
866 1870 329 1914 
867 1232 937 1810 
868 1209 1012 1995 
869 830 831 881 
870 1752 1703 2998 
871 1892 1894 2610 
872 1865 377 1867 
873 943 1207 1824 
874 1523 1994 2726 
875 2636 1494 2653 
876 2651 1886 2659 
877 224 329 1870 
878 359 1835 1841 
879 939 941 1333 
880 327 1889 1918 
881 2116 323 2907 
882 1925 1926 1927 
883 1772 381 2898 
884 1636 1356 1859 
885 861 863 1046 
886 146 147 2128 
887 412 410 1815 
888 327 27 1889 
889 962 965 1811 
890 1186 1964 1966 
891 1255 1008 1329 
892 1875 1871 1914 
893 1787 1723 2890 
894 965 967 968 
895 1308 1974 2652 
896 918 919 1200 
897 354 1924 1925 
898 13 352 1913 
899 392 1792 2974 
900 1700 1820 3021 
901 1759 1970 2908 
902 1359 1379 1657 
903 1374 1375 1512 
904 858 861 1833 
905 1836 363 1837 
906 1042 2804 2977 
907 1016 1047 1995 
908 833 835 1042 
909 1007 983 1008 
910 258 259 1937 
911 1888 1853 2820 
912 973 976 1861 
913 1693 1767 1973 
914 2228 1671 2868 
915 827 829 830 
916 965 968 1811 
917 874 1790 2759 
918 1903 1908 2577 
919 1450 796 1916 
920 1541 2630 2738 
921 947 952 1863 
922 291 2651 2659 
923 1684 324 1919 
924 1013 1803 2874 
925 1907 1898 1935 
926 1890 1893 1918 
927 1857 1976 2857 
928 1871 1870 1914 
929 1505 1955 2772 
930 1007 1255 1320 
931 289 5 1748 
932 1512 1513 1666 
933 1937 404 1938 
934 1899 1900 1901 
935 2034 2038 2067 
936 2049 2034 2067 
937 941 943 1824 
938 305 2306 2928 
939 2136 400 2813 
940 312 1930 1932 
941 831 833 1822 
942 861 1046 1833 
943 261 289 408 
944 1901 1900 1904 
945 865 867 918 
946 257 364 1897 
947 830 829 831 
948 1903 1901 1908 
949 839 841 899 
950 1196 1371 2094 
951 1858 887 2826 
952 1371 2093 2094 
953 1899 1898 1900 
954 824 823 825 
955 1606 1660 1790 
956 2630 1497 2738 
957 824 825 873 
958 1817 390 2719 
959 1898 1897 1935 
960 1921 1920 2656 
961 809 811 1888 
962 1652 1829 2706 
963 1748 1684 2929 
964 2399 2260 2924 
965 2292 1502 2969 
966 353 1898 1899 
967 1838 1837 1839 
968 1756 1755 1757 
969 1927 1926 1928 
970 221 222 1887 
971 287 324 1684 
972 1889 1890 1918 
973 366 245 1915 
974 833 1042 1822 
975 2808 2547 2873 
976 943 945 1207 
977 326 263 1758 
978 1723 332 1820 
979 873 825 1864 
980 370 219 2659 
981 933 934 935 
982 971 973 1861 
983 1320 1355 1356 
984 1785 2178 2964 
985 1666 1667 1668 
986 1919 1923 2951 
987 1365 2354 2927 
988 1800 1799 2111 
989 933 935 1941 
990 899 2700 2961 
991 1535 1359 3017 
992 2628 1543 2690 
993 288 1684 1748 
994 1733 1832 2937 
995 353 1897 1898 
996 1044 1342 1374 
997 1925 1924 1926 
998 2003 1205 2815 
999 818 823 824 
1000 2286 2461 3028 
1001 945 947 1863 
1002 359 17 1835 
1003 1450 1997 2543 
1004 1048 987 1985 
1005 264 326 2708 
1006 377 1865 1979 
1007 1528 2232 2747 
1008 1897 364 1935 
1009 358 250 1827 
1010 1505 1954 1955 
1011 238 367 1834 
1012 2125 1530 2830 
1013 262 408 1758 
1014 2052 308 2853 
1015 1820 1741 3021 
1016 301 2418 2666 
1017 1450 1917 1997 
1018 1785 2227 2717 
1019 935 936 937 
1020 354 231 1924 
1021 976 978 2623 
1022 271 328 1973 
1023 30 290 2102 
1024 2870 1925 2958 
1025 267 332 1723 
1026 1007 1320 2623 
1027 381 1783 2898 
1028 2272 2273 2278 
1029 395 2272 2278 
1030 969 971 1040 
1031 48 297 2008 
1032 396 47 2008 
1033 279 330 1831 
1034 1726 335 1830 
1035 921 932 933 
1036 1809 2793 2835 
1037 337 1831 1832 
1038 2624 2025 2649 
1039 368 1870 1871 
1040 284 333 2996 
1041 1804 1805 1806 
1042 1974 1480 2652 
1043 334 268 1787 
1044 919 921 1862 
1045 249 250 358 
1046 976 977 978 
1047 796 798 1916 
1048 813 815 819 
1049 291 2620 2651 
1050 1710 2915 2938 
1051 856 857 858 
1052 16 17 359 
1053 2015 1967 2663 
1054 333 283 1782 
1055 1949 1960 1961 
1056 18 19 363 
1057 255 256 353 
1058 252 253 357 
1059 1737 338 1746 
1060 20 21 356 
1061 335 272 1973 
1062 1984 434 2905 
1063 2053 2051 2054 
1064 995 1198 1989 
1065 434 1984 2926 
1066 147 298 2128 
1067 388 146 2128 
1068 353 256 1897 
1069 2290 2505 3015 
1070 230 231 354 
1071 13 14 352 
1072 6 1723 1787 
1073 233 234 355 
1074 1788 1603 2847 
1075 436 1857 2945 
1076 1046 863 1912 
1077 1590 1022 1592 
1078 1980 1981 1982 
1079 2915 2645 2938 
1080 411 413 2639 
1081 1369 873 1788 
1082 443 446 2543 
1083 1889 369 1890 
1084 1983 1921 2926 
1085 398 1909 1910 
1086 863 865 1912 
1087 368 223 1870 
1088 246 247 351 
1089 337 280 1831 
1090 973 975 976 
1091 1985 1982 1986 
1092 813 814 815 
1093 957 958 959 
1094 825 826 827 
1095 849 851 852 
1096 246 351 1915 
1097 236 237 350 
1098 1053 2879 2938 
1099 28 369 1889 
1100 273 335 1726 
1101 1374 1342 1375 
1102 2134 2040 2991 
1103 1460 2781 3005 
1104 1727 337 1733 
1105 34 314 1960 
1106 811 812 813 
1107 818 822 823 
1108 1359 1200 1379 
1109 1238 1896 2622 
1110 23 24 340 
1111 858 859 861 
1112 1873 1875 1943 
1113 227 228 343 
1114 987 989 1985 
1115 224 225 329 
1116 815 817 818 
1117 26 27 327 
1118 374 1972 2614 
1119 1052 2629 2851 
1120 2112 1798 2381 
1121 1905 1906 2906 
1122 947 949 952 
1123 887 809 1888 
1124 937 938 939 
1125 338 274 1726 
1126 1320 1632 2623 
1127 2067 2038 2068 
1128 7 338 1737 
1129 1388 2650 2754 
1130 1986 1982 1987 
1131 918 867 919 
1132 1512 1375 1513 
1133 1947 371 1948 
1134 1988 1987 3009 
1135 350 237 1834 
1136 1857 436 3003 
1137 837 839 2721 
1138 809 810 811 
1139 853 855 856 
1140 441 443 2543 
1141 968 967 969 
1142 1888 811 2776 
1143 365 12 1913 
1144 1902 1901 1903 
1145 1201 2246 2795 
1146 1441 1613 2082 
1147 1856 1845 2022 
1148 1511 1346 1959 
1149 830 881 1388 
1150 1944 402 1946 
1151 2746 1355 2792 
1152 978 979 983 
1153 2715 2471 2914 
1154 2577 2709 2837 
1155 2781 2012 3005 
1156 2025 1193 2595 
1157 835 837 2878 
1158 33 34 1960 
1159 1669 1740 1741 
1160 43 44 2073 
1161 807 809 887 
1162 363 19 1922 
1163 805 806 807 
1164 32 371 1947 
1165 1946 2073 2074 
1166 235 1823 3019 
1167 807 808 809 
1168 1960 314 1961 
1169 1730 1728 2559 
1170 2133 846 2680 
1171 1905 1903 1906 
1172 1857 1851 1976 
1173 281 337 1727 
1174 1744 1780 2866 
1175 953 956 957 
1176 222 223 368 
1177 1947 1948 1950 
1178 244 366 1970 
1179 1845 1844 2022 
1180 1796 1797 2592 
1181 1725 2111 2621 
1182 831 832 833 
1183 2285 305 2928 
1184 1346 1527 1959 
1185 815 818 2647 
1186 1876 1873 1943 
1187 17 18 1835 
1188 827 828 829 
1189 2002 1529 2766 
1190 1951 1527 1953 
1191 358 1801 2896 
1192 365 1940 2864 
1193 28 29 369 
1194 1641 1739 2654 
1195 939 940 941 
1196 959 961 962 
1197 1851 1849 1976 
1198 803 805 1246 
1199 861 862 863 
1200 1891 369 2102 
1201 803 804 805 
1202 2258 2259 2756 
1203 351 1802 2768 
1204 1657 1379 1679 
1205 1356 1355 2746 
1206 2260 2399 2910 
1207 1760 1469 1920 
1208 250 251 1827 
1209 1873 1871 1875 
1210 1708 1710 1869 
1211 231 232 1924 
1212 1890 1892 1893 
1213 2243 2245 3001 
1214 339 1727 1728 
1215 1470 2025 2595 
1216 1956 1014 2581 
1217 2461 306 2736 
1218 1325 2624 2649 
1219 1609 1523 2726 
1220 1980 1240 1981 
1221 2791 2243 3001 
1222 2361 380 2734 
1223 1980 1982 1985 
1224 1469 843 2618 
1225 1760 1920 1921 
1226 1967 1966 2663 
1227 1857 2857 2945 
1228 403 2287 2902 
1229 1672 1671 2949 
1230 1895 1891 2102 
1231 2245 2658 3001 
1232 12 13 1913 
1233 1872 1871 1873 
1234 327 1918 2704 
1235 1205 1003 2014 
1236 222 368 1887 
1237 223 224 1870 
1238 781 1186 1967 
1239 1956 1957 2598 
1240 364 258 1937 
1241 788 1441 2586 
1242 27 28 1889 
1243 290 1947 1950 
1244 1666 1513 1667 
1245 1355 1255 2724 
1246 1679 1942 3026 
1247 962 964 965 
1248 368 1871 1872 
1249 1047 1993 1994 
1250 218 370 1978 
1251 1714 1711 2975 
1252 1935 1936 2641 
1253 1893 1892 2980 
1254 220 221 291 
1255 1843 1789 1844 
1256 853 856 2801 
1257 1550 2101 2531 
1258 433 1987 2780 
1259 935 1232 1941 
1260 777 781 1967 
1261 255 353 2685 
1262 1968 1940 1969 
1263 282 339 1782 
1264 1847 1845 1856 
1265 1879 1963 1990 
1266 2111 2112 2621 
1267 933 932 934 
1268 1024 2112 2381 
1269 1900 1898 1907 
1270 1890 1891 1892 
1271 290 31 1947 
1272 1799 1798 2112 
1273 1938 404 1939 
1274 1844 1341 2900 
1275 991 1240 1980 
1276 833 834 835 
1277 257 258 364 
1278 1347 1535 1773 
1279 30 31 290 
1280 1860 15 2916 
1281 989 1980 1985 
1282 2590 650 2597 
1283 2101 1156 2531 
1284 1003 1005 2014 
1285 1226 1391 2085 
1286 356 21 2716 
1287 1462 2637 2648 
1288 798 800 803 
1289 244 245 366 
1290 965 966 967 
1291 2074 2615 2933 
1292 824 873 1369 
1293 2710 1739 2901 
1294 2505 2290 2788 
1295 2082 1613 2643 
1296 1220 2628 2690 
1297 11 12 365 
1298 44 319 2073 
1299 402 43 2073 
1300 798 803 1916 
1301 2009 2010 2011 
1302 1756 1757 1909 
1303 1254 1237 1704 
1304 1938 1939 1940 
1305 2011 2012 2013 
1306 1778 319 2966 
1307 825 823 826 
1308 1154 1151 2571 
1309 238 239 367 
1310 2051 2050 2054 
1311 256 257 1897 
1312 1056 1975 2081 
1313 1264 2081 2589 
1314 1156 1154 2004 
1315 1874 1873 1876 
1316 1456 2250 2855 
1317 19 20 1922 
1318 794 796 1450 
1319 1746 2842 3026 
1320 811 810 812 
1321 1916 1246 1917 
1322 245 246 1915 
1323 805 804 806 
1324 2879 1869 2938 
1325 1890 369 1891 
1326 1386 1548 2104 
1327 2076 1308 2652 
1328 1981 1983 1984 
1329 1865 1536 1979 
1330 813 812 814 
1331 935 934 936 
1332 1156 2004 2531 
1333 1668 1667 1669 
1334 777 1967 2015 
1335 1536 1761 1979 
1336 1047 1018 1993 
1337 1548 2103 2104 
1338 1999 2000 2001 
1339 1964 1380 1965 
1340 1614 1469 1760 
1341 218 219 370 
1342 1441 2082 2586 
1343 1828 367 2843 
1344 1938 1940 1968 
1345 1689 334 1690 
1346 807 806 808 
1347 2011 2010 2012 
1348 1866 1956 2581 
1349 1500 2070 2071 
1350 952 949 953 
1351 1921 1983 2867 
1352 446 794 2543 
1353 2127 325 2971 
1354 2095 1962 2524 
1355 2009 2011 2014 
1356 993 995 1989 
1357 2004 1154 2571 
1358 1606 1659 1660 
1359 1500 1327 2070 
1360 809 808 810 
1361 371 33 1960 
1362 406 243 1970 
1363 2070 1327 2084 
1364 984 987 1048 
1365 1998 786 2575 
1366 2053 2054 2055 
1367 803 800 804 
1368 373 214 2005 
1369 1999 1978 2000 
1370 1369 1788 1789 
1371 1001 1205 2003 
1372 1468 843 1469 
1373 1005 2009 2014 
1374 292 1999 2001 
1375 1881 1879 1990 
1376 339 8 1727 
1377 214 215 2005 
1378 237 238 1834 
1379 835 836 837 
1380 1948 371 1949 
1381 32 33 371 
1382 2076 1607 2637 
1383 1899 1901 1902 
1384 999 2003 2530 
1385 1641 1738 1739 
1386 2037 2060 2062 
1387 2009 1209 2010 
1388 1460 787 2593 
1389 1961 314 1962 
1390 1018 1020 1993 
1391 1193 2101 2595 
1392 1884 1881 1990 
1393 769 1442 2554 
1394 1459 1998 2575 
1395 243 244 1970 
1396 1327 1226 2085 
1397 1884 1990 1991 
1398 1014 1956 2598 
1399 1987 433 3009 
1400 1387 1386 2104 
1401 1698 1694 2684 
1402 1441 1511 1613 
1403 989 991 1980 
1404 292 216 1999 
1405 314 35 2524 
1406 1525 2271 2765 
1407 217 218 1978 
1408 1014 2574 2581 
1409 2081 1975 2589 
1410 2103 1548 2105 
1411 837 838 839 
1412 1951 1345 1952 
1413 785 1345 1951 
1414 1869 1006 2840 
1415 1879 1877 1963 
1416 2842 1830 3017 
1417 2261 1675 2968 
1418 2800 659 2984 
1419 31 32 1947 
1420 1010 1209 2009 
1421 1993 1385 1994 
1422 1962 314 2524 
1423 2060 2037 2479 
1424 1324 2100 2558 
1425 991 993 1240 
1426 1892 1891 1894 
1427 2059 2060 2479 
1428 2077 1160 2105 
1429 1854 1851 1857 
1430 217 1978 1999 
1431 1906 1903 2577 
1432 424 1988 3009 
1433 781 783 1186 
1434 1946 402 2073 
1435 1160 2079 2080 
1436 957 959 2827 
1437 2574 1998 2581 
1438 1262 1378 1385 
1439 2016 486 2137 
1440 788 1346 1441 
1441 1702 1700 3021 
1442 976 975 977 
1443 815 814 817 
1444 321 1977 2606 
1445 2085 2590 2597 
1446 1160 2077 2079 
1447 1395 2016 2137 
1448 773 777 2015 
1449 1883 1881 1884 
1450 1548 2077 2105 
1451 2093 2091 2098 
1452 1935 364 1936 
1453 1385 1378 1765 
1454 369 29 2102 
1455 1943 1875 2603 
1456 1268 902 2021 
1457 2006 1150 2557 
1458 785 847 1345 
1459 2037 2062 2607 
1460 1872 1873 1874 
1461 2100 1455 2558 
1462 995 997 1198 
1463 2544 2090 2567 
1464 1267 2018 2020 
1465 2029 2032 2083 
1466 1368 787 1460 
1467 643 2167 2584 
1468 372 2092 2095 
1469 2091 38 2098 
1470 2731 2285 2928 
1471 821 1963 2634 
1472 1151 1150 2571 
1473 2124 373 2125 
1474 783 784 785 
1475 1020 1262 1993 
1476 1262 1385 1993 
1477 999 1001 2003 
1478 777 778 781 
1479 1515 1338 1954 
1480 372 2095 2524 
1481 259 260 404 
1482 781 782 783 
1483 1001 1003 1205 
1484 372 2091 2092 
1485 1909 1757 1933 
1486 1520 1605 1606 
1487 1442 2434 2554 
1488 242 243 406 
1489 1815 1748 2929 
1490 665 663 2075 
1491 2049 2066 2083 
1492 1866 1868 1956 
1493 1956 1868 1957 
1494 1005 1010 2009 
1495 2115 2114 2469 
1496 856 855 857 
1497 2260 1133 2924 
1498 937 936 938 
1499 902 1267 2021 
1500 818 817 822 
1501 2101 1550 2595 
1502 2092 2091 2093 
1503 634 2115 2469 
1504 1393 1395 2137 
1505 2018 1267 2075 
1506 1268 2021 2549 
1507 2331 2080 2550 
1508 486 2016 2516 
1509 1267 2020 2021 
1510 292 2001 2002 
1511 1441 1346 1511 
1512 1016 1018 1047 
1513 1543 1353 2024 
1514 2032 2049 2083 
1515 1267 665 2075 
1516 2058 120 2059 
1517 1150 1148 2557 
1518 852 851 853 
1519 789 2583 2585 
1520 2075 663 2465 
1521 2027 2029 2083 
1522 1459 1537 1998 
1523 121 331 2059 
1524 773 776 777 
1525 2026 360 2027 
1526 1262 1373 1378 
1527 119 120 2058 
1528 1185 2544 2567 
1529 407 2064 2065 
1530 762 1393 2487 
1531 1038 1039 2578 
1532 1010 1012 1209 
1533 2069 1304 2143 
1534 2123 2501 2572 
1535 2059 331 2060 
1536 2026 2027 2064 
1537 1551 2069 2143 
1538 1431 2131 2503 
1539 2058 2059 2479 
1540 1020 1261 1262 
1541 2065 2064 2066 
1542 372 37 2091 
1543 1343 1268 2536 
1544 930 1056 2081 
1545 118 360 2026 
1546 769 771 1442 
1547 1317 1496 2122 
1548 1304 2069 2144 
1549 1907 1935 2641 
1550 2518 1273 2561 
1551 803 1246 1916 
1552 663 646 2465 
1553 2531 1544 2560 
1554 34 35 314 
1555 875 1043 1044 
1556 2520 2385 2549 
1557 755 757 2105 
1558 376 2088 2441 
1559 1442 771 2015 
1560 324 1686 1919 
1561 2080 2079 2550 
1562 1896 1950 2739 
1563 2085 1391 2590 
1564 753 1160 2080 
1565 38 39 2098 
1566 2131 1306 2503 
1567 757 2103 2105 
1568 407 2026 2064 
1569 2114 1429 2469 
1570 2104 1264 2589 
1571 1924 232 2608 
1572 1632 1356 1636 
1573 1431 2129 2130 
1574 1429 2114 2142 
1575 120 121 2059 
1576 792 2107 2553 
1577 880 1439 2099 
1578 2073 319 2074 
1579 751 753 2080 
1580 1055 1308 2076 
1581 1393 2137 2487 
1582 1436 915 2090 
1583 37 38 2091 
1584 863 864 865 
1585 39 300 2098 
1586 216 217 1999 
1587 1431 2130 2131 
1588 780 775 2090 
1589 893 930 2081 
1590 1525 1330 2490 
1591 520 2147 2394 
1592 2024 1193 2025 
1593 2119 2118 2120 
1594 2249 304 2250 
1595 133 134 405 
1596 1802 248 2990 
1597 1440 2070 2084 
1598 116 117 407 
1599 1552 1551 2143 
1600 1160 755 2105 
1601 407 117 2026 
1602 2167 1601 2584 
1603 2243 2244 2245 
1604 2534 1343 2536 
1605 1150 2006 2571 
1606 1439 1440 2084 
1607 215 292 2005 
1608 1508 1353 1543 
1609 777 776 778 
1610 1173 1184 2412 
1611 123 376 2441 
1612 2032 2033 2034 
1613 1192 1157 1193 
1614 1353 1192 2024 
1615 1552 2145 2146 
1616 2106 903 2439 
1617 2064 2027 2083 
1618 2032 2031 2033 
1619 36 37 372 
1620 1173 1171 1184 
1621 2103 1264 2104 
1622 781 778 782 
1623 1447 765 2519 
1624 662 880 2099 
1625 2029 2031 2032 
1626 1874 1876 1877 
1627 2244 346 2245 
1628 1552 2143 2145 
1629 2117 2118 2119 
1630 2447 1411 2506 
1631 1137 1135 2142 
1632 2027 2028 2029 
1633 1459 1536 1537 
1634 915 780 2090 
1635 839 840 841 
1636 2027 360 2028 
1637 1192 1193 2024 
1638 1457 1458 1459 
1639 1597 1428 2522 
1640 1187 915 1436 
1641 1193 1157 2101 
1642 1866 1867 1868 
1643 1687 2746 2792 
1644 2236 2241 2242 
1645 195 196 2247 
1646 759 1264 2103 
1647 930 1055 1056 
1648 475 477 2508 
1649 768 925 2129 
1650 2060 331 2061 
1651 1431 768 2129 
1652 1537 1865 1866 
1653 1538 2117 2119 
1654 375 128 2110 
1655 1056 1055 2076 
1656 1316 1317 2122 
1657 2155 1521 2156 
1658 1538 1203 2117 
1659 1395 1462 1483 
1660 1132 2108 2454 
1661 1157 1156 2101 
1662 1326 1501 2359 
1663 2060 2061 2062 
1664 1395 1483 2016 
1665 2108 1517 2454 
1666 1135 1429 2142 
1667 1399 1521 2155 
1668 360 119 2058 
1669 1180 1324 2558 
1670 2241 387 2242 
1671 2139 1525 2490 
1672 2034 2033 2035 
1673 1264 893 2081 
1674 759 893 1264 
1675 2242 387 2243 
1676 2034 2035 2038 
1677 215 216 292 
1678 131 132 374 
1679 785 784 847 
1680 376 124 2116 
1681 1204 2458 2481 
1682 2556 2006 2557 
1683 2147 2145 2394 
1684 1622 2106 2439 
1685 1393 1394 1395 
1686 1323 2496 2498 
1687 2016 1483 2582 
1688 213 373 2124 
1689 2084 1327 2085 
1690 1501 2126 2359 
1691 1155 1154 1156 
1692 744 1417 2435 
1693 1203 927 2117 
1694 1451 1250 2150 
1695 893 929 930 
1696 2032 2034 2049 
1697 2029 2030 2031 
1698 1485 1323 2498 
1699 2048 2052 2136 
1700 2115 2556 2557 
1701 1143 1140 2113 
1702 511 514 2177 
1703 779 882 2477 
1704 662 879 880 
1705 2458 2106 2481 
1706 1324 1463 2100 
1707 2107 1593 2553 
1708 927 1316 2117 
1709 1055 1239 1308 
1710 1378 1781 2007 
1711 762 1387 1393 
1712 757 759 2103 
1713 930 1054 1055 
1714 1149 1148 1150 
1715 118 119 360 
1716 2117 1316 2118 
1717 656 846 2133 
1718 2132 652 2141 
1719 2038 2035 2039 
1720 751 2080 2331 
1721 312 195 2247 
1722 880 927 1203 
1723 384 197 2237 
1724 609 611 2462 
1725 2149 2496 2504 
1726 2086 2036 2087 
1727 1153 1151 1154 
1728 1445 765 1447 
1729 384 2237 2238 
1730 2045 2048 2136 
1731 384 2238 2239 
1732 1440 1538 1539 
1733 759 892 893 
1734 2039 2041 2042 
1735 2135 1297 2172 
1736 925 1249 2129 
1737 1140 1137 2142 
1738 620 629 2123 
1739 2113 1140 2142 
1740 1556 2135 2172 
1741 203 346 2244 
1742 846 654 2132 
1743 880 879 927 
1744 912 1399 2380 
1745 2021 2520 2549 
1746 1417 746 2331 
1747 2109 2108 2456 
1748 654 652 2132 
1749 1439 1203 1440 
1750 753 755 1160 
1751 2518 1597 2522 
1752 2071 1539 2072 
1753 1249 1451 1452 
1754 1308 1309 1974 
1755 646 639 2465 
1756 2289 2288 2290 
1757 129 342 2110 
1758 1155 1156 1157 
1759 2129 1452 2130 
1760 2062 2061 2063 
1761 117 118 2026 
1762 2501 1448 2572 
1763 1440 1203 1538 
1764 1297 2135 2173 
1765 2212 637 2463 
1766 2240 2238 2246 
1767 2234 311 2236 
1768 1395 1394 1462 
1769 645 649 650 
1770 2042 2041 2043 
1771 2239 2238 2240 
1772 2583 1549 2585 
1773 2120 2118 2121 
1774 509 511 2177 
1775 213 214 373 
1776 2031 2036 2086 
1777 2048 2050 2051 
1778 201 387 2241 
1779 2444 1275 2493 
1780 1452 1451 1602 
1781 2114 2113 2142 
1782 204 205 2248 
1783 346 204 2248 
1784 1148 1146 1392 
1785 755 756 757 
1786 1324 1325 1463 
1787 2029 2028 2030 
1788 2061 331 2441 
1789 657 663 664 
1790 2238 2235 2246 
1791 1550 2531 2560 
1792 129 130 342 
1793 1147 1146 1148 
1794 1392 2114 2115 
1795 1149 1150 1151 
1796 2147 520 2447 
1797 2045 2047 2048 
1798 2070 1539 2071 
1799 125 323 2116 
1800 620 628 629 
1801 2233 311 2234 
1802 886 1434 2148 
1803 297 2288 2289 
1804 1393 1387 1394 
1805 121 122 331 
1806 757 758 759 
1807 657 646 663 
1808 2233 2234 2235 
1809 2111 1799 2112 
1810 664 663 665 
1811 643 645 2167 
1812 206 304 2249 
1813 1180 1183 1324 
1814 739 2148 2149 
1815 2048 2047 2050 
1816 196 384 2247 
1817 2375 1644 2429 
1818 127 128 375 
1819 2163 595 2168 
1820 656 654 846 
1821 659 656 2133 
1822 880 1203 1439 
1823 1224 1326 2359 
1824 1429 763 2451 
1825 1417 2180 2435 
1826 1304 2144 2177 
1827 123 124 376 
1828 2147 2447 2506 
1829 1250 1367 2150 
1830 1583 2212 2463 
1831 844 2152 2486 
1832 2043 2045 2136 
1833 751 752 753 
1834 1378 1373 1781 
1835 197 198 2237 
1836 1399 2155 2380 
1837 2019 2075 2465 
1838 1058 1456 1457 
1839 540 2176 2346 
1840 1249 1452 2129 
1841 1326 1500 1501 
1842 2033 2031 2086 
1843 753 754 755 
1844 1181 1178 1652 
1845 664 665 901 
1846 2031 2030 2036 
1847 649 662 2099 
1848 2088 2061 2441 
1849 2148 1434 2149 
1850 2248 205 2249 
1851 2039 2040 2041 
1852 1191 1157 1192 
1853 1352 1192 1353 
1854 1367 1647 1648 
1855 1557 1556 2172 
1856 741 886 2148 
1857 647 646 657 
1858 1262 1261 1373 
1859 125 126 323 
1860 1153 1154 1155 
1861 614 620 2123 
1862 2138 594 2163 
1863 1358 2156 2157 
1864 605 608 2153 
1865 1249 1250 1451 
1866 2048 2051 2052 
1867 640 639 646 
1868 2108 1132 2456 
1869 315 212 2124 
1870 1440 1539 2070 
1871 1168 609 2462 
1872 514 1304 2177 
1873 2437 2019 2465 
1874 1399 1474 1521 
1875 1147 1148 1149 
1876 1557 2174 2175 
1877 2069 1589 2538 
1878 2496 1323 2504 
1879 594 2138 2194 
1880 783 782 784 
1881 202 203 2244 
1882 650 649 2099 
1883 2403 1405 2432 
1884 1557 2172 2174 
1885 1367 1648 2150 
1886 1622 1931 2106 
1887 1358 2155 2156 
1888 1169 2375 2429 
1889 1270 727 2196 
1890 603 605 2153 
1891 912 1223 1399 
1892 739 2149 2491 
1893 594 595 2163 
1894 2288 394 2290 
1895 2043 2044 2045 
1896 1228 1268 1343 
1897 927 928 1316 
1898 1465 2562 2565 
1899 1146 1143 2113 
1900 1765 1378 2007 
1901 212 213 2124 
1902 901 902 1228 
1903 128 129 2110 
1904 901 665 902 
1905 2066 2064 2083 
1906 1521 1474 1777 
1907 2045 2046 2047 
1908 1145 1143 1146 
1909 1507 1353 1508 
1910 200 201 2241 
1911 610 2433 2437 
1912 1358 2157 2158 
1913 615 612 639 
1914 124 125 2116 
1915 748 750 751 
1916 925 1248 1249 
1917 608 1594 2153 
1918 1392 2113 2114 
1919 1228 902 1268 
1920 1399 1223 1474 
1921 1586 1422 2450 
1922 608 1168 1594 
1923 1411 720 2154 
1924 1457 1459 2575 
1925 2176 2174 2346 
1926 2146 1270 2196 
1927 199 311 2233 
1928 198 199 2233 
1929 901 1228 1230 
1930 1330 1125 2490 
1931 893 892 929 
1932 1517 1423 2454 
1933 1551 1291 1589 
1934 2158 2157 2160 
1935 662 878 879 
1936 741 884 886 
1937 640 646 647 
1938 1273 2165 2166 
1939 1317 1495 1496 
1940 2433 2019 2437 
1941 531 534 2193 
1942 1269 731 1291 
1943 744 746 1417 
1944 720 722 2154 
1945 2152 1582 2486 
1946 1595 1163 2179 
1947 1109 1420 2165 
1948 1597 2518 2561 
1949 657 664 666 
1950 657 666 2141 
1951 1551 1589 2069 
1952 886 1194 1208 
1953 1178 1175 2412 
1954 1145 1146 1147 
1955 1269 1291 1551 
1956 1111 1109 2165 
1957 597 600 2168 
1958 2162 1289 2188 
1959 903 2106 2458 
1960 2151 1561 2392 
1961 786 1998 2574 
1962 1559 2162 2188 
1963 729 731 1269 
1964 1208 1358 2158 
1965 1135 763 1429 
1966 2392 1068 2422 
1967 523 526 2348 
1968 1396 2163 2168 
1969 1208 1194 1358 
1970 2146 2145 2147 
1971 1289 2162 2189 
1972 1326 1327 1500 
1973 1360 1524 2169 
1974 645 650 2167 
1975 729 730 731 
1976 1496 1762 1763 
1977 2160 2157 2161 
1978 647 657 2141 
1979 886 884 1194 
1980 2018 1433 2020 
1981 1622 1930 1931 
1982 766 1431 2503 
1983 606 604 637 
1984 751 750 752 
1985 595 597 2168 
1986 2176 540 2403 
1987 727 728 729 
1988 529 531 2193 
1989 725 727 1270 
1990 738 741 2148 
1991 753 752 754 
1992 211 212 315 
1993 766 768 1431 
1994 1435 2158 2159 
1995 1125 1123 2484 
1996 2063 2088 2089 
1997 2165 1420 2166 
1998 890 2164 2300 
1999 2164 890 2199 
2000 521 523 2348 
2001 2039 2035 2040 
2002 902 665 1267 
2003 1434 1208 1435 
2004 771 773 2015 
2005 639 612 2437 
2006 1297 2173 2193 
2007 1322 1486 2323 
2008 2176 2403 2432 
2009 492 762 2487 
2010 725 726 727 
2011 1561 2151 2396 
2012 1552 2146 2196 
2013 1360 1330 1524 
2014 1435 1208 2158 
2015 2159 2158 2160 
2016 888 2214 2416 
2017 615 639 640 
2018 1599 1310 2522 
2019 1554 1360 2169 
2020 736 739 2171 
2021 1620 1621 1622 
2022 2221 322 2222 
2023 757 756 758 
2024 736 738 739 
2025 1126 1125 1330 
2026 1420 717 2390 
2027 845 1037 2376 
2028 1620 1622 2439 
2029 1396 1397 1398 
2030 1163 1165 2179 
2031 560 2192 2318 
2032 1560 1559 2188 
2033 1389 637 1433 
2034 1524 1330 1525 
2035 1554 2169 2170 
2036 2135 1579 2467 
2037 733 735 1396 
2038 2166 1420 2402 
2039 882 1058 2477 
2040 1486 2178 2323 
2041 886 1208 1434 
2042 1117 1114 1273 
2043 1114 1111 2165 
2044 2171 2491 2499 
2045 1560 2190 2191 
2046 1272 710 2215 
2047 2254 2255 2261 
2048 2444 1586 2450 
2049 1121 1119 1158 
2050 1396 735 1397 
2051 727 729 2196 
2052 1392 1146 2113 
2053 885 912 2380 
2054 534 1297 2193 
2055 1560 2188 2190 
2056 2199 890 2345 
2057 2351 1401 2382 
2058 722 725 2154 
2059 600 618 733 
2060 748 751 2331 
2061 1124 1123 1125 
2062 209 210 377 
2063 205 206 2249 
2064 1398 1430 1580 
2065 1403 1287 2388 
2066 2268 401 2269 
2067 1126 1330 1360 
2068 1273 1114 2165 
2069 1398 1397 1430 
2070 2175 1272 2215 
2071 755 754 756 
2072 1454 2492 2497 
2073 35 36 2524 
2074 2182 2199 2345 
2075 746 748 2331 
2076 1405 703 2181 
2077 611 614 2462 
2078 1398 1580 2138 
2079 600 733 2168 
2080 2255 2256 2257 
2081 792 1199 2107 
2082 2257 2258 2260 
2083 733 734 735 
2084 2043 2041 2044 
2085 1443 1036 2436 
2086 2192 2190 2318 
2087 2263 2259 2332 
2088 2341 1498 2343 
2089 1322 1485 1486 
2090 930 929 1054 
2091 1234 1339 2186 
2092 1556 1283 1579 
2093 722 724 725 
2094 2439 903 2445 
2095 1561 1409 2392 
2096 551 554 2206 
2097 733 1396 2168 
2098 386 2254 2261 
2099 1315 1619 1620 
2100 1403 2341 2343 
2101 1275 2184 2185 
2102 1271 714 1283 
2103 703 705 2181 
2104 718 720 1411 
2105 1139 1137 1140 
2106 1165 1437 2179 
2107 1227 1510 2182 
2108 729 728 730 
2109 912 913 1223 
2110 2214 1572 2416 
2111 1584 1129 2195 
2112 2021 2020 2520 
2113 1079 1413 2184 
2114 735 734 736 
2115 1556 1579 2135 
2116 1271 1283 1556 
2117 2139 1299 2140 
2118 1299 1234 2186 
2119 2183 1282 2207 
2120 1165 1428 1437 
2121 1081 1079 2184 
2122 2254 309 2255 
2123 712 714 1271 
2124 1562 2183 2207 
2125 543 546 2309 
2126 2186 1339 2187 
2127 2256 309 2332 
2128 2255 309 2256 
2129 1422 1132 2454 
2130 712 713 714 
2131 1124 1125 1126 
2132 2175 2174 2176 
2133 1282 2183 2208 
2134 743 2363 2398 
2135 591 594 2194 
2136 1109 717 1420 
2137 731 730 792 
2138 2185 1413 2356 
2139 1224 1226 1326 
2140 526 718 2348 
2141 2257 2256 2258 
2142 549 551 2206 
2143 897 1227 2182 
2144 735 736 2171 
2145 710 711 712 
2146 541 543 2309 
2147 708 710 1272 
2148 2140 1299 2186 
2149 589 591 2194 
2150 727 726 728 
2151 1396 1398 2163 
2152 1122 1121 1123 
2153 1627 1628 1629 
2154 1037 1315 2376 
2155 1437 1597 1598 
2156 2184 1413 2185 
2157 1413 715 2350 
2158 2045 2044 2046 
2159 725 724 726 
2160 2330 2393 2395 
2161 2192 560 2351 
2162 725 1270 2154 
2163 1311 1310 1599 
2164 733 618 734 
2165 708 709 710 
2166 1433 637 2212 
2167 2182 1510 2199 
2168 1557 2175 2215 
2169 645 648 649 
2170 1289 2189 2206 
2171 2192 2351 2382 
2172 2214 1574 2419 
2173 580 2211 2299 
2174 897 1216 1227 
2175 1142 1140 1143 
2176 643 644 645 
2177 1129 1131 2195 
2178 1217 1322 2323 
2179 2259 2256 2332 
2180 2225 296 2226 
2181 870 1035 2330 
2182 1227 1466 1509 
2183 198 2233 2237 
2184 1563 1562 2207 
2185 1084 1081 2184 
2186 2162 1571 2409 
2187 2138 1580 2452 
2188 1574 1623 2424 
2189 554 1289 2206 
2190 1087 1084 1275 
2191 1269 1551 1552 
2192 1631 2164 2199 
2193 2322 1400 2338 
2194 1563 2209 2210 
2195 1638 1517 2108 
2196 710 712 2215 
2197 1427 1034 2389 
2198 1227 1509 1510 
2199 705 708 2181 
2200 1211 1117 1310 
2201 1563 2207 2209 
2202 1423 1303 2450 
2203 1275 1084 2184 
2204 1509 1466 1785 
2205 1510 1631 2199 
2206 1510 1509 1630 
2207 1158 1119 2398 
2208 1322 1323 1485 
2209 1276 695 2205 
2210 682 897 2182 
2211 1401 688 2197 
2212 1227 1216 1466 
2213 2211 2209 2299 
2214 1510 1630 1631 
2215 2363 1558 2398 
2216 492 624 762 
2217 590 588 2198 
2218 1627 1629 2393 
2219 628 641 643 
2220 844 1190 2152 
2221 2191 1276 2205 
2222 705 707 708 
2223 1559 1281 1571 
2224 2304 2336 2342 
2225 1279 2202 2203 
2226 2341 1403 2388 
2227 514 1026 1304 
2228 701 703 1405 
2229 712 711 713 
2230 688 690 2197 
2231 1302 1626 1627 
2232 1131 1424 2195 
2233 1113 1111 1114 
2234 1131 1422 1424 
2235 1274 699 1281 
2236 1060 1406 2202 
2237 1638 2108 2109 
2238 1559 1571 2162 
2239 1274 1281 1559 
2240 1573 1103 2216 
2241 1079 715 1413 
2242 571 574 2218 
2243 1062 1060 2202 
2244 546 701 2309 
2245 729 1269 2196 
2246 563 566 2298 
2247 72 307 2293 
2248 71 72 2293 
2249 697 699 1274 
2250 2191 2190 2192 
2251 1631 1630 1724 
2252 69 347 2263 
2253 68 69 2263 
2254 1398 2138 2163 
2255 633 590 2198 
2256 2336 900 2342 
2257 2201 1100 2327 
2258 1424 1586 1587 
2259 710 709 711 
2260 695 696 697 
2261 2277 2279 2280 
2262 561 563 2298 
2263 708 707 709 
2264 1560 2191 2205 
2265 2211 580 2322 
2266 697 698 699 
2267 2202 1406 2203 
2268 693 695 1276 
2269 2200 1100 2201 
2270 2419 1574 2424 
2271 1035 1302 2330 
2272 1234 1098 1339 
2273 791 1033 2304 
2274 569 571 2218 
2275 2231 295 2232 
2276 1547 1409 1561 
2277 2211 2322 2338 
2278 708 1272 2181 
2279 1282 2208 2218 
2280 695 697 2205 
2281 1101 1573 2349 
2282 2151 2392 2422 
2283 68 2263 2332 
2284 2183 1566 2357 
2285 693 694 695 
2286 1631 1724 1725 
2287 1278 677 2220 
2288 1287 1095 2204 
2289 1406 700 2317 
2290 1091 1100 2200 
2291 1231 1574 2214 
2292 1065 1062 2202 
2293 1357 1303 1423 
2294 1068 1065 1279 
2295 1103 1105 2216 
2296 2203 1406 2321 
2297 1271 1556 1557 
2298 690 693 2197 
2299 1631 1725 2164 
2300 1279 1065 2202 
2301 574 1282 2218 
2302 1421 1032 2340 
2303 697 1274 2205 
2304 714 713 844 
2305 1083 1081 1084 
2306 1294 1531 1532 
2307 2210 1278 2220 
2308 2198 588 2314 
2309 1586 2444 2493 
2310 2279 2277 2296 
2311 1400 669 2213 
2312 2273 2274 2275 
2313 888 1231 2214 
2314 1093 1091 2200 
2315 690 692 693 
2316 1093 2200 2204 
2317 1339 1098 2219 
2318 659 2133 2134 
2319 1562 1280 1566 
2320 1095 1093 2204 
2321 1397 735 2171 
2322 1091 1089 1100 
2323 669 671 2213 
2324 1277 681 1280 
2325 383 2251 2252 
2326 686 688 1401 
2327 598 596 743 
2328 2274 344 2296 
2329 566 686 2298 
2330 1562 1566 2183 
2331 1277 1280 1562 
2332 2272 344 2273 
2333 1161 1163 1595 
2334 1060 700 1406 
2335 583 586 2295 
2336 695 694 696 
2337 1568 1071 2294 
2338 1331 1287 1403 
2339 1033 1294 2304 
2340 2273 344 2274 
2341 679 681 1277 
2342 697 696 698 
2343 2275 2274 2276 
2344 1274 1560 2205 
2345 679 680 681 
2346 581 583 2295 
2347 677 678 679 
2348 1260 1287 1331 
2349 1260 1095 1287 
2350 1231 1526 1574 
2351 675 677 1278 
2352 592 590 633 
2353 2210 2209 2211 
2354 1296 1576 1577 
2355 2277 2274 2296 
2356 1300 1034 1427 
2357 534 1027 1297 
2358 1274 1559 1560 
2359 677 679 2220 
2360 1634 1672 2312 
2361 1634 1671 1672 
2362 1217 1219 1322 
2363 693 692 694 
2364 693 1276 2197 
2365 2279 310 2280 
2366 675 676 677 
2367 1094 1093 1095 
2368 1202 1087 1303 
2369 876 1031 2297 
2370 685 2307 2308 
2371 1096 1095 1260 
2372 671 675 2213 
2373 1412 1030 2311 
2374 699 698 888 
2375 1105 1296 2216 
2376 1105 1295 1296 
2377 1269 1552 2196 
2378 1075 1288 2217 
2379 1546 1409 1547 
2380 1092 1091 1093 
2381 2312 923 2315 
2382 1294 1532 2304 
2383 1331 1403 1625 
2384 1094 1095 1096 
2385 1064 1062 1065 
2386 1286 1633 1634 
2387 1071 1073 2294 
2388 671 674 675 
2389 1092 1093 1094 
2390 679 678 680 
2391 667 669 1400 
2392 586 667 2295 
2393 1127 1129 1584 
2394 87 310 2279 
2395 86 87 2279 
2396 677 676 678 
2397 86 2279 2296 
2398 554 1028 1289 
2399 1516 1423 1517 
2400 1793 1382 1794 
2401 675 1278 2213 
2402 1086 1084 1087 
2403 1075 1077 1288 
2404 1073 1075 2217 
2405 90 348 2291 
2406 89 90 2291 
2407 675 674 676 
2408 310 88 2292 
2409 1031 1286 2297 
2410 89 2291 2292 
2411 1563 2210 2220 
2412 1067 1065 1068 
2413 1794 1382 2301 
2414 681 680 877 
2415 1277 1562 1563 
2416 1073 2217 2294 
2417 574 1029 1282 
2418 1284 1030 1412 
2419 1101 1103 1573 
2420 88 89 2292 
2421 320 157 2223 
2422 181 296 2225 
2423 294 166 2228 
2424 317 178 2224 
2425 401 189 2221 
2426 171 172 379 
2427 178 179 2224 
2428 316 170 2229 
2429 177 317 2230 
2430 180 181 2225 
2431 166 167 2228 
2432 167 168 383 
2433 156 320 2227 
2434 179 180 380 
2435 163 164 392 
2436 173 295 2231 
2437 175 176 385 
2438 158 159 389 
2439 188 189 401 
2440 170 171 2229 
2441 169 316 2251 
2442 176 177 2230 
2443 190 322 2221 
2444 66 309 2254 
2445 172 173 2231 
2446 158 389 2223 
2447 179 380 2224 
2448 295 174 2262 
2449 168 169 2251 
2450 62 63 321 
2451 190 191 322 
2452 380 180 2225 
2453 183 184 381 
2454 392 164 2253 
2455 154 155 382 
2456 165 294 2253 
2457 174 175 2262 
2458 203 204 346 
2459 199 200 311 
2460 306 81 2265 
2461 100 101 313 
2462 383 168 2251 
2463 175 385 2262 
2464 171 379 2229 
2465 188 401 2268 
2466 150 151 391 
2467 64 65 386 
2468 167 383 2228 
2469 379 172 2231 
2470 164 165 2253 
2471 189 190 2221 
2472 393 99 2266 
2473 187 188 2268 
2474 303 187 2268 
2475 385 176 2230 
2476 96 97 345 
2477 81 82 2265 
2478 69 70 347 
2479 299 153 2267 
2480 65 66 2254 
2481 382 155 2227 
2482 157 158 2223 
2483 105 106 308 
2484 386 65 2254 
2485 155 156 2227 
2486 156 157 320 
2487 98 393 2270 
2488 84 344 2272 
2489 61 62 2287 
2490 62 321 2287 
2491 99 100 2266 
2492 49 50 2288 
2493 154 382 2267 
2494 152 299 2283 
2495 153 154 2267 
2496 57 58 2282 
2497 345 97 2270 
2498 103 104 378 
2499 82 83 395 
2500 192 193 399 
2501 395 83 2272 
2502 100 313 2266 
2503 97 98 2270 
2504 297 49 2288 
2505 83 84 2272 
2506 151 152 2283 
2507 82 395 2265 
2508 403 61 2287 
2509 80 306 2286 
2510 194 195 312 
2511 50 394 2288 
2512 50 51 394 
2513 46 47 396 
2514 391 151 2283 
2515 78 79 397 
2516 90 91 348 
2517 93 94 305 
2518 397 79 2286 
2519 390 57 2282 
2520 87 88 310 
2521 186 187 303 
2522 84 85 344 
2523 80 81 306 
2524 58 302 2282 
2525 72 73 307 
2526 76 77 318 
2527 74 75 398 
2528 66 67 309 
2529 98 99 393 
2530 206 207 304 
2531 201 202 387 
2532 79 80 2286 
2533 196 197 384 
2534 44 45 319 
2535 56 57 390 
2536 42 43 402 
2537 58 59 302 
2538 152 153 299 
2539 39 40 300 
2540 53 54 301 
2541 147 148 298 
2542 177 178 317 
2543 48 49 297 
2544 165 166 294 
2545 173 174 295 
2546 181 182 296 
2547 169 170 316 
2548 60 61 403 
2549 160 161 293 
2550 1069 1071 1568 
2551 93 305 2285 
2552 92 93 2285 
2553 1260 1331 1624 
2554 1286 1634 2297 
2555 91 92 2281 
2556 348 91 2281 
2557 667 1400 2295 
2558 1797 1795 1798 
2559 2281 92 2285 
2560 344 85 2296 
2561 1292 1032 1421 
2562 1408 1188 1409 
2563 586 626 667 
2564 667 668 669 
2565 1637 1354 2302 
2566 667 626 668 
2567 2307 1404 2308 
2568 686 1401 2298 
2569 1793 1794 1795 
2570 566 625 686 
2571 669 670 671 
2572 671 672 674 
2573 584 582 684 
2574 1502 1354 1637 
2575 586 587 626 
2576 587 585 588 
2577 1282 1029 2207 
2578 669 668 670 
2579 671 670 672 
2580 1611 1243 2335 
2581 2276 2274 2277 
2582 586 585 587 
2583 679 1277 2220 
2584 85 86 2296 
2585 583 585 586 
2586 676 674 890 
2587 578 576 685 
2588 1634 1633 1671 
2589 1797 1798 1799 
2590 2357 1566 2360 
2591 2297 2312 2315 
2592 1284 1412 1567 
2593 583 584 585 
2594 581 579 582 
2595 1796 1795 1797 
2596 1116 1114 1117 
2597 791 2304 2342 
2598 686 687 688 
2599 1075 1076 1077 
2600 577 579 580 
2601 1100 1089 2319 
2602 1064 1065 1067 
2603 686 625 687 
2604 580 579 581 
2605 1793 1795 1796 
2606 583 582 584 
2607 680 678 1024 
2608 581 582 583 
2609 1277 1563 2220 
2610 574 575 1029 
2611 1792 1382 1793 
2612 1077 1076 1222 
2613 575 573 576 
2614 1077 1222 1402 
2615 685 576 2307 
2616 1222 1076 1354 
2617 1498 1354 1502 
2618 684 582 2303 
2619 1222 1354 1498 
2620 1564 685 1570 
2621 577 578 579 
2622 701 1405 2309 
2623 1073 1074 1075 
2624 577 576 578 
2625 575 576 577 
2626 2295 1400 2322 
2627 571 573 574 
2628 1381 1285 1382 
2629 94 95 2305 
2630 305 94 2305 
2631 678 676 2300 
2632 684 2303 2319 
2633 1075 1074 1076 
2634 2207 1029 2209 
2635 1574 1526 1623 
2636 1074 1072 1233 
2637 572 570 632 
2638 676 890 2300 
2639 574 573 575 
2640 682 2182 2345 
2641 1071 1072 1073 
2642 1063 1066 1069 
2643 1408 1409 1546 
2644 1029 575 2299 
2645 1031 1285 1286 
2646 876 691 1030 
2647 1090 1091 1092 
2648 1069 1070 1071 
2649 309 67 2332 
2650 1069 1568 2316 
2651 575 577 2299 
2652 1031 1030 1284 
2653 1024 678 2300 
2654 1532 1531 1769 
2655 1286 1381 1633 
2656 564 562 700 
2657 689 687 908 
2658 1073 1072 1074 
2659 578 685 1564 
2660 1381 1382 1792 
2661 690 691 692 
2662 688 689 690 
2663 577 580 2299 
2664 2210 2211 2338 
2665 1296 1295 1576 
2666 1610 1243 1611 
2667 1067 1068 1188 
2668 1565 1061 2316 
2669 571 572 573 
2670 1070 1066 1167 
2671 694 692 2315 
2672 1031 1284 1285 
2673 572 632 1404 
2674 1284 1567 2301 
2675 1061 1063 2316 
2676 1071 1070 1072 
2677 1286 1285 1381 
2678 571 570 572 
2679 2209 1029 2299 
2680 1289 1028 2188 
2681 566 567 625 
2682 546 622 701 
2683 567 565 568 
2684 1278 2210 2338 
2685 569 570 571 
2686 582 579 2303 
2687 876 1030 1031 
2688 1069 1066 1070 
2689 688 687 689 
2690 692 691 876 
2691 1354 1076 2302 
2692 690 689 691 
2693 1382 1285 2301 
2694 579 578 2303 
2695 2218 2208 2324 
2696 1059 700 1060 
2697 1570 685 2308 
2698 1063 1064 1066 
2699 2303 1564 2319 
2700 1063 1062 1064 
2701 569 568 570 
2702 1076 1074 2302 
2703 1074 1233 2302 
2704 1285 1284 2301 
2705 1090 1089 1091 
2706 1302 1627 2330 
2707 566 565 567 
2708 563 565 566 
2709 1400 2213 2338 
2710 588 585 2314 
2711 567 568 569 
2712 585 584 2314 
2713 1059 1061 1565 
2714 923 694 2315 
2715 576 573 2307 
2716 96 345 2264 
2717 95 96 2264 
2718 876 2297 2315 
2719 558 556 716 
2720 1067 1188 1407 
2721 1407 1408 1410 
2722 1061 1062 1063 
2723 1061 1060 1062 
2724 696 694 923 
2725 1407 1188 1408 
2726 564 700 1059 
2727 1096 1260 2219 
2728 578 1564 2303 
2729 573 572 2307 
2730 580 581 2322 
2731 572 1404 2307 
2732 1233 1072 2310 
2733 682 683 897 
2734 1260 1624 2219 
2735 1083 1084 1086 
2736 1313 1036 1443 
2737 1090 1092 1414 
2738 1754 1611 1755 
2739 888 1229 1231 
2740 563 564 565 
2741 2297 1634 2312 
2742 561 559 562 
2743 1030 691 2311 
2744 1059 1060 1061 
2745 1167 1066 2320 
2746 1070 1167 2310 
2747 1406 2317 2321 
2748 581 2295 2322 
2749 1072 1070 2310 
2750 1063 1069 2316 
2751 1292 1421 1572 
2752 689 908 2311 
2753 1088 684 1089 
2754 584 684 1088 
2755 701 702 703 
2756 1064 1067 2320 
2757 692 876 2315 
2758 557 559 560 
2759 563 562 564 
2760 95 2264 2305 
2761 1066 1064 2320 
2762 560 559 561 
2763 691 689 2311 
2764 1315 1620 2376 
2765 561 562 563 
2766 1231 1481 1526 
2767 1067 1407 2320 
2768 567 569 2324 
2769 1481 1229 1482 
2770 569 2218 2324 
2771 1105 1106 1295 
2772 1089 684 2319 
2773 2393 889 2395 
2774 554 555 1028 
2775 568 565 2313 
2776 888 698 1229 
2777 701 622 702 
2778 2312 1672 2352 
2779 565 564 2313 
2780 700 562 2317 
2781 1576 1295 2151 
2782 1059 1565 2313 
2783 564 1059 2313 
2784 1098 1096 2219 
2785 559 558 2317 
2786 632 570 2328 
2787 716 556 2334 
2788 1088 1089 1090 
2789 558 716 2321 
2790 1481 1482 1747 
2791 712 1271 2215 
2792 1231 1229 1481 
2793 625 567 2324 
2794 1627 1626 1628 
2795 2298 1401 2351 
2796 557 558 559 
2797 555 553 556 
2798 1424 1422 1586 
2799 1271 1557 2215 
2800 584 1088 2314 
2801 568 2313 2328 
2802 2324 2208 2333 
2803 1103 1104 1105 
2804 562 559 2317 
2805 557 556 558 
2806 2188 1028 2190 
2807 1610 1611 1754 
2808 551 553 554 
2809 555 556 557 
2810 908 687 2333 
2811 1099 1098 1234 
2812 1100 2319 2327 
2813 2313 1565 2328 
2814 1222 1498 2341 
2815 552 550 636 
2816 1106 1104 1243 
2817 1105 1104 1106 
2818 2317 558 2321 
2819 1785 1466 2178 
2820 1028 555 2318 
2821 1564 1570 2327 
2822 554 553 555 
2823 1106 1243 1245 
2824 791 706 1032 
2825 1245 1610 1612 
2826 1202 1303 1357 
2827 1245 1243 1610 
2828 544 542 715 
2829 1518 1517 1638 
2830 1033 1293 1294 
2831 1033 1032 1292 
2832 1297 1027 2172 
2833 696 923 2326 
2834 555 557 2318 
2835 1101 1102 1103 
2836 1294 1528 1531 
2837 1092 1094 2337 
2838 704 702 907 
2839 1276 2191 2382 
2840 1082 1085 1101 
2841 2191 2192 2382 
2842 570 568 2328 
2843 703 704 705 
2844 718 1411 2348 
2845 1357 1423 1516 
2846 705 706 707 
2847 557 560 2318 
2848 1526 1481 2325 
2849 698 696 2326 
2850 2319 1564 2327 
2851 1102 1085 1107 
2852 625 2324 2333 
2853 547 545 548 
2854 552 636 1419 
2855 2409 1571 2411 
2856 1482 1229 2326 
2857 1481 1747 2325 
2858 674 672 2345 
2859 2316 1568 2344 
2860 890 674 2345 
2861 1078 715 1079 
2862 1389 1433 2018 
2863 1294 1293 1528 
2864 2190 1028 2318 
2865 1033 1292 1293 
2866 1097 1096 1098 
2867 1103 1102 1104 
2868 1644 1319 2429 
2869 741 742 884 
2870 687 625 2333 
2871 526 623 718 
2872 1414 1092 2337 
2873 791 1032 1033 
2874 1229 698 2326 
2875 2206 2189 2364 
2876 1412 2360 2374 
2877 762 1386 1387 
2878 1553 1360 1554 
2879 546 547 622 
2880 703 702 704 
2881 707 706 791 
2882 1401 2197 2382 
2883 551 552 553 
2884 1097 1099 1290 
2885 705 704 706 
2886 739 738 2148 
2887 384 2239 2247 
2888 2344 1568 2353 
2889 591 593 594 
2890 1086 1087 1202 
2891 549 550 551 
2892 547 548 549 
2893 2213 1278 2338 
2894 1101 1085 1102 
2895 551 550 552 
2896 549 548 550 
2897 1287 2204 2388 
2898 543 545 546 
2899 1516 1517 1518 
2900 1625 1403 2343 
2901 1402 1222 2341 
2902 1082 1081 1083 
2903 546 545 547 
2904 632 2328 2344 
2905 1080 1079 1081 
2906 67 68 2332 
2907 897 898 1216 
2908 1078 1080 1569 
2909 683 673 909 
2910 1082 1083 1085 
2911 1565 2316 2344 
2912 1094 1096 1097 
2913 544 715 1078 
2914 1122 1123 1124 
2915 711 709 900 
2916 1413 2350 2356 
2917 591 590 592 
2918 587 588 589 
2919 589 588 590 
2920 632 2344 2353 
2921 560 561 2351 
2922 2258 2256 2259 
2923 556 553 2334 
2924 870 2330 2395 
2925 2328 1565 2344 
2926 1568 2294 2353 
2927 1080 1081 1082 
2928 2326 923 2352 
2929 2304 1532 2336 
2930 1412 2311 2360 
2931 1083 1086 2329 
2932 1107 1085 2329 
2933 1243 1104 2335 
2934 1090 1414 2355 
2935 681 877 2366 
2936 538 536 732 
2937 552 1419 2334 
2938 1078 1079 1080 
2939 2201 2327 2369 
2940 1102 1107 2335 
2941 1032 706 2340 
2942 1482 2326 2352 
2943 561 2298 2351 
2944 553 552 2334 
2945 668 626 1415 
2946 1575 633 2371 
2947 1202 1357 1365 
2948 1673 1416 1674 
2949 543 544 545 
2950 1177 1175 1178 
2951 1104 1102 2335 
2952 2314 1088 2355 
2953 2294 2217 2362 
2954 1300 1427 1582 
2955 844 1189 1190 
2956 908 2333 2357 
2957 1085 1083 2329 
2958 541 539 542 
2959 1097 1098 1099 
2960 707 791 2342 
2961 1629 1628 1663 
2962 2208 2183 2357 
2963 704 907 2340 
2964 2360 1566 2374 
2965 923 2312 2352 
2966 1581 1299 2139 
2967 672 682 2345 
2968 1131 1132 1422 
2969 1558 633 1575 
2970 709 707 2342 
2971 537 539 540 
2972 1055 1054 1239 
2973 1794 2372 2379 
2974 2198 2314 2355 
2975 2362 2217 2365 
2976 543 542 544 
2977 1211 1310 1311 
2978 1125 2484 2490 
2979 706 704 2340 
2980 2237 2235 2238 
2981 1404 632 2353 
2982 541 542 543 
2983 1082 1101 2349 
2984 1322 1219 1323 
2985 1190 1370 1473 
2986 900 709 2342 
2987 738 740 741 
2988 718 719 720 
2989 1518 1638 2017 
2990 2217 1288 2365 
2991 540 539 541 
2992 591 592 593 
2993 548 545 2347 
2994 2383 1402 2387 
2995 1094 1097 2337 
2996 2204 2200 2387 
2997 715 542 2350 
2998 1280 2366 2374 
2999 743 596 2363 
3000 2333 2208 2357 
3001 1798 1795 2379 
3002 670 668 2339 
3003 1370 1189 1416 
3004 589 590 591 
3005 2353 2294 2362 
3006 549 2206 2364 
3007 534 535 1027 
3008 844 713 1189 
3009 1097 1290 2337 
3010 1113 1114 1116 
3011 535 533 536 
3012 2355 1414 2371 
3013 2365 1288 2369 
3014 547 549 2364 
3015 1088 1090 2355 
3016 1078 1569 2347 
3017 1152 1151 1153 
3018 680 1024 2381 
3019 544 1078 2347 
3020 545 544 2347 
3021 636 550 2367 
3022 759 758 892 
3023 1569 1080 2349 
3024 1077 1402 2383 
3025 672 673 682 
3026 548 2347 2367 
3027 1370 1416 1673 
3028 2311 908 2360 
3029 1794 2301 2372 
3030 1466 1216 2323 
3031 908 2357 2360 
3032 682 673 683 
3033 1080 1082 2349 
3034 1404 2353 2362 
3035 672 670 673 
3036 539 538 2350 
3037 2283 299 2284 
3038 718 623 719 
3039 2308 1404 2362 
3040 1190 1189 1370 
3041 2309 1405 2403 
3042 2372 877 2379 
3043 897 683 898 
3044 1129 1130 1131 
3045 2308 2362 2365 
3046 2364 2189 2384 
3047 2172 1027 2174 
3048 732 536 2377 
3049 535 536 537 
3050 1298 1234 1299 
3051 1027 535 2346 
3052 2366 1567 2374 
3053 2301 1567 2372 
3054 2347 1569 2367 
3055 626 587 2370 
3056 542 539 2350 
3057 537 538 539 
3058 1409 1188 2392 
3059 1566 1280 2374 
3060 1453 1301 1454 
3061 1437 1428 1597 
3062 2198 2355 2371 
3063 2204 2387 2388 
3064 885 911 912 
3065 537 536 538 
3066 683 909 2373 
3067 531 533 534 
3068 534 533 535 
3069 1216 1217 2323 
3070 538 732 2356 
3071 532 530 631 
3072 1357 1516 2354 
3073 1112 1115 1127 
3074 2270 393 2271 
3075 1280 681 2366 
3076 1570 2308 2365 
3077 589 2194 2370 
3078 535 537 2346 
3079 2178 1466 2323 
3080 622 547 2364 
3081 1570 2365 2369 
3082 1216 898 1217 
3083 1365 1357 2354 
3084 1035 1301 1302 
3085 907 702 2384 
3086 1304 1026 2143 
3087 1131 1130 1132 
3088 1127 1584 2391 
3089 1302 1453 1626 
3090 2366 877 2372 
3091 870 723 1034 
3092 506 744 2435 
3093 587 589 2370 
3094 1127 1128 1129 
3095 1296 1577 2404 
3096 592 633 1558 
3097 633 2198 2371 
3098 537 540 2346 
3099 711 900 2358 
3100 2327 1570 2369 
3101 550 548 2367 
3102 2350 538 2356 
3103 1035 1034 1300 
3104 713 711 2358 
3105 1567 1412 2374 
3106 2175 2176 2432 
3107 2151 1295 2396 
3108 620 627 628 
3109 1120 1119 1121 
3110 1415 626 2370 
3111 668 1415 2339 
3112 2201 2369 2383 
3113 721 719 906 
3114 2193 2173 2414 
3115 2349 1573 2386 
3116 1106 1245 2396 
3117 720 721 722 
3118 1272 2175 2432 
3119 1473 1370 2361 
3120 1777 1474 2126 
3121 722 723 724 
3122 606 637 1389 
3123 2216 2404 2407 
3124 524 522 717 
3125 506 621 744 
3126 1189 713 2358 
3127 1219 1218 1432 
3128 1798 2379 2381 
3129 1578 1110 2391 
3130 1302 1301 1453 
3131 1416 1189 2358 
3132 1099 1234 1298 
3133 2174 1027 2346 
3134 531 532 533 
3135 1110 1112 2391 
3136 1643 1319 1644 
3137 1130 1128 1133 
3138 1370 1673 2361 
3139 1626 1453 1772 
3140 1290 1099 2368 
3141 1035 1300 1301 
3142 1567 2366 2372 
3143 531 530 532 
3144 526 527 623 
3145 1129 1128 1130 
3146 1795 1794 2379 
3147 1116 1117 1211 
3148 532 631 1418 
3149 652 647 2141 
3150 877 680 2381 
3151 2201 2383 2387 
3152 2467 1579 2472 
3153 622 2364 2384 
3154 2197 1276 2382 
3155 1145 1147 2378 
3156 1421 2411 2420 
3157 2369 1288 2383 
3158 1217 1218 1219 
3159 529 530 531 
3160 1127 1115 1128 
3161 1288 1077 2383 
3162 595 593 596 
3163 1217 898 1218 
3164 673 670 2339 
3165 870 1034 1035 
3166 649 660 662 
3167 720 719 721 
3168 724 723 870 
3169 1311 1599 1600 
3170 909 673 2339 
3171 523 525 526 
3172 702 622 2384 
3173 527 525 528 
3174 722 721 723 
3175 593 592 2363 
3176 2200 2201 2387 
3177 636 2367 2386 
3178 2167 650 2590 
3179 594 593 595 
3180 1405 2181 2432 
3181 1279 2203 2417 
3182 2118 1316 2122 
3183 1663 1628 1783 
3184 1112 1113 1115 
3185 898 683 2373 
3186 1532 1769 2410 
3187 1298 1581 1585 
3188 1112 1111 1113 
3189 1766 1644 1771 
3190 600 601 618 
3191 526 525 527 
3192 2404 1419 2407 
3193 1108 717 1109 
3194 529 528 530 
3195 1298 1299 1581 
3196 2367 1569 2386 
3197 1417 2331 2550 
3198 1402 2341 2388 
3199 1575 2371 2397 
3200 2387 1402 2388 
3201 1108 1110 1578 
3202 1068 1279 2422 
3203 1569 2349 2386 
3204 1116 1211 1221 
3205 527 528 529 
3206 2386 1573 2407 
3207 536 533 2377 
3208 1572 2214 2419 
3209 2371 1414 2397 
3210 596 593 2363 
3211 1188 1068 2392 
3212 2379 877 2381 
3213 518 516 760 
3214 1674 1416 2401 
3215 1249 1248 1250 
3216 1110 1111 1112 
3217 540 541 2403 
3218 1126 1360 1553 
3219 636 2386 2407 
3220 2334 1419 2406 
3221 2376 2439 2445 
3222 1110 1109 1111 
3223 2358 900 2401 
3224 597 596 598 
3225 1118 743 1119 
3226 1420 2390 2402 
3227 1295 1106 2396 
3228 533 532 2377 
3229 1573 2216 2407 
3230 1279 2417 2422 
3231 1421 2340 2411 
3232 792 1197 1199 
3233 524 717 1108 
3234 521 519 522 
3235 1674 2401 2410 
3236 517 519 520 
3237 532 1418 2377 
3238 1414 2337 2397 
3239 1547 1561 2430 
3240 592 1558 2363 
3241 699 888 2416 
3242 1358 1194 2155 
3243 1622 1621 1930 
3244 1620 1619 1621 
3245 1120 1121 1122 
3246 1416 2358 2401 
3247 1218 898 2373 
3248 523 524 525 
3249 541 2309 2403 
3250 523 522 524 
3251 900 2336 2401 
3252 2452 1580 2459 
3253 1034 723 2389 
3254 907 2384 2409 
3255 728 726 889 
3256 736 737 738 
3257 2203 2321 2415 
3258 2337 1290 2397 
3259 1112 1127 2391 
3260 521 522 523 
3261 597 599 600 
3262 1771 1644 2375 
3263 1099 1298 2368 
3264 1108 1109 1110 
3265 2396 1245 2430 
3266 1313 1443 1593 
3267 2216 1296 2404 
3268 2330 1627 2393 
3269 721 906 2389 
3270 744 745 746 
3271 2397 1290 2413 
3272 2189 2162 2409 
3273 2411 1571 2420 
3274 2404 1577 2406 
3275 1165 1166 1428 
3276 1113 1116 2399 
3277 2401 2336 2410 
3278 716 2334 2406 
3279 1311 1600 1675 
3280 724 870 2395 
3281 520 519 521 
3282 1115 1113 2399 
3283 1292 1572 2419 
3284 1119 743 2398 
3285 941 942 943 
3286 792 730 1197 
3287 726 724 2395 
3288 1419 636 2407 
3289 723 721 2389 
3290 1298 1585 2368 
3291 717 522 2390 
3292 595 596 597 
3293 1199 1361 1484 
3294 1139 1140 1142 
3295 1116 1221 2399 
3296 1675 1600 1977 
3297 2536 1268 2549 
3298 1419 2404 2406 
3299 598 743 1118 
3300 1144 1143 1145 
3301 2384 2189 2409 
3302 1575 2397 2413 
3303 1281 2416 2420 
3304 514 515 1026 
3305 519 518 2390 
3306 2393 1629 2453 
3307 1211 1311 2405 
3308 716 2406 2415 
3309 527 529 2414 
3310 529 2193 2414 
3311 1629 1663 2476 
3312 2406 1577 2415 
3313 1124 1126 2385 
3314 1158 2398 2426 
3315 2236 311 2241 
3316 601 599 602 
3317 1361 1197 1425 
3318 1221 1211 2405 
3319 2233 2235 2237 
3320 744 621 745 
3321 1561 2396 2430 
3322 614 616 620 
3323 518 760 2402 
3324 2348 1411 2447 
3325 1643 1644 1766 
3326 889 726 2395 
3327 1122 1124 1159 
3328 528 525 2400 
3329 2243 387 2244 
3330 522 519 2390 
3331 2336 1532 2410 
3332 1108 1578 2400 
3333 2340 907 2411 
3334 517 518 519 
3335 515 513 516 
3336 760 516 2428 
3337 1118 1119 1120 
3338 1361 1425 1676 
3339 2450 1422 2454 
3340 1199 1197 1361 
3341 2414 2173 2431 
3342 907 2409 2411 
3343 525 524 2400 
3344 2143 1026 2145 
3345 631 530 2423 
3346 1376 1817 1818 
3347 1326 1226 1327 
3348 524 1108 2400 
3349 2203 2415 2417 
3350 1223 1224 2359 
3351 1311 1675 2405 
3352 1163 1164 1165 
3353 597 598 599 
3354 1377 1259 1471 
3355 1026 515 2394 
3356 2416 1572 2420 
3357 517 516 518 
3358 623 527 2414 
3359 515 516 517 
3360 1571 1281 2420 
3361 528 2400 2423 
3362 122 123 2441 
3363 2390 518 2402 
3364 511 513 514 
3365 1166 1164 1319 
3366 1464 1314 1465 
3367 1303 1087 2444 
3368 2321 716 2415 
3369 1165 1164 1166 
3370 1290 2368 2413 
3371 906 719 2431 
3372 477 480 2508 
3373 1328 2500 2505 
3374 1126 1553 2385 
3375 2195 2455 2460 
3376 512 510 638 
3377 1321 1643 1645 
3378 1281 699 2416 
3379 2146 2147 2506 
3380 1037 1314 1315 
3381 515 517 2394 
3382 1166 1319 1321 
3383 2400 1578 2423 
3384 514 513 515 
3385 651 647 652 
3386 600 599 601 
3387 517 520 2394 
3388 1321 1319 1643 
3389 1270 2146 2506 
3390 1037 1036 1313 
3391 1058 1457 2477 
3392 845 749 1036 
3393 1223 913 1224 
3394 1445 1447 1470 
3395 1424 1587 2455 
3396 1577 1576 2417 
3397 1161 1162 1163 
3398 504 502 763 
3399 1315 1464 1619 
3400 746 747 748 
3401 1138 1141 1161 
3402 1161 1595 2448 
3403 730 728 2408 
3404 1118 1120 1583 
3405 736 734 737 
3406 1558 1575 2426 
3407 1293 1292 2419 
3408 747 745 905 
3409 1572 1421 2420 
3410 1423 2450 2454 
3411 2417 1576 2422 
3412 1307 910 1446 
3413 748 749 750 
3414 1142 1143 1144 
3415 2019 2018 2075 
3416 1194 884 2380 
3417 912 911 913 
3418 2177 2144 2483 
3419 1576 2151 2422 
3420 728 889 2408 
3421 1293 2419 2424 
3422 2415 1577 2417 
3423 1197 730 2408 
3424 2145 1026 2394 
3425 1159 1124 2385 
3426 741 740 742 
3427 1528 1293 2424 
3428 909 2459 2478 
3429 1162 1141 1169 
3430 637 604 2463 
3431 1315 1314 1464 
3432 1037 1313 1314 
3433 145 146 388 
3434 884 742 885 
3435 608 609 1168 
3436 530 528 2423 
3437 1425 1197 2408 
3438 845 1036 1037 
3439 738 737 740 
3440 512 638 1426 
3441 623 2414 2431 
3442 1163 1162 1164 
3443 1884 1991 1992 
3444 507 505 508 
3445 1619 1464 1680 
3446 2502 1159 2515 
3447 734 618 2438 
3448 746 745 747 
3449 506 507 621 
3450 1411 2154 2506 
3451 752 750 2445 
3452 511 512 513 
3453 2063 2061 2088 
3454 1245 1612 2430 
3455 2391 1584 2443 
3456 2398 1558 2426 
3457 1134 763 1135 
3458 1391 1225 1449 
3459 2181 1272 2432 
3460 750 749 845 
3461 1427 2472 2494 
3462 719 623 2431 
3463 602 599 2425 
3464 1474 1223 2359 
3465 503 505 506 
3466 748 747 749 
3467 1588 1136 2448 
3468 1308 1239 1309 
3469 1123 1121 2482 
3470 1161 1141 1162 
3471 509 510 511 
3472 511 510 512 
3473 884 885 2380 
3474 1471 1259 2378 
3475 507 508 509 
3476 311 200 2241 
3477 613 612 615 
3478 883 780 915 
3479 509 508 510 
3480 599 598 2425 
3481 2443 1584 2460 
3482 598 1118 2425 
3483 1575 2413 2426 
3484 1930 1621 1932 
3485 2455 1418 2460 
3486 1468 1469 1614 
3487 1132 1130 2456 
3488 611 610 612 
3489 1136 1138 2448 
3490 1138 1137 1139 
3491 506 505 507 
3492 1376 1818 2446 
3493 609 607 610 
3494 1389 2018 2019 
3495 658 656 659 
3496 1775 1508 1776 
3497 1259 1145 2378 
3498 1275 2185 2493 
3499 1138 1139 1141 
3500 611 613 614 
3501 331 122 2441 
3502 1134 1136 1588 
3503 1144 1145 1259 
3504 1582 2152 2492 
3505 1817 1377 1819 
3506 1136 1135 1137 
3507 520 521 2447 
3508 2155 1194 2380 
3509 655 654 656 
3510 2466 1585 2482 
3511 2194 2138 2452 
3512 605 607 608 
3513 653 652 654 
3514 2538 1589 2542 
3515 631 2423 2443 
3516 605 604 606 
3517 1191 1192 1352 
3518 2028 360 2058 
3519 1377 1471 2418 
3520 504 763 1134 
3521 903 752 2445 
3522 1144 1259 1376 
3523 1376 1377 1817 
3524 845 2376 2445 
3525 2370 2194 2452 
3526 1376 1259 1377 
3527 927 879 928 
3528 107 108 400 
3529 516 513 2428 
3530 387 202 2244 
3531 603 602 604 
3532 2492 2152 2497 
3533 1617 1504 1618 
3534 909 2339 2459 
3535 1136 1137 1138 
3536 1578 2391 2443 
3537 1149 1151 1152 
3538 1087 1275 2444 
3539 740 737 1305 
3540 2491 1432 2499 
3541 1957 1868 1958 
3542 2377 1418 2457 
3543 610 607 2433 
3544 754 752 903 
3545 640 647 651 
3546 1307 1446 1448 
3547 1427 2389 2472 
3548 602 2425 2463 
3549 521 2348 2447 
3550 1584 2195 2460 
3551 2126 1474 2359 
3552 1319 1164 2429 
3553 631 2443 2460 
3554 612 610 2437 
3555 1224 1225 1226 
3556 2408 889 2453 
3557 1169 1141 2421 
3558 1303 2444 2450 
3559 1139 1142 2421 
3560 714 844 2486 
3561 2423 1578 2443 
3562 513 512 2428 
3563 906 2431 2467 
3564 1118 1583 2425 
3565 503 504 505 
3566 1134 1135 1136 
3567 512 1426 2428 
3568 1162 1169 2429 
3569 2376 1620 2439 
3570 601 602 603 
3571 2149 1434 2496 
3572 1036 749 2436 
3573 1224 913 1225 
3574 1446 910 2449 
3575 2453 1629 2476 
3576 885 910 911 
3577 1415 2370 2452 
3578 1367 1646 1647 
3579 885 742 910 
3580 1164 1162 2429 
3581 2185 2356 2485 
3582 501 499 502 
3583 737 734 2438 
3584 1425 2408 2453 
3585 1819 1377 2418 
3586 2195 1424 2455 
3587 1141 1139 2421 
3588 747 905 2436 
3589 1316 928 1317 
3590 500 501 2180 
3591 1429 2451 2469 
3592 889 2393 2453 
3593 2459 1580 2478 
3594 614 2123 2462 
3595 1391 1449 1601 
3596 2173 2135 2467 
3597 2077 1390 2078 
3598 762 624 1386 
3599 639 2437 2465 
3600 498 496 634 
3601 503 502 504 
3602 2491 2149 2504 
3603 2455 1587 2457 
3604 2472 1579 2494 
3605 911 910 1307 
3606 628 627 641 
3607 1155 1157 1191 
3608 1432 1218 2488 
3609 643 641 644 
3610 608 607 609 
3611 2368 1585 2466 
3612 614 613 616 
3613 645 644 648 
3614 1158 2426 2466 
3615 1300 1582 2492 
3616 1547 2430 2461 
3617 2425 1583 2463 
3618 143 144 325 
3619 1415 2452 2459 
3620 501 502 503 
3621 749 747 2436 
3622 1138 1161 2448 
3623 1454 1301 2492 
3624 1152 1153 1328 
3625 497 499 500 
3626 1250 1366 1367 
3627 750 845 2445 
3628 1397 2171 2499 
3629 1190 1473 2497 
3630 1226 1225 1391 
3631 732 2377 2457 
3632 2426 2413 2466 
3633 609 610 611 
3634 1449 1225 2442 
3635 1130 1133 2456 
3636 2431 2173 2467 
3637 1158 2466 2482 
3638 1462 1394 1975 
3639 620 616 627 
3640 2020 1433 2515 
3641 108 109 2427 
3642 1283 2486 2494 
3643 1496 1495 1762 
3644 2339 1415 2459 
3645 2500 1438 2505 
3646 1352 1353 1507 
3647 2438 618 2474 
3648 1418 631 2460 
3649 618 601 2474 
3650 1418 2455 2457 
3651 500 499 501 
3652 480 764 1461 
3653 1324 1183 1325 
3654 606 1389 2433 
3655 508 505 2440 
3656 925 1247 1248 
3657 768 924 925 
3658 649 648 660 
3659 1219 1432 2504 
3660 763 502 2451 
3661 916 915 1187 
3662 2036 2030 2037 
3663 509 2177 2483 
3664 641 627 642 
3665 501 503 2435 
3666 913 911 2442 
3667 758 756 1204 
3668 507 509 2483 
3669 2378 1147 2480 
3670 503 506 2435 
3671 2180 501 2435 
3672 605 606 607 
3673 1134 1588 2440 
3674 2457 1587 2485 
3675 1580 1430 2478 
3676 929 892 1201 
3677 505 504 2440 
3678 504 1134 2440 
3679 615 640 2473 
3680 766 767 768 
3681 1305 737 2438 
3682 1142 1144 2446 
3683 2385 1553 2549 
3684 603 604 605 
3685 490 488 761 
3686 604 602 2463 
3687 1537 1866 2581 
3688 732 2457 2485 
3689 638 510 2489 
3690 662 660 878 
3691 2413 2368 2466 
3692 611 612 613 
3693 1332 1522 1635 
3694 1635 1522 1677 
3695 2375 2511 2523 
3696 2389 906 2472 
3697 1144 1376 2446 
3698 651 652 653 
3699 603 2153 2474 
3700 499 498 2451 
3701 2212 1583 2502 
3702 2430 1612 2461 
3703 2483 2144 2512 
3704 651 653 1306 
3705 2421 1142 2446 
3706 742 740 2449 
3707 1425 2453 2476 
3708 911 1307 2442 
3709 1152 1328 1332 
3710 508 2440 2489 
3711 906 2467 2472 
3712 1332 1328 1522 
3713 1310 1117 2518 
3714 1503 1318 1504 
3715 458 617 788 
3716 2373 909 2478 
3717 2185 2485 2493 
3718 1122 1159 2502 
3719 2106 1931 2481 
3720 740 1305 2449 
3721 1676 1425 2476 
3722 472 619 769 
3723 492 493 624 
3724 1225 913 2442 
3725 2077 2078 2079 
3726 1432 2491 2504 
3727 109 110 341 
3728 1383 1187 1384 
3729 2123 629 2501 
3730 493 491 494 
3731 1121 1158 2482 
3732 1617 1618 1661 
3733 2486 1582 2494 
3734 497 498 499 
3735 1389 2019 2433 
3736 924 767 926 
3737 1583 1120 2502 
3738 613 615 2468 
3739 502 499 2451 
3740 910 742 2449 
3741 1123 2482 2484 
3742 607 606 2433 
3743 1147 1149 2480 
3744 2468 615 2473 
3745 1250 1248 1366 
3746 756 754 2458 
3747 1579 1283 2494 
3748 2440 1588 2489 
3749 1457 1456 1458 
3750 1386 1390 1548 
3751 1548 1390 2077 
3752 640 651 2473 
3753 140 141 349 
3754 1599 2522 2548 
3755 497 496 498 
3756 2090 775 2567 
3757 1647 1646 1764 
3758 495 496 497 
3759 2478 1430 2488 
3760 928 879 2495 
3761 489 491 492 
3762 2212 2502 2515 
3763 1585 1581 2484 
3764 655 658 766 
3765 1646 1366 1649 
3766 754 903 2458 
3767 621 507 2483 
3768 1283 714 2486 
3769 1149 1152 2480 
3770 1266 761 1544 
3771 905 745 2512 
3772 493 494 495 
3773 1432 2488 2499 
3774 794 1450 2543 
3775 2356 732 2485 
3776 2171 739 2491 
3777 653 654 655 
3778 2373 2478 2488 
3779 495 494 496 
3780 601 603 2474 
3781 1581 2139 2490 
3782 1367 1366 1646 
3783 1266 1555 1596 
3784 1386 624 1390 
3785 655 656 658 
3786 476 474 2510 
3787 498 634 2469 
3788 2121 2118 2122 
3789 925 924 1247 
3790 1437 1598 2527 
3791 768 767 924 
3792 2484 1581 2490 
3793 2511 1818 2523 
3794 1328 1153 2500 
3795 400 108 2427 
3796 137 138 361 
3797 761 488 2528 
3798 492 491 493 
3799 1218 2373 2488 
3800 660 648 661 
3801 1555 1544 2004 
3802 766 658 767 
3803 1459 1458 1536 
3804 2179 2527 2533 
3805 1152 1332 2480 
3806 2078 1390 2464 
3807 1301 1300 2492 
3808 1587 1586 2493 
3809 1204 756 2458 
3810 2496 1435 2498 
3811 642 627 2475 
3812 651 1306 2473 
3813 2451 498 2469 
3814 1434 1435 2496 
3815 510 508 2489 
3816 1582 1427 2494 
3817 1435 2159 2498 
3818 2152 1190 2497 
3819 1430 1397 2499 
3820 2153 1594 2525 
3821 2375 1169 2511 
3822 892 758 2470 
3823 1503 1504 1617 
3824 2485 1587 2493 
3825 1763 1762 1971 
3826 616 613 2468 
3827 1120 1122 2502 
3828 624 493 2464 
3829 879 878 2495 
3830 490 761 1266 
3831 1537 1536 1865 
3832 786 2551 2575 
3833 1191 1352 1438 
3834 1323 1219 2504 
3835 1596 1555 2006 
3836 493 495 2464 
3837 1461 764 1608 
3838 1507 1508 1775 
3839 486 487 2137 
3840 1201 892 2470 
3841 2482 1585 2484 
3842 1153 1155 2500 
3843 627 616 2475 
3844 2154 1270 2506 
3845 616 2468 2475 
3846 1266 1544 1555 
3847 1239 1054 1479 
3848 758 1204 2470 
3849 788 1258 1346 
3850 621 2483 2512 
3851 2448 1595 2517 
3852 2446 1818 2511 
3853 487 485 488 
3854 1444 765 1445 
3855 883 915 916 
3856 1443 2542 2563 
3857 136 137 2471 
3858 1729 1731 1732 
3859 2488 1430 2499 
3860 1155 1191 2500 
3861 1383 1384 1607 
3862 484 482 765 
3863 745 621 2512 
3864 109 341 2427 
3865 1553 1554 2536 
3866 916 1187 1383 
3867 1390 624 2464 
3868 1317 1318 1495 
3869 489 490 491 
3870 2030 2028 2479 
3871 483 485 486 
3872 1273 2166 2561 
3873 2421 2446 2511 
3874 112 113 362 
3875 2378 2480 2521 
3876 487 488 489 
3877 489 488 490 
3878 1471 2378 2521 
3879 1169 2421 2511 
3880 2517 1595 2533 
3881 2527 1426 2533 
3882 1655 1653 1656 
3883 1317 928 1318 
3884 1593 2107 2562 
3885 1708 1709 1710 
3886 769 770 771 
3887 2028 2058 2479 
3888 1318 928 2495 
3889 1159 2385 2520 
3890 1306 653 2503 
3891 1191 1438 2500 
3892 2020 2515 2520 
3893 1433 2212 2515 
3894 1495 1318 1503 
3895 480 1461 2508 
3896 638 2489 2517 
3897 1117 1273 2518 
3898 472 769 2554 
3899 655 766 2503 
3900 1522 1328 2505 
3901 486 485 487 
3902 2037 2030 2479 
3903 2562 2107 2565 
3904 1588 2448 2517 
3905 1148 1392 2557 
3906 929 1201 2513 
3907 497 500 2526 
3908 1637 2280 2969 
3909 1310 2518 2522 
3910 2438 2474 2525 
3911 2480 1332 2521 
3912 2428 1426 2532 
3913 2137 487 2487 
3914 1256 917 1257 
3915 916 1383 1480 
3916 481 479 482 
3917 978 1007 2623 
3918 638 2517 2533 
3919 494 491 2509 
3920 2489 1588 2517 
3921 1428 1166 2548 
3922 489 492 2487 
3923 1443 2436 2542 
3924 1595 2179 2533 
3925 487 489 2487 
3926 1444 1445 1550 
3927 2525 1594 2541 
3928 653 655 2503 
3929 660 661 2507 
3930 1487 1257 1488 
3931 1177 1178 1181 
3932 878 660 2507 
3933 731 792 2553 
3934 1266 1596 2509 
3935 905 2512 2538 
3936 1600 1599 2569 
3937 1332 1635 2521 
3938 1335 1236 1742 
3939 634 496 2539 
3940 882 780 883 
3941 1618 1504 2540 
3942 1054 929 2513 
3943 494 2509 2539 
3944 1504 1318 2495 
3945 1771 2375 2523 
3946 1866 1865 1867 
3947 484 765 1444 
3948 1981 1240 1983 
3949 2166 2402 2552 
3950 2464 495 2526 
3951 2078 2464 2526 
3952 490 1266 2509 
3953 478 476 635 
3954 491 490 2509 
3955 635 476 2510 
3956 2179 1437 2527 
3957 1306 2131 2545 
3958 1452 1602 2566 
3959 1056 2076 2637 
3960 2144 2069 2538 
3961 2515 1159 2520 
3962 2509 1596 2539 
3963 2526 500 2546 
3964 2527 1598 2532 
3965 2546 2180 2550 
3966 2542 1589 2563 
3967 495 497 2526 
3968 1544 761 2560 
3969 1184 1171 2585 
3970 483 484 485 
3971 771 772 773 
3972 2130 2566 2568 
3973 1479 1054 2513 
3974 2474 2153 2525 
3975 480 481 764 
3976 137 361 2471 
3977 481 482 483 
3978 1180 1182 1183 
3979 1313 1593 2562 
3980 477 479 480 
3981 1305 2438 2525 
3982 760 2428 2532 
3983 883 916 2514 
3984 882 917 1058 
3985 1465 1314 2562 
3986 480 479 481 
3987 1175 1173 2412 
3988 2475 2468 2545 
3989 483 482 484 
3990 1554 2170 2534 
3991 1199 1484 2565 
3992 1176 1179 1180 
3993 2512 2144 2538 
3994 1291 2553 2563 
3995 1426 638 2533 
3996 1058 1256 1456 
3997 1256 1257 1487 
3998 500 2180 2546 
3999 1426 2527 2532 
4000 2522 1428 2548 
4001 1410 2275 2751 
4002 1770 1703 2899 
4003 769 619 770 
4004 1446 2449 2541 
4005 882 883 917 
4006 773 774 776 
4007 1236 1038 2578 
4008 1446 2541 2555 
4009 858 857 859 
4010 794 795 796 
4011 1305 2525 2541 
4012 1436 2090 2544 
4013 1447 2519 2537 
4014 1716 1718 1719 
4015 2510 474 2573 
4016 458 788 2586 
4017 1183 1182 1220 
4018 36 372 2524 
4019 2078 2526 2546 
4020 2495 878 2540 
4021 2462 2123 2572 
4022 2566 642 2568 
4023 2532 1598 2552 
4024 2475 2545 2568 
4025 779 775 780 
4026 2115 634 2556 
4027 488 485 2528 
4028 2004 1544 2531 
4029 1058 917 1256 
4030 760 2532 2552 
4031 479 478 2519 
4032 1599 2548 2569 
4033 765 482 2519 
4034 481 483 2516 
4035 1805 1013 2743 
4036 1964 1965 1966 
4037 2079 2546 2550 
4038 779 780 882 
4039 2473 1306 2545 
4040 917 883 2514 
4041 2436 905 2542 
4042 1257 917 2514 
4043 496 494 2539 
4044 916 1480 2514 
4045 2449 1305 2541 
4046 470 468 789 
4047 764 481 2516 
4048 2468 2473 2545 
4049 2551 2477 2575 
4050 483 486 2516 
4051 2541 1594 2555 
4052 361 2121 2605 
4053 477 478 479 
4054 2166 2552 2561 
4055 905 2538 2542 
4056 482 479 2519 
4057 1693 1698 1767 
4058 641 642 2570 
4059 1536 1458 1761 
4060 1181 1652 1653 
4061 473 471 474 
4062 1449 2576 2579 
4063 1553 2536 2549 
4064 2553 1593 2563 
4065 2079 2078 2546 
4066 1166 1321 2548 
4067 484 1444 2528 
4068 1307 1448 2576 
4069 485 484 2528 
4070 472 473 619 
4071 771 770 772 
4072 878 2507 2540 
4073 477 476 478 
4074 773 772 774 
4075 1504 2495 2540 
4076 2180 1417 2550 
4077 1170 789 1171 
4078 1335 1742 2547 
4079 774 772 775 
4080 475 476 477 
4081 1589 1291 2563 
4082 1448 1446 2555 
4083 1172 1174 1455 
4084 761 2528 2560 
4085 778 776 786 
4086 1182 1179 1348 
4087 1020 1196 1261 
4088 1174 1173 1175 
4089 1704 1237 2702 
4090 1180 1179 1182 
4091 1554 2534 2536 
4092 831 829 832 
4093 628 643 2584 
4094 1291 731 2553 
4095 2402 760 2552 
4096 1448 2501 2576 
4097 1172 1171 1173 
4098 475 474 476 
4099 2006 1555 2571 
4100 1176 1175 1177 
4101 776 774 2551 
4102 473 474 475 
4103 634 2539 2556 
4104 478 635 2537 
4105 1392 2115 2557 
4106 1594 1168 2555 
4107 416 426 875 
4108 1176 1177 1179 
4109 1977 1600 2606 
4110 774 775 779 
4111 1449 2442 2576 
4112 1770 1833 2684 
4113 2250 1456 2978 
4114 1944 1655 1945 
4115 2545 2131 2568 
4116 469 471 472 
4117 1174 1175 1176 
4118 770 619 1185 
4119 1598 1597 2561 
4120 650 2099 2597 
4121 472 471 473 
4122 957 956 958 
4123 1314 1313 2562 
4124 779 2477 2551 
4125 1596 2006 2556 
4126 2548 1321 2569 
4127 2519 478 2537 
4128 1172 1173 1174 
4129 1387 2104 2589 
4130 1781 1373 1829 
4131 2131 2130 2568 
4132 1593 1443 2563 
4133 2107 1199 2565 
4134 2539 1596 2556 
4135 841 848 849 
4136 2528 1444 2560 
4137 619 473 2529 
4138 2552 1598 2561 
4139 774 779 2551 
4140 1654 1655 1944 
4141 473 475 2529 
4142 475 2508 2529 
4143 1451 2150 2591 
4144 29 30 2102 
4145 1038 842 1039 
4146 470 789 1170 
4147 1444 1550 2560 
4148 1181 1653 1654 
4149 1018 1019 1020 
4150 446 793 794 
4151 1448 2555 2572 
4152 293 161 2592 
4153 467 465 468 
4154 1170 1171 1172 
4155 2130 1452 2566 
4156 1654 1653 1655 
4157 786 776 2551 
4158 2566 1602 2570 
4159 788 617 1258 
4160 789 468 2583 
4161 1321 1645 2569 
4162 1394 1387 2589 
4163 2516 2016 2582 
4164 784 782 1014 
4165 661 648 2588 
4166 1843 1844 1845 
4167 2576 2501 2579 
4168 292 2002 2005 
4169 644 641 2570 
4170 1168 2462 2572 
4171 1176 1180 2558 
4172 1601 2167 2590 
4173 2555 1168 2572 
4174 1261 1196 1263 
4175 1555 2004 2571 
4176 1044 1340 1342 
4177 642 2566 2570 
4178 642 2475 2568 
4179 1391 1601 2590 
4180 2637 1607 2648 
4181 1348 1179 2564 
4182 466 467 2434 
4183 2150 1648 2596 
4184 1177 1181 2564 
4185 469 470 471 
4186 2121 2122 2605 
4187 1439 2084 2597 
4188 2442 1307 2576 
4189 467 468 469 
4190 1496 1763 2605 
4191 464 462 630 
4192 469 468 470 
4193 2084 2085 2597 
4194 1179 1177 2564 
4195 463 465 466 
4196 1455 1174 2558 
4197 1894 1895 1896 
4198 1185 619 2529 
4199 2591 2150 2596 
4200 661 2588 2591 
4201 1601 2579 2584 
4202 1174 1176 2558 
4203 2087 2036 2607 
4204 466 465 467 
4205 796 797 798 
4206 2477 1457 2575 
4207 816 801 1206 
4208 1601 1449 2579 
4209 764 2516 2582 
4210 413 416 2639 
4211 1550 1445 2595 
4212 1984 1983 2926 
4213 1181 1654 2564 
4214 2418 301 2846 
4215 1016 1017 1018 
4216 1719 1720 1721 
4217 1020 1019 1196 
4218 775 772 2567 
4219 2579 629 2584 
4220 644 2570 2588 
4221 798 799 800 
4222 1346 1258 1527 
4223 1530 1335 2547 
4224 326 2881 2918 
4225 1998 1537 2581 
4226 474 471 2573 
4227 1965 1380 2580 
4228 467 469 2554 
4229 1742 1236 2578 
4230 456 454 787 
4231 772 770 2567 
4232 629 628 2584 
4233 2570 1602 2588 
4234 464 630 1549 
4235 861 859 862 
4236 2434 467 2554 
4237 778 786 2574 
4238 770 1185 2567 
4239 2501 629 2579 
4240 1198 997 2530 
4241 1608 764 2582 
4242 463 464 465 
4243 358 1827 2963 
4244 782 778 2574 
4245 131 374 2614 
4246 469 472 2554 
4247 2596 1648 2601 
4248 458 459 617 
4249 1018 1017 1019 
4250 470 1170 2573 
4251 1012 1015 1016 
4252 463 462 464 
4253 1523 1368 1745 
4254 1529 1335 1530 
4255 342 130 2614 
4256 1196 1019 1371 
4257 471 470 2573 
4258 455 457 458 
4259 820 894 895 
4260 648 644 2588 
4261 1195 787 1368 
4262 1014 782 2574 
4263 461 462 463 
4264 978 977 979 
4265 459 457 460 
4266 1607 2076 2652 
4267 1949 371 1960 
4268 1618 2601 2611 
4269 1212 1334 1336 
4270 2024 2025 2624 
4271 1602 1451 2591 
4272 161 162 2592 
4273 874 2692 2695 
4274 824 1369 2647 
4275 1975 1394 2589 
4276 1618 2540 2601 
4277 1258 617 1380 
4278 458 457 459 
4279 1171 789 2585 
4280 2613 1461 2625 
4281 1880 1879 1881 
4282 1172 1455 2599 
4283 1240 993 1989 
4284 2588 1602 2591 
4285 1017 1015 1362 
4286 1195 1523 1609 
4287 450 448 790 
4288 1882 1881 1883 
4289 1010 1011 1012 
4290 1008 983 1013 
4291 2510 2573 2599 
4292 1948 1949 2594 
4293 461 460 462 
4294 2099 1439 2597 
4295 661 2591 2596 
4296 1445 1470 2595 
4297 453 451 454 
4298 367 1828 2733 
4299 2025 1470 2649 
4300 2508 1461 2613 
4301 1016 1015 1017 
4302 1878 1877 1879 
4303 459 460 461 
4304 2112 1024 2621 
4305 1839 2682 2986 
4306 794 793 795 
4307 468 465 2583 
4308 1442 2015 2663 
4309 939 938 940 
4310 784 1014 2598 
4311 1039 842 2587 
4312 1661 1618 2611 
4313 1695 1690 1696 
4314 235 236 2703 
4315 2507 661 2596 
4316 2164 1725 2621 
4317 827 826 828 
4318 847 784 2598 
4319 1200 919 1862 
4320 1508 1543 2628 
4321 1024 2300 2621 
4322 1661 2611 2612 
4323 1195 1368 1523 
4324 1694 1770 2684 
4325 865 866 867 
4326 2066 362 2856 
4327 2573 1170 2599 
4328 1839 1837 1840 
4329 452 453 2082 
4330 464 1549 2583 
4331 1462 1975 2637 
4332 816 1206 2587 
4333 465 464 2583 
4334 368 1872 1887 
4335 2601 1648 2611 
4336 456 787 1195 
4337 617 459 2580 
4338 2122 1496 2605 
4339 1480 1974 2664 
4340 1220 1182 2615 
4341 1005 1009 1010 
4342 1012 1011 1015 
4343 444 442 843 
4344 1600 2569 2606 
4345 959 958 961 
4346 1334 1335 1529 
4347 455 456 457 
4348 1170 1172 2599 
4349 2507 2596 2601 
4350 1928 1926 1929 
4351 1334 1236 1335 
4352 2699 327 2704 
4353 1467 843 1468 
4354 453 454 455 
4355 2540 2507 2601 
4356 2599 1455 2616 
4357 459 461 2580 
4358 1384 1187 2627 
4359 1212 1038 1236 
4360 455 454 456 
4361 819 1842 2745 
4362 1902 1903 1905 
4363 2825 2723 2955 
4364 790 448 2619 
4365 894 842 1038 
4366 2569 1645 2606 
4367 1011 1009 1344 
4368 796 795 797 
4369 1475 1477 2750 
4370 1003 1004 1005 
4371 2036 2037 2607 
4372 449 451 452 
4373 820 816 842 
4374 1206 801 2617 
4375 798 797 799 
4376 452 451 453 
4377 1920 438 2656 
4378 2655 2434 2663 
4379 2505 1438 3015 
4380 1648 1647 2611 
4381 1768 1242 1809 
4382 1894 1891 1895 
4383 1380 617 2580 
4384 2611 1647 2612 
4385 1882 1883 1885 
4386 1706 1707 1708 
4387 1010 1009 1011 
4388 894 1038 1212 
4389 1212 1236 1334 
4390 802 801 816 
4391 787 454 2593 
4392 1470 1447 2646 
4393 1647 1764 2612 
4394 820 842 894 
4395 960 950 2629 
4396 447 445 448 
4397 2082 453 2586 
4398 802 816 820 
4399 1001 1002 1003 
4400 1975 1056 2637 
4401 1221 2405 2740 
4402 1699 1696 1700 
4403 842 816 2587 
4404 453 455 2586 
4405 451 450 2593 
4406 2094 2093 2707 
4407 1004 1002 1312 
4408 1520 1606 2695 
4409 2510 2599 2616 
4410 799 797 801 
4411 813 819 2776 
4412 2544 2613 2625 
4413 1880 1881 1882 
4414 2544 1185 2613 
4415 1833 1046 2684 
4416 2582 1483 2632 
4417 1878 1879 1880 
4418 999 1000 1001 
4419 895 894 2602 
4420 1212 1336 2602 
4421 1499 2701 2718 
4422 806 804 821 
4423 455 458 2586 
4424 799 801 802 
4425 1368 1460 2665 
4426 1880 1882 1886 
4427 1005 1004 1009 
4428 454 451 2593 
4429 1455 2100 2616 
4430 130 131 2614 
4431 1205 2014 2744 
4432 997 999 2530 
4433 1461 1608 2625 
4434 1025 1492 2691 
4435 1252 1540 1541 
4436 460 457 2600 
4437 2625 1608 2627 
4438 1185 2529 2613 
4439 463 466 2626 
4440 635 2510 2616 
4441 630 462 2631 
4442 2632 1483 2648 
4443 1919 1686 1923 
4444 795 793 1472 
4445 449 450 451 
4446 2650 1603 2754 
4447 1874 1877 1878 
4448 2529 2508 2613 
4449 1195 1609 2600 
4450 409 289 410 
4451 446 447 793 
4452 1003 1002 1004 
4453 457 456 2600 
4454 1714 1825 2999 
4455 997 998 999 
4456 443 445 446 
4457 1182 1348 2615 
4458 447 448 449 
4459 1541 1705 1706 
4460 1757 1755 2694 
4461 1000 998 1238 
4462 449 448 450 
4463 943 944 945 
4464 446 445 447 
4465 456 1195 2600 
4466 1543 2024 2624 
4467 2245 346 2657 
4468 995 996 997 
4469 1500 2071 2705 
4470 460 2600 2631 
4471 1867 377 2777 
4472 635 2616 2633 
4473 444 843 1467 
4474 826 823 2673 
4475 1001 1000 1002 
4476 1369 1842 2647 
4477 1255 1329 2724 
4478 251 252 2689 
4479 2300 2164 2621 
4480 1470 2646 2649 
4481 1384 2627 2632 
4482 1383 1607 2652 
4483 2100 1463 2633 
4484 396 1778 2966 
4485 1467 1468 1665 
4486 1965 2580 2626 
4487 894 1212 2602 
4488 833 832 834 
4489 2600 1609 2631 
4490 422 420 432 
4491 2616 2100 2633 
4492 2580 461 2626 
4493 993 994 995 
4494 1436 2625 2627 
4495 919 920 921 
4496 441 439 442 
4497 999 998 1000 
4498 1701 1700 1702 
4499 1875 1914 2814 
4500 2418 1471 2666 
4501 1488 1257 2664 
4502 868 1489 2686 
4503 52 53 2667 
4504 1951 1953 2711 
4505 810 808 869 
4506 219 220 2659 
4507 989 990 991 
4508 416 875 2639 
4509 1472 2609 2643 
4510 962 961 964 
4511 1436 2544 2625 
4512 1187 1436 2627 
4513 1384 2632 2648 
4514 437 439 440 
4515 2269 1676 2959 
4516 991 992 993 
4517 996 994 1213 
4518 2609 452 2643 
4519 1708 1707 1709 
4520 1776 1508 2628 
4521 388 2127 2971 
4522 981 982 984 
4523 1809 1242 2793 
4524 447 449 2609 
4525 987 988 989 
4526 984 985 987 
4527 1244 1049 1494 
4528 1655 1656 2668 
4529 941 940 942 
4530 461 463 2626 
4531 997 996 998 
4532 793 447 2609 
4533 2221 2222 2674 
4534 2521 1635 2666 
4535 2269 401 2674 
4536 443 444 445 
4537 440 439 441 
4538 466 2434 2655 
4539 1499 1251 2701 
4540 431 435 436 
4541 2093 2098 2707 
4542 1936 364 1937 
4543 2692 1491 2695 
4544 2253 294 2712 
4545 875 1044 2835 
4546 822 1045 1475 
4547 2514 1480 2664 
4548 1746 1942 2888 
4549 185 186 2678 
4550 449 452 2609 
4551 864 862 2702 
4552 2410 1769 2679 
4553 1855 1854 1996 
4554 2041 2040 2680 
4555 414 412 1022 
4556 965 964 966 
4557 1738 1860 2916 
4558 1663 1783 2678 
4559 2680 846 2819 
4560 2276 2277 2681 
4561 1483 1462 2648 
4562 2537 635 2633 
4563 1021 1241 1681 
4564 818 824 2647 
4565 1329 1923 2724 
4566 785 1951 2711 
4567 995 994 996 
4568 1041 1349 1351 
4569 1615 1494 1616 
4570 443 442 444 
4571 814 812 891 
4572 462 460 2631 
4573 441 442 443 
4574 843 442 2618 
4575 1372 1251 1499 
4576 437 435 438 
4577 1608 2582 2632 
4578 1341 1844 2982 
4579 1606 1605 1659 
4580 1186 783 2711 
4581 875 426 1043 
4582 1846 1845 1847 
4583 1660 1659 2870 
4584 979 980 981 
4585 849 850 851 
4586 1531 1528 2747 
4587 797 795 2617 
4588 801 797 2617 
4589 1487 1488 2657 
4590 1842 1789 1843 
4591 992 990 1053 
4592 1983 1240 1989 
4593 318 77 2688 
4594 78 397 2688 
4595 439 438 2618 
4596 1545 2635 2733 
4597 1789 1788 2982 
4598 1472 793 2609 
4599 1966 2655 2663 
4600 993 992 994 
4601 1987 1982 2780 
4602 1312 1002 2622 
4603 795 1472 2617 
4604 1325 1183 2690 
4605 1852 1851 1854 
4606 868 1235 1489 
4607 1755 1611 2694 
4608 2335 1107 2694 
4609 448 445 2619 
4610 1541 1706 2630 
4611 437 438 439 
4612 1052 960 2629 
4613 2633 1463 2646 
4614 973 974 975 
4615 1848 1847 1849 
4616 835 834 836 
4617 2627 1608 2632 
4618 436 435 437 
4619 430 427 433 
4620 991 990 992 
4621 2011 2013 2744 
4622 408 409 1242 
4623 1872 1874 2620 
4624 989 988 990 
4625 1852 1855 1858 
4626 1000 1238 2622 
4627 1759 1545 1828 
4628 1543 2624 2690 
4629 863 862 864 
4630 1832 1719 2937 
4631 1981 1984 2780 
4632 1887 1872 2620 
4633 1850 1849 1851 
4634 1051 960 1052 
4635 2626 466 2655 
4636 1863 952 2839 
4637 1478 1476 1493 
4638 945 946 947 
4639 1972 1503 2722 
4640 1002 1000 2622 
4641 444 1467 2619 
4642 921 931 932 
4643 445 444 2619 
4644 1607 1384 2648 
4645 987 985 988 
4646 1988 424 2935 
4647 1385 1765 2726 
4648 261 5 289 
4649 984 982 985 
4650 1899 1902 2685 
4651 1214 871 1237 
4652 2629 950 2728 
4653 953 955 956 
4654 2559 1733 2937 
4655 1880 1886 2651 
4656 837 836 838 
4657 1447 2537 2646 
4658 969 970 971 
4659 2537 2633 2646 
4660 1463 1325 2649 
4661 1549 2007 2962 
4662 2325 2229 2783 
4663 1381 1792 2712 
4664 2701 1210 2718 
4665 2087 2800 2984 
4666 322 191 2713 
4667 192 399 2713 
4668 1874 1878 2620 
4669 442 439 2618 
4670 2881 326 2997 
4671 1706 1705 1707 
4672 839 838 840 
4673 1261 1263 2706 
4674 981 984 2753 
4675 423 425 429 
4676 293 1800 2919 
4677 1475 1476 1477 
4678 1044 1043 1340 
4679 832 829 2692 
4680 135 136 2715 
4681 1342 1340 1603 
4682 1616 1494 2636 
4683 220 291 2659 
4684 1494 1049 2653 
4685 971 972 973 
4686 452 2082 2643 
4687 806 821 2634 
4688 853 854 855 
4689 1489 1490 1505 
4690 1492 1534 1743 
4691 1829 1373 2706 
4692 1852 1854 1855 
4693 981 980 982 
4694 249 358 2990 
4695 1955 1704 2904 
4696 1480 1383 2652 
4697 1489 1505 2772 
4698 1533 1515 1545 
4699 2624 1325 2690 
4700 2646 1463 2649 
4701 356 2675 2895 
4702 1369 1789 1842 
4703 1365 1933 2775 
4704 287 286 324 
4705 1215 1022 1590 
4706 1476 1045 2642 
4707 988 985 1006 
4708 1337 1254 1338 
4709 904 826 2673 
4710 982 980 1497 
4711 431 434 435 
4712 264 263 326 
4713 1025 1364 1492 
4714 1541 1540 1705 
4715 346 2248 2657 
4716 1965 2626 2655 
4717 1253 1237 1254 
4718 808 806 2634 
4719 1513 1375 1784 
4720 1040 1861 2920 
4721 1966 1965 2655 
4722 822 817 1045 
4723 271 270 328 
4724 183 381 2725 
4725 296 182 2725 
4726 1475 1045 1476 
4727 2072 1539 2727 
4728 1538 2119 2727 
4729 1878 1880 2651 
4730 1246 805 2823 
4731 1843 1845 1846 
4732 1886 1882 2676 
4733 1514 1338 1515 
4734 1477 1744 2811 
4735 1533 1545 1759 
4736 1929 1616 2876 
4737 947 948 949 
4738 1850 1851 1852 
4739 1846 1848 1853 
4740 2291 348 2732 
4741 1709 1707 1786 
4742 1529 2002 2930 
4743 302 59 2730 
4744 60 403 2730 
4745 1660 2958 3013 
4746 1630 1509 2717 
4747 376 2116 2735 
4748 1331 1625 2731 
4749 841 840 848 
4750 849 848 850 
4751 279 278 330 
4752 1492 1743 2638 
4753 1930 312 2789 
4754 1498 1502 2732 
4755 1846 1847 1848 
4756 1910 2354 2941 
4757 5 288 1748 
4758 1477 1478 1744 
4759 431 430 434 
4760 2644 1053 2645 
4761 267 266 332 
4762 2434 1442 2663 
4763 1257 2514 2664 
4764 1669 1670 1740 
4765 1320 1356 1632 
4766 53 301 2667 
4767 22 23 2757 
4768 419 421 872 
4769 1471 2521 2666 
4770 871 864 2702 
4771 2602 1336 2662 
4772 1796 2592 2817 
4773 975 974 986 
4774 1848 1849 1850 
4775 2005 2002 2766 
4776 1021 1681 2671 
4777 841 849 2852 
4778 1808 1988 2796 
4779 869 808 2634 
4780 919 867 920 
4781 1745 1368 2665 
4782 262 261 408 
4783 828 904 1491 
4784 284 283 333 
4785 1945 1655 2668 
4786 1213 994 2644 
4787 2089 2088 2735 
4788 1265 2710 2901 
4789 288 287 1684 
4790 435 434 2656 
4791 1493 1476 2642 
4792 1515 1954 2635 
4793 2620 1878 2651 
4794 263 262 1758 
4795 438 435 2656 
4796 1708 1869 2840 
4797 353 1899 2685 
4798 865 864 866 
4799 953 949 955 
4800 1642 1640 1678 
4801 428 430 431 
4802 1023 1640 1641 
4803 269 268 334 
4804 1351 1349 1542 
4805 1686 1685 2792 
4806 943 942 944 
4807 252 357 2689 
4808 1506 1490 1750 
4809 1477 1476 1478 
4810 2225 2226 2734 
4811 401 2221 2674 
4812 1545 1515 2635 
4813 417 415 418 
4814 318 1756 2891 
4815 2261 2255 2740 
4816 807 887 2823 
4817 273 272 335 
4818 1926 1924 2608 
4819 1337 1514 1664 
4820 969 967 970 
4821 1719 1718 1720 
4822 1514 1515 1533 
4823 281 280 337 
4824 1253 1337 2661 
4825 186 303 2678 
4826 823 822 2673 
4827 1674 2410 2679 
4828 977 975 2697 
4829 2044 2041 2680 
4830 428 427 430 
4831 1252 1372 1540 
4832 2071 2072 3020 
4833 277 276 336 
4834 992 1053 2644 
4835 425 427 428 
4836 973 972 974 
4837 979 977 980 
4838 6 267 1723 
4839 425 424 427 
4840 859 857 860 
4841 1695 1696 1699 
4842 295 2262 2747 
4843 994 992 2644 
4844 2277 2280 2681 
4845 1489 1235 1490 
4846 423 424 425 
4847 945 944 946 
4848 1505 1490 1506 
4849 7 274 338 
4850 423 422 424 
4851 268 6 1787 
4852 1976 429 2857 
4853 1491 1519 1520 
4854 1023 955 1639 
4855 1244 1494 1615 
4856 1681 1241 1682 
4857 2226 296 3022 
4858 853 851 854 
4859 1641 1642 1738 
4860 980 977 2697 
4861 272 271 1973 
4862 1407 1410 2751 
4863 1167 2320 2751 
4864 1882 1885 2676 
4865 229 230 2802 
4866 1337 1338 1514 
4867 822 1475 2673 
4868 855 854 868 
4869 1900 1907 2851 
4870 352 14 2934 
4871 1767 2987 2994 
4872 421 422 423 
4873 1651 1804 1807 
4874 1253 1254 1337 
4875 1524 1525 2765 
4876 2643 1613 2696 
4877 1969 365 2893 
4878 1342 1603 2650 
4879 1506 1750 1751 
4880 265 264 2708 
4881 986 1251 1252 
4882 2456 1133 2756 
4883 416 417 426 
4884 280 279 1831 
4885 2793 2639 2835 
4886 1668 1669 2976 
4887 2125 373 2766 
4888 1520 1604 1605 
4889 986 974 1251 
4890 1744 1478 1780 
4891 414 1022 1215 
4892 308 2053 2850 
4893 1252 1541 2738 
4894 142 143 2758 
4895 1663 2678 2833 
4896 319 1778 2932 
4897 2654 1739 2710 
4898 1699 1700 1701 
4899 1107 2329 2773 
4900 1013 983 2743 
4901 2523 1818 2719 
4902 283 282 1782 
4903 77 78 2688 
4904 1379 1200 1862 
4905 274 273 1726 
4906 1214 1237 1253 
4907 275 7 1737 
4908 421 420 422 
4909 393 2266 2765 
4910 1732 1859 2954 
4911 963 2723 2825 
4912 947 946 948 
4913 1183 1220 2690 
4914 399 1932 2882 
4915 1518 2293 2782 
4916 2156 1521 2769 
4917 1651 1591 1803 
4918 339 1728 1729 
4919 1864 1388 2754 
4920 1701 1702 1774 
4921 1725 1724 2729 
4922 1041 1051 1349 
4923 1611 2335 2694 
4924 1546 1547 2736 
4925 127 375 2771 
4926 936 934 1057 
4927 323 126 2771 
4928 1228 1343 2761 
4929 391 2283 2770 
4930 868 854 1049 
4931 1800 2111 2729 
4932 828 826 904 
4933 1244 1615 1662 
4934 971 970 972 
4935 814 891 2669 
4936 948 946 950 
4937 1252 1251 1372 
4938 1460 2593 2781 
4939 1664 1915 2970 
4940 967 966 2682 
4941 956 955 1023 
4942 211 315 2777 
4943 377 210 2777 
4944 391 2160 2983 
4945 921 920 931 
4946 1340 1043 1341 
4947 867 866 2671 
4948 2329 1086 2775 
4949 1202 1365 2775 
4950 1682 1241 1683 
4951 1669 1667 1670 
4952 1349 1051 1350 
4953 1206 2617 2696 
4954 2007 1781 2962 
4955 970 967 2682 
4956 1247 924 2774 
4957 1041 960 1051 
4958 416 415 417 
4959 868 1049 1235 
4960 413 415 416 
4961 1491 904 1519 
4962 1453 1454 2779 
4963 954 960 1041 
4964 1818 1817 2719 
4965 332 266 1722 
4966 328 270 1688 
4967 1375 1342 2650 
4968 1913 352 2763 
4969 1372 1499 2675 
4970 342 2614 2722 
4971 1540 1372 1658 
4972 1902 1911 2685 
4973 1023 1639 1640 
4974 874 832 2692 
4975 1753 1683 1802 
4976 2354 1516 2782 
4977 1623 1526 2783 
4978 958 956 2654 
4979 972 970 1210 
4980 324 286 1685 
4981 419 420 421 
4982 829 828 2692 
4983 1478 1493 2672 
4984 1235 1049 1244 
4985 949 948 2687 
4986 954 950 960 
4987 1021 871 1214 
4988 1807 1808 2796 
4989 1641 1640 1642 
4990 1591 1590 2640 
4991 2284 299 2786 
4992 1747 1482 2787 
4993 417 418 419 
4994 2352 1672 2787 
4995 1691 1697 1752 
4996 330 278 1711 
4997 932 931 1025 
4998 1215 1591 1650 
4999 1501 1500 2705 
5000 1520 1519 1604 
5001 367 239 2843 
5002 1659 1605 1749 
5003 8 281 1727 
5004 2039 2042 2794 
5005 1522 2505 2788 
5006 2642 1045 2669 
5007 948 950 954 
5008 1929 1926 2608 
5009 2987 1535 2994 
5010 1021 1214 1241 
5011 2246 2235 2795 
5012 817 814 2669 
5013 1605 1604 2660 
5014 1492 1364 1534 
5015 1682 1683 1753 
5016 1350 1968 3002 
5017 1472 2643 2696 
5018 866 871 1021 
5019 1239 1479 2791 
5020 419 418 420 
5021 1337 1664 2661 
5022 940 938 951 
5023 1373 1261 2706 
5024 1902 1905 1911 
5025 409 410 411 
5026 1662 1615 1823 
5027 2140 2186 2797 
5028 398 1910 2812 
5029 866 864 871 
5030 2098 300 2707 
5031 423 429 2670 
5032 1206 2696 2748 
5033 1753 1802 2990 
5034 282 8 339 
5035 1247 2089 2862 
5036 236 350 2703 
5037 1849 1847 2749 
5038 783 785 2711 
5039 926 767 2800 
5040 1977 321 2822 
5041 362 2067 2880 
5042 658 659 2800 
5043 1710 1709 2704 
5044 1025 931 1363 
5045 964 961 1265 
5046 1791 1697 1816 
5047 2614 1972 2722 
5048 1839 1840 2718 
5049 1738 1642 1860 
5050 413 412 414 
5051 1944 1946 2809 
5052 1633 1381 2712 
5053 11 365 2864 
5054 336 276 1734 
5055 234 235 3019 
5056 2594 1949 2911 
5057 2259 2263 2803 
5058 2696 1613 2748 
5059 413 414 415 
5060 191 192 2713 
5061 1503 1617 2722 
5062 2617 1472 2696 
5063 1364 1363 1801 
5064 1041 1351 2755 
5065 1651 1803 1804 
5066 838 836 922 
5067 15 16 2916 
5068 450 790 2781 
5069 1983 1989 2867 
5070 834 832 874 
5071 1509 1785 2717 
5072 226 227 2866 
5073 1784 1375 2650 
5074 411 410 412 
5075 136 2471 2715 
5076 1502 1637 2969 
5077 2157 2156 2807 
5078 848 840 896 
5079 312 2247 2789 
5080 920 867 2671 
5081 1827 1534 2963 
5082 975 986 2697 
5083 52 2667 2903 
5084 2229 379 2783 
5085 1221 2740 2910 
5086 2280 1637 2923 
5087 1045 817 2669 
5088 1859 1356 2746 
5089 411 412 413 
5090 1877 1876 2784 
5091 1691 1690 1695 
5092 74 398 2812 
5093 307 73 2812 
5094 1215 1590 1591 
5095 2622 1896 2739 
5096 2042 2043 2813 
5097 1747 2787 2973 
5098 2481 2240 3014 
5099 955 949 2687 
5100 1023 1641 2654 
5101 2227 320 2717 
5102 328 1692 1693 
5103 1654 1944 2809 
5104 2121 361 2818 
5105 1006 1869 2879 
5106 330 1712 1713 
5107 851 850 2653 
5108 1721 2559 2937 
5109 828 1491 2692 
5110 163 392 2817 
5111 1694 1692 1703 
5112 1803 1591 2640 
5113 1497 980 2697 
5114 1639 955 2687 
5115 1729 1730 1731 
5116 390 2282 2719 
5117 2958 2737 3013 
5118 872 421 2670 
5119 361 138 2818 
5120 64 386 2822 
5121 321 63 2822 
5122 2068 2038 2794 
5123 24 25 3018 
5124 1689 1690 1691 
5125 2187 2264 2797 
5126 1547 2461 2736 
5127 240 241 2720 
5128 1656 1653 2824 
5129 802 1992 2871 
5130 1237 871 2702 
5131 1731 1813 1814 
5132 2678 303 2833 
5133 979 981 2743 
5134 1709 2699 2704 
5135 1025 1363 1364 
5136 948 954 2687 
5137 2072 2727 2894 
5138 855 868 2686 
5139 839 899 2721 
5140 1464 1465 2831 
5141 2763 1678 2953 
5142 432 420 2799 
5143 421 423 2670 
5144 1693 1694 1698 
5145 1709 1786 2699 
5146 1994 1385 2726 
5147 2002 2001 2930 
5148 1348 2564 2809 
5149 1780 1478 2672 
5150 1788 2847 2982 
5151 2592 162 2817 
5152 2750 1477 2811 
5153 2249 2250 2836 
5154 847 2598 2808 
5155 1676 2476 2833 
5156 1650 1591 1651 
5157 2250 304 2855 
5158 1613 1511 2748 
5159 944 942 963 
5160 854 851 2653 
5161 182 183 2725 
5162 380 2225 2734 
5163 1491 1520 2695 
5164 1731 1730 1813 
5165 1716 1717 1718 
5166 1735 1734 1736 
5167 1842 1843 2745 
5168 2086 2134 2991 
5169 1210 970 2682 
5170 2072 2758 3020 
5171 1539 1538 2727 
5172 1927 1928 2952 
5173 2111 1725 2729 
5174 956 1023 2654 
5175 1712 1711 1714 
5176 59 60 2730 
5177 1465 2565 2834 
5178 2278 1410 3032 
5179 857 855 2686 
5180 1624 1331 2731 
5181 301 54 2846 
5182 41 1945 2931 
5183 2132 2141 2848 
5184 1749 1605 2660 
5185 1825 1207 2752 
5186 1468 1614 2815 
5187 1752 1697 1791 
5188 395 2278 2897 
5189 1490 1235 2677 
5190 359 1841 2917 
5191 378 104 2850 
5192 105 308 2850 
5193 2343 1498 2732 
5194 1750 1490 2677 
5195 1511 1959 2767 
5196 1729 1728 1730 
5197 304 207 2854 
5198 2062 2063 3008 
5199 1923 1686 2724 
5200 2630 1706 2840 
5201 308 106 2853 
5202 866 1021 2671 
5203 1473 2361 2734 
5204 107 400 2853 
5205 2712 294 2868 
5206 1841 2762 2901 
5207 405 1971 2960 
5208 328 1688 1692 
5209 1720 1718 1821 
5210 1244 1662 2677 
5211 2779 2226 3022 
5212 1458 1456 2855 
5213 1248 1247 2862 
5214 1649 1366 2862 
5215 1691 1695 1697 
5216 2088 376 2735 
5217 860 857 2686 
5218 862 859 2741 
5219 2925 2707 3024 
5220 2161 149 2983 
5221 1235 1244 2677 
5222 1610 1754 2869 
5223 1846 1853 2745 
5224 1344 1009 2829 
5225 1968 1969 3002 
5226 1713 1715 1716 
5227 306 2265 2736 
5228 2811 1744 2863 
5229 102 2535 2883 
5230 1658 1372 2675 
5231 330 1711 1712 
5232 2293 307 2782 
5233 2667 1677 2903 
5234 1312 2594 2829 
5235 1876 1943 2992 
5236 1253 2661 2683 
5237 934 932 2691 
5238 1487 2657 2836 
5239 1836 1838 2762 
5240 101 102 2883 
5241 1619 1680 2882 
5242 1932 1621 2882 
5243 260 1 2939 
5244 1 9 2939 
5245 932 1025 2691 
5246 1049 854 2653 
5247 112 362 2880 
5248 76 318 2891 
5249 398 75 2891 
5250 134 3 2942 
5251 2 116 2943 
5252 1969 1542 3002 
5253 141 142 2894 
5254 1626 1772 2898 
5255 1783 1628 2898 
5256 1454 2497 2887 
5257 3 135 2942 
5258 115 2 2943 
5259 2513 1201 2795 
5260 1694 1703 1770 
5261 2094 2707 2925 
5262 1643 1766 2902 
5263 2535 2170 2883 
5264 394 51 2903 
5265 336 1734 1735 
5266 2697 986 2738 
5267 1683 1241 2683 
5268 1214 1253 2683 
5269 2264 345 2797 
5270 1735 1736 1934 
5271 1004 1312 2829 
5272 407 2065 2943 
5273 1704 2702 2741 
5274 2706 1263 2824 
5275 2246 2470 3014 
5276 400 2427 2813 
5277 1883 1884 2913 
5278 1693 1692 1694 
5279 1764 1646 2907 
5280 630 2821 2979 
5281 324 1685 1686 
5282 1921 2656 2926 
5283 1241 1214 2683 
5284 2702 862 2741 
5285 2054 1230 2761 
5286 389 159 2919 
5287 160 293 2919 
5288 1958 1868 2912 
5289 2231 2232 2921 
5290 1828 1545 2733 
5291 2302 1233 2923 
5292 1133 1128 2924 
5293 1115 2399 2924 
5294 2014 2011 2744 
5295 1809 1374 2967 
5296 2683 2661 2768 
5297 2785 352 2934 
5298 1497 2630 2790 
5299 1683 2683 2768 
5300 300 40 2931 
5301 1662 1823 2703 
5302 1438 1352 2922 
5303 1943 2604 2992 
5304 133 405 2960 
5305 1251 974 2701 
5306 23 340 2757 
5307 362 113 2856 
5308 374 132 2960 
5309 2270 2271 2940 
5310 2585 1549 2962 
5311 1820 1700 2890 
5312 1410 1408 3032 
5313 2228 383 2949 
5314 418 415 2698 
5315 2732 348 2886 
5316 2255 2257 2740 
5317 2268 2269 2959 
5318 2013 790 2877 
5319 1716 1715 1717 
5320 46 396 2966 
5321 319 45 2966 
5322 2535 102 2993 
5323 961 958 2710 
5324 2280 310 2969 
5325 2251 316 2973 
5326 1792 1793 2974 
5327 56 390 3011 
5328 1854 1857 3003 
5329 145 388 2971 
5330 2033 2086 2991 
5331 139 140 2972 
5332 325 144 2971 
5333 149 150 2983 
5334 974 972 2701 
5335 630 2631 2821 
5336 102 103 2993 
5337 2040 2035 2991 
5338 1630 2717 2872 
5339 938 936 2709 
5340 411 2639 2793 
5341 1497 2697 2738 
5342 1819 2418 2846 
5343 1760 1921 2867 
5344 1204 2481 3014 
5345 1312 2622 2739 
5346 2753 1048 2944 
5347 1006 985 2790 
5348 2657 2248 2836 
5349 1456 1256 2978 
5350 1215 1650 2698 
5351 846 2132 2819 
5352 1658 2675 2716 
5353 799 802 2871 
5354 1713 1712 1715 
5355 1852 1858 2826 
5356 2748 1511 2767 
5357 338 1726 2842 
5358 984 1048 2753 
5359 2694 1107 2773 
5360 2044 2680 2819 
5361 2128 298 2769 
5362 1775 2008 2764 
5363 1777 2128 2769 
5364 1790 1660 3013 
5365 414 1215 2698 
5366 2008 297 2764 
5367 2734 2226 2887 
5368 2232 295 2747 
5369 983 979 2743 
5370 1918 1893 2915 
5371 2290 394 2788 
5372 811 813 2776 
5373 415 414 2698 
5374 1057 934 2691 
5375 982 1497 2790 
5376 21 22 2716 
5377 4 242 2948 
5378 2022 1844 2900 
5379 297 2289 2764 
5380 329 225 2858 
5381 2662 1885 2798 
5382 241 4 2948 
5383 972 1210 2701 
5384 1695 1699 2700 
5385 1939 404 2939 
5386 1678 1640 2805 
5387 2802 354 2870 
5388 1334 1529 2930 
5389 1816 1697 2700 
5390 2310 1167 2892 
5391 840 838 2714 
5392 1992 1991 2871 
5393 1908 1904 2825 
5394 958 2654 2710 
5395 2320 1407 2751 
5396 986 1252 2738 
5397 1847 1856 2749 
5398 942 940 2723 
5399 2577 1908 2955 
5400 2587 1206 2748 
5401 2262 385 2885 
5402 2109 2456 2756 
5403 1514 1533 2778 
5404 2640 1590 2951 
5405 228 229 2832 
5406 1535 1830 2994 
5407 936 1057 2709 
5408 2057 2047 3006 
5409 1701 1774 2721 
5410 378 2056 2993 
5411 431 436 2945 
5412 2523 2719 2875 
5413 1467 1665 2877 
5414 143 325 2758 
5415 1230 1228 2761 
5416 1982 1981 2780 
5417 2055 2054 2761 
5418 950 946 2728 
5419 1546 2736 2897 
5420 2708 326 2918 
5421 1053 990 2879 
5422 1674 2679 2861 
5423 2636 850 2806 
5424 386 2261 2968 
5425 1732 1731 2742 
5426 1265 961 2710 
5427 859 860 2741 
5428 2668 300 2931 
5429 2727 349 2894 
5430 418 2698 2799 
5431 373 2005 2766 
5432 2602 2662 2798 
5433 2687 954 2755 
5434 1843 1846 2745 
5435 1731 1814 2742 
5436 326 1758 2997 
5437 1507 1775 2764 
5438 856 914 2801 
5439 1533 1759 2908 
5440 2271 393 2765 
5441 1233 2681 2923 
5442 427 424 3009 
5443 2361 1673 3029 
5444 2461 1612 3028 
5445 2901 1739 2917 
5446 790 2619 2877 
5447 1639 2687 2755 
5448 2825 1904 2936 
5449 896 840 2714 
5450 1697 1695 2700 
5451 838 922 2714 
5452 951 938 2709 
5453 1853 1848 2820 
5454 1521 1777 2769 
5455 946 944 2728 
5456 821 804 3010 
5457 2283 2284 2770 
5458 1810 1934 2860 
5459 1363 931 2760 
5460 2266 313 2909 
5461 240 2720 2843 
5462 940 951 2723 
5463 126 127 2771 
5464 1760 2867 3016 
5465 1893 2645 2915 
5466 1933 1757 2773 
5467 1963 1877 2784 
5468 2698 1650 2799 
5469 2598 1957 2808 
5470 924 926 2774 
5471 230 354 2802 
5472 1086 1202 2775 
5473 2656 434 2926 
5474 2767 1959 2810 
5475 1039 2587 2767 
5476 2587 2748 2767 
5477 1363 2760 2849 
5478 210 211 2777 
5479 1652 2706 2824 
5480 836 834 2759 
5481 2808 1957 2830 
5482 1772 1453 2779 
5483 2722 1617 2838 
5484 2634 1963 2784 
5485 2023 426 3023 
5486 2240 2246 3014 
5487 15 1860 2934 
5488 1633 2712 2868 
5489 1662 2703 2816 
5490 922 836 2759 
5491 422 432 2935 
5492 1651 1807 2841 
5493 2063 2774 3008 
5494 1915 351 2970 
5495 2843 2720 2965 
5496 2674 2222 2834 
5497 429 425 2857 
5498 2673 1475 2750 
5499 834 874 2759 
5500 2247 2239 2789 
5501 434 430 2905 
5502 1516 1518 2782 
5503 1526 2325 2783 
5504 954 1041 2755 
5505 2787 2252 2973 
5506 343 228 2832 
5507 2007 1549 2979 
5508 2615 1348 2933 
5509 2593 450 2781 
5510 2717 320 2872 
5511 1757 2694 2773 
5512 1592 1815 2929 
5513 2719 2282 2875 
5514 988 1006 2879 
5515 1860 1642 2785 
5516 2222 322 3030 
5517 2498 2159 2946 
5518 895 2602 2798 
5519 343 2660 2863 
5520 920 2671 2760 
5521 2714 922 2737 
5522 299 2267 2786 
5523 1482 2352 2787 
5524 419 872 3023 
5525 963 942 2723 
5526 1677 1522 2788 
5527 959 1050 2827 
5528 1685 1687 2792 
5529 1931 1930 2789 
5530 1008 1013 2874 
5531 2672 329 2858 
5532 931 920 2760 
5533 944 963 2728 
5534 342 2722 2838 
5535 872 2023 3023 
5536 2686 1489 2772 
5537 1906 2577 2837 
5538 1309 1239 2791 
5539 2038 2039 2794 
5540 850 848 2806 
5541 1048 1986 2944 
5542 2513 2795 2956 
5543 2235 2234 2795 
5544 1603 1340 2847 
5545 2671 1681 2760 
5546 333 1782 2954 
5547 2343 2732 2886 
5548 1473 2734 2887 
5549 1834 1751 2957 
5550 2284 1485 2946 
5551 2186 2187 2797 
5552 1542 1969 2893 
5553 2920 1636 3027 
5554 2720 406 2965 
5555 1819 2846 3011 
5556 1802 1683 2768 
5557 2010 1209 3004 
5558 2755 1351 2805 
5559 1664 1514 2778 
5560 1666 1668 2918 
5561 767 658 2800 
5562 1540 1658 2859 
5563 1350 1051 2884 
5564 2736 2265 2897 
5565 2236 1479 2956 
5566 1519 904 2750 
5567 904 2673 2750 
5568 1885 1883 2798 
5569 1838 1839 2986 
5570 2871 1991 3010 
5571 1786 1707 2985 
5572 2578 1039 2810 
5573 2642 2603 2814 
5574 2534 2056 2950 
5575 2780 1984 2905 
5576 2160 2161 2983 
5577 1995 1745 3004 
5578 1997 1917 2844 
5579 869 2634 2784 
5580 2636 2806 2876 
5581 1638 2109 2989 
5582 985 982 2790 
5583 2821 1765 2979 
5584 1859 2746 2996 
5585 1723 1820 2890 
5586 1959 1952 2810 
5587 2263 347 2803 
5588 1039 2767 2810 
5589 2760 1681 2849 
5590 2645 1893 2980 
5591 1925 1927 2958 
5592 1939 10 2864 
5593 114 2065 2856 
5594 2638 1906 2837 
5595 2718 1840 2895 
5596 805 807 2823 
5597 2703 350 2816 
5598 1359 1657 3017 
5599 964 1265 2828 
5600 2740 2257 2910 
5601 2763 1542 2893 
5602 2161 2157 2807 
5603 1512 1666 2881 
5604 1484 2674 2834 
5605 2641 1350 2884 
5606 1691 1752 2998 
5607 1343 2534 2950 
5608 2578 2810 2865 
5609 1907 2641 2884 
5610 1642 1678 2785 
5611 2120 2121 2818 
5612 2140 2797 2940 
5613 426 417 3023 
5614 1822 1042 2977 
5615 2764 2289 2922 
5616 1717 1715 2752 
5617 1821 1718 2839 
5618 2564 1654 2809 
5619 1656 2824 2925 
5620 73 74 2812 
5621 2056 2535 2993 
5622 2665 2010 3004 
5623 2726 1765 2821 
5624 2765 2266 2909 
5625 1623 2783 2921 
5626 1542 1349 3002 
5627 2399 1221 2910 
5628 951 2577 2955 
5629 2043 2136 2813 
5630 1329 1008 2874 
5631 2354 2782 2941 
5632 2747 2262 2885 
5633 298 148 2988 
5634 1823 1615 2889 
5635 1952 1345 2865 
5636 1057 2638 2837 
5637 2886 2281 3012 
5638 365 1913 2893 
5639 2810 1952 2865 
5640 1684 1919 2929 
5641 138 139 2818 
5642 162 163 2817 
5643 1167 2751 2892 
5644 1499 2718 2895 
5645 2865 1345 2873 
5646 2660 343 2832 
5647 860 2686 2772 
5648 1949 1961 2911 
5649 2881 1768 2967 
5650 1636 2742 3027 
5651 354 1925 2870 
5652 2777 315 2912 
5653 2817 392 2974 
5654 2046 2044 2819 
5655 307 2812 2941 
5656 1042 835 2878 
5657 2644 2645 2980 
5658 225 226 2858 
5659 2047 2046 3006 
5660 63 64 2822 
5661 1345 847 2873 
5662 420 418 2799 
5663 2068 111 2880 
5664 1507 2764 2922 
5665 1341 1043 3000 
5666 1653 1652 2824 
5667 1989 1198 2867 
5668 899 841 2852 
5669 2306 1624 2928 
5670 1617 1661 2838 
5671 1758 1768 2997 
5672 1665 1468 2815 
5673 294 2228 2868 
5674 2761 1343 2950 
5675 1710 2704 2915 
5676 1348 2809 2933 
5677 1263 2094 2925 
5678 1908 2825 2955 
5679 1957 1958 2830 
5680 2804 1042 2878 
5681 2056 2055 2950 
5682 1680 1464 2831 
5683 1640 1639 2805 
5684 1904 1900 2851 
5685 1639 2755 2805 
5686 2476 1663 2833 
5687 432 2796 2935 
5688 2789 2239 2947 
5689 1919 1592 2929 
5690 1745 2665 3004 
5691 227 343 2866 
5692 2822 386 2968 
5693 1519 2750 2811 
5694 1242 409 2793 
5695 1774 1702 2804 
5696 2640 1329 2874 
5697 1706 1708 2840 
5698 1009 1004 2829 
5699 2565 1484 2834 
5700 2603 1875 2814 
5701 2631 1609 2821 
5702 1374 1512 2967 
5703 409 411 2793 
5704 1917 1246 2845 
5705 348 2281 2886 
5706 432 2799 2841 
5707 2248 2249 2836 
5708 1928 1929 2876 
5709 848 896 2806 
5710 666 2057 3006 
5711 1724 1630 2872 
5712 1848 1850 2820 
5713 1931 2789 2947 
5714 1604 1519 2811 
5715 1850 1852 2826 
5716 1625 2886 3012 
5717 2786 2267 2964 
5718 2110 342 2838 
5719 1913 2763 2893 
5720 1771 2875 3007 
5721 2795 2234 2956 
5722 1534 1364 2963 
5723 1940 1939 2864 
5724 239 240 2843 
5725 2684 1046 2995 
5726 1658 2757 2859 
5727 2836 2250 2978 
5728 54 55 2846 
5729 1669 1741 2976 
5730 1933 1365 2927 
5731 113 114 2856 
5732 2141 666 2848 
5733 2240 2481 2947 
5734 16 359 2916 
5735 1946 2074 2933 
5736 104 105 2850 
5737 966 964 2828 
5738 2820 1850 2826 
5739 1771 2523 2875 
5740 1700 1696 2890 
5741 2159 2770 2946 
5742 2875 302 3007 
5743 1351 1542 2953 
5744 106 107 2853 
5745 207 208 2854 
5746 2065 2066 2856 
5747 2849 1682 2896 
5748 1761 1458 2855 
5749 1512 2881 2967 
5750 2067 2068 2880 
5751 1719 1721 2937 
5752 1970 366 2908 
5753 2741 860 2904 
5754 1673 1674 2861 
5755 1855 1996 2844 
5756 1679 1941 3025 
5757 1681 1682 2849 
5758 1701 2721 2961 
5759 1493 2642 2814 
5760 2867 1198 3016 
5761 1657 1679 3026 
5762 1366 1248 2862 
5763 1265 2762 2828 
5764 2838 1661 2981 
5765 2612 375 2981 
5766 922 2759 3013 
5767 10 11 2864 
5768 2772 1955 2904 
5769 1858 1855 2845 
5770 1742 2865 2873 
5771 1671 1633 2868 
5772 1612 1610 2869 
5773 1438 2922 3015 
5774 1676 2833 2959 
5775 2831 2222 3030 
5776 2547 1742 2873 
5777 320 2223 2872 
5778 1712 1714 2999 
5779 2282 302 2875 
5780 1778 1779 2932 
5781 2897 2278 3032 
5782 2639 875 2835 
5783 1786 2985 3018 
5784 1801 2849 2896 
5785 350 1834 2957 
5786 1971 405 2914 
5787 1855 2844 2845 
5788 1742 2578 2865 
5789 2700 1699 2961 
5790 426 2023 3000 
5791 800 799 2871 
5792 1609 2726 2821 
5793 111 112 2880 
5794 2074 319 2932 
5795 1844 1789 2982 
5796 355 234 3019 
5797 1621 1619 2882 
5798 313 101 2883 
5799 149 2161 2988 
5800 425 428 2857 
5801 1724 2872 3031 
5802 1769 1531 2885 
5803 2110 2838 2981 
5804 1340 1341 2847 
5805 1625 2343 2886 
5806 2497 1473 2887 
5807 1942 1679 3025 
5808 1479 2513 2956 
5809 1749 2660 2832 
5810 1604 2811 2863 
5811 75 76 2891 
5812 2275 2276 2892 
5813 1801 1363 2849 
5814 2134 2086 2984 
5815 2265 395 2897 
5816 349 141 2894 
5817 1628 1626 2898 
5818 1718 1717 2839 
5819 1750 2677 2816 
5820 2677 1662 2816 
5821 1909 1933 2927 
5822 1705 1540 2859 
5823 1614 1760 3016 
5824 1645 1643 2902 
5825 317 2224 3029 
5826 51 52 2903 
5827 1650 1651 2841 
5828 2752 1715 2999 
5829 340 24 3018 
5830 1773 1535 2987 
5831 1841 2901 2917 
5832 1704 2741 2904 
5833 1945 2668 2931 
5834 2846 55 3011 
5835 1828 2843 2965 
5836 2109 2803 2989 
5837 1646 1649 2907 
5838 2844 1917 2845 
5839 2169 1524 2909 
5840 990 988 2879 
5841 1941 1232 3025 
5842 2257 2260 2910 
5843 1485 2498 2946 
5844 1678 2805 2953 
5845 1910 1909 2927 
5846 1868 1867 2912 
5847 1531 2747 2885 
5848 1869 1710 2938 
5849 2784 1876 2992 
5850 1549 630 2979 
5851 135 2715 2942 
5852 2619 1467 2877 
5853 1763 1971 2914 
5854 2530 1614 3016 
5855 2681 2280 2923 
5856 2660 1604 2863 
5857 2751 2275 2892 
5858 2023 2022 2900 
5859 148 149 2988 
5860 159 160 2919 
5861 1590 1592 2951 
5862 397 2286 3028 
5863 1884 1992 2913 
5864 379 2231 2921 
5865 1524 2765 2909 
5866 2872 2223 3031 
5867 1637 2302 2923 
5868 1128 1115 2924 
5869 1352 1507 2922 
5870 1934 1736 2860 
5871 1051 1052 2884 
5872 242 406 2948 
5873 2709 1057 2837 
5874 347 2017 2989 
5875 1825 2752 2999 
5876 800 2871 3010 
5877 404 260 2939 
5878 14 15 2934 
5879 2629 2728 2936 
5880 40 41 2931 
5881 1739 1738 2917 
5882 2055 2761 2950 
5883 2239 2240 2947 
5884 1737 1746 2888 
5885 405 134 2942 
5886 116 407 2943 
5887 1615 1616 2889 
5888 1232 1942 3025 
5889 2721 899 2961 
5890 2759 1790 3013 
5891 2017 1638 2989 
5892 345 2270 2940 
5893 2783 379 2921 
5894 1656 2925 3024 
5895 2757 340 2859 
5896 2782 307 2941 
5897 2797 345 2940 
5898 2799 1650 2841 
5899 430 433 2905 
5900 2481 1931 2947 
5901 1336 1334 2930 
5902 2857 428 2945 
5903 383 2252 2949 
5904 1780 2672 2858 
5905 1209 1995 3004 
5906 1542 2763 2953 
5907 433 2780 2905 
5908 1184 2585 2962 
5909 1867 2777 2912 
5910 2807 298 2988 
5911 2234 2236 2956 
5912 132 133 2960 
5913 303 2268 2959 
5914 2859 340 2985 
5915 1767 1698 2987 
5916 1682 1753 2896 
5917 248 249 2990 
5918 2675 1499 2895 
5919 2086 2087 2984 
5920 2267 382 2964 
5921 1616 2636 2876 
5922 45 46 2966 
5923 1675 1977 2968 
5924 310 2292 2969 
5925 144 145 2971 
5926 1751 1750 2957 
5927 2252 2251 2973 
5928 1793 1796 2974 
5929 140 349 2972 
5930 1668 2708 2918 
5931 1765 2007 2979 
5932 2881 1666 2918 
5933 2645 1053 2938 
5934 926 2607 3008 
5935 300 2668 3024 
5936 375 2110 2981 
5937 322 2713 3030 
5938 2778 1533 2908 
5939 2012 2010 3005 
5940 150 391 2983 
5941 1256 1487 2978 
5942 659 2134 2984 
5943 2665 1460 3005 
5944 1632 1636 2920 
5945 1661 2612 2981 
5946 2607 2062 3008 
5947 2762 1838 2828 
5948 428 431 2945 
5949 424 422 2935 
5950 2035 2033 2991 
5951 2705 2071 3020 
5952 302 2730 3007 
5953 103 378 2993 
5954 433 427 3009 
5955 2281 2285 3012 
5956 2731 1625 3012 
5957 1198 2530 3016 
5958 296 2725 3022 
5959 1705 2859 2985 
5960 2824 1263 2925 
5961 405 2715 2914 
5962 1803 2640 2874 
5963 1996 1854 3003 
5964 1750 2816 2957 
5965 1766 1771 3007 
5966 2289 2290 3015 
5967 2809 1946 2933 
5968 55 56 3011 
5969 2046 2848 3006 
5970 2470 1204 3014 
5971 2223 389 3031 
5972 966 2828 2986 
5973 1408 1546 3032 
5974 2707 300 3024 
5975 2668 1656 3024 
5976 2987 1698 2995 
5977 2812 1910 2941 
5978 2714 2737 2952 
5979 2842 1657 3026 
5980 2768 2661 2970 
5981 1759 1828 2965 
5982 2658 1309 3001 
5983 1796 2817 2974 
5984 351 2768 2970 
5985 804 800 3010 
5986 2762 1265 2901 
5987 2900 1341 3000 
5988 2604 869 2992 
5989 2715 405 2942 
5990 2729 1724 3031 
5991 1213 2644 2980 
5992 2704 1918 2915 
5993 1707 1705 2985 
5994 2010 2665 3005 
5995 1768 1809 2967 
5996 1830 335 2994 
5997 2816 350 2957 
5998 2728 963 2936 
5999 1698 2684 2995 
6000 1699 1701 2961 
6001 2805 1351 2953 
6002 1977 2822 2968 
6003 1823 2889 3019 
6004 1364 1801 2963 
6005 406 2720 2948 
6006 1740 1670 2977 
6007 1624 2731 2928 
6008 1309 2791 3001 
6009 2828 1838 2986 
6010 336 1735 2975 
6011 2746 1687 2996 
6012 2720 241 2948 
6013 1657 2842 3017 
6014 1043 426 3000 
6015 417 419 3023 
6016 1860 2785 2934 
6017 325 2705 3020 
6018 860 2772 2904 
6019 1349 1350 3002 
6020 2661 1664 2970 
6021 963 2825 2936 
6022 366 2778 2908 
6023 2713 1680 3030 
6024 869 2784 2992 
6025 2737 1927 2952 
6026 1689 1691 2998 
6027 1773 2987 2995 
6028 2682 966 2986 
6029 1715 1712 2999 
6030 1487 2836 2978 
6031 389 2729 3031 
6032 896 2714 2952 
6033 2796 1988 2935 
6034 2725 1772 3022 
6035 2723 951 2955 
6036 2770 2284 2946 
6037 2285 2731 3012 
6038 2774 926 3008 
6039 2730 1766 3007 
6040 1774 2804 2878 
6041 2833 303 2959 
6042 2737 922 3013 
6043 2758 325 3020 
6044 2861 317 3029 
6045 2742 1814 3027 
6046 1927 2737 2958 
6047 2985 340 3018 
6048 1546 2897 3032 
6049 1772 2779 3022 
6050 1040 2920 3027 
6051 2869 397 3028 
6052 2803 347 2989 
6053 2161 2807 2988 
6054 2889 355 3019 
6055 2847 1341 2982 
6056 2922 2289 3015 
6057 1680 2831 3030 
6058 2848 666 3006 
6059 2023 2900 3000 
6060 1768 2881 2997 
6061 1673 2861 3029 
6062 1612 2869 3028 
6063 2744 1665 2815 
6064 1911 1905 2906 
$EndElements
