$MeshFormat
4.1 0 8
$EndMeshFormat
$PhysicalNames
5
2 1 "Inflow"
2 2 "Outflow"
2 3 "Wall"
2 4 "Cylinder"
3 5 "Domain"
$EndPhysicalNames
$Entities
18 24 10 1
1 0 0 0 0 
2 2.5 0 0 0 
3 2.5 0.41 0 0 
4 0 0.41 0 0 
5 0.5 0.2 0 0 
6 0.55 0.2 0 0 
7 0.5 0.25 0 0 
8 0.45 0.2 0 0 
9 0.5 0.15 0 0 
10 0 0 0.41 0 
11 2.5 0 0.41 0 
15 2.5 0.41 0.41 0 
19 0 0.41 0.41 0 
26 0.55 0.2 0.41 0 
27 0.5 0.2 0.41 0 
28 0.5 0.25 0.41 0 
33 0.45 0.2 0.41 0 
38 0.5 0.15 0.41 0 
1 0 0 0 2.5 0 0 0 2 1 -2 
2 2.5 0 0 2.5 0.41 0 0 2 2 -3 
3 0 0.41 0 2.5 0.41 0 0 2 3 -4 
4 0 0 0 0 0.41 0 0 2 4 -1 
5 0.5 0.2 0 0.55 0.2500000000000001 0 0 2 6 -7 
6 0.45 0.2 0 0.5 0.25 0 0 2 7 -8 
7 0.45 0.15 0 0.5 0.2 0 0 2 8 -9 
8 0.5 0.15 0 0.55 0.2 0 0 2 9 -6 
10 0 0 0.41 2.5 0 0.41 0 2 10 -11 
11 2.5 0 0.41 2.5 0.41 0.41 0 2 11 -15 
12 0 0.41 0.41 2.5 0.41 0.41 0 2 15 -19 
13 0 0 0.41 0 0.41 0.41 0 2 19 -10 
14 0.5 0.2 0.41 0.55 0.2500000000000001 0.41 0 2 26 -28 
15 0.45 0.2 0.41 0.5 0.25 0.41 0 2 28 -33 
16 0.45 0.15 0.41 0.5 0.2 0.41 0 2 33 -38 
17 0.5 0.15 0.41 0.55 0.2 0.41 0 2 38 -26 
19 0 0 0 0 0 0.41 0 2 1 -10 
20 2.5 0 0 2.5 0 0.41 0 2 2 -11 
24 2.5 0.41 0 2.5 0.41 0.41 0 2 3 -15 
28 0 0.41 0 0 0.41 0.41 0 2 4 -19 
35 0.55 0.2 0 0.55 0.2 0.41 0 2 6 -26 
36 0.5 0.25 0 0.5 0.25 0.41 0 2 7 -28 
40 0.45 0.2 0 0.45 0.2 0.41 0 2 8 -33 
44 0.5 0.15 0 0.5 0.15 0.41 0 2 9 -38 
1 0 0 0 2.5 0.41 0 1 3 8 1 2 3 4 5 6 7 8 
21 0 0 0 2.5 0 0.41 1 3 4 1 20 -10 -19 
25 2.5 0 0 2.5 0.41 0.41 1 2 4 2 24 -11 -20 
29 0 0.41 0 2.5 0.41 0.41 1 3 4 3 28 -12 -24 
33 0 0 0 0 0.41 0.41 1 1 4 4 19 -13 -28 
37 0.5 0.2 0 0.55 0.2500000000000001 0.41 1 4 4 5 36 -14 -35 
41 0.45 0.2 0 0.5 0.25 0.41 1 4 4 6 40 -15 -36 
45 0.45 0.15 0 0.5 0.2 0.41 1 4 4 7 44 -16 -40 
49 0.5 0.15 0 0.55 0.2 0.41 1 4 4 8 35 -17 -44 
50 0 0 0.41 2.5 0.41 0.41 1 3 8 10 11 12 13 14 15 16 17 
1 0 0 0 2.5 0.41 0.41 1 5 10 -1 50 21 25 29 33 37 41 45 49 
$EndEntities
$Nodes
51 1328 1 1328
0 1 0 1
1
0 0 0
0 2 0 1
2
2.5 0 0
0 3 0 1
3
2.5 0.41 0
0 4 0 1
4
0 0.41 0
0 6 0 1
5
0.55 0.2 0
0 7 0 1
6
0.5 0.25 0
0 8 0 1
7
0.45 0.2 0
0 9 0 1
8
0.5 0.15 0
0 10 0 1
9
0 0 0.41
0 11 0 1
10
2.5 0 0.41
0 15 0 1
11
2.5 0.41 0.41
0 19 0 1
12
0 0.41 0.41
0 26 0 1
13
0.55 0.2 0.41
0 28 0 1
14
0.5 0.25 0.41
0 33 0 1
15
0.45 0.2 0.41
0 38 0 1
16
0.5 0.15 0.41
1 1 0 30
17
18
19
20
21
22
23
24
25
26
27
28
29
30
31
32
33
34
35
36
37
38
39
40
41
42
43
44
45
46
0.08064516129026143 0 0
0.1612903225805044 0 0
0.2419354838707706 0 0
0.3225806451610092 0 0
0.4032258064511016 0 0
0.4838709677411888 0 0
0.5645161290312759 0 0
0.645161290321363 0 0
0.7258064516114503 0 0
0.8064516129015374 0 0
0.8870967741916246 0 0
0.9677419354817117 0 0
1.048387096771988 0 0
1.129032258062433 0 0
1.209677419352879 0 0
1.290322580643325 0 0
1.37096774193377 0 0
1.451612903224215 0 0
1.53225806451466 0 0
1.612903225805105 0 0
1.69354838709555 0 0
1.774193548385995 0 0
1.85483870967644 0 0
1.935483870966885 0 0
2.01612903225733 0 0
2.096774193547775 0 0
2.17741935483822 0 0
2.258064516128665 0 0
2.33870967741911 0 0
2.419354838709555 0 0
1 2 0 4
47
48
49
50
2.5 0.0819999999998168 0
2.5 0.1639999999995692 0
2.5 0.2459999999995605 0
2.5 0.3279999999997851 0
1 3 0 30
51
52
53
54
55
56
57
58
59
60
61
62
63
64
65
66
67
68
69
70
71
72
73
74
75
76
77
78
79
80
2.419354838709677 0.41 0
2.338709677419355 0.41 0
2.258064516129032 0.41 0
2.17741935483871 0.41 0
2.096774193548387 0.41 0
2.016129032258064 0.41 0
1.935483870967742 0.41 0
1.854838709677419 0.41 0
1.774193548387096 0.41 0
1.693548387096773 0.41 0
1.61290322580645 0.41 0
1.532258064516127 0.41 0
1.451612903225804 0.41 0
1.370967741935481 0.41 0
1.290322580645158 0.41 0
1.209677419354835 0.41 0
1.129032258064513 0.41 0
1.04838709677419 0.41 0
0.9677419354838681 0.41 0
0.8870967741935456 0.41 0
0.8064516129032233 0.41 0
0.7258064516129008 0.41 0
0.6451612903225787 0.41 0
0.5645161290322562 0.41 0
0.4838709677419342 0.41 0
0.4032258064516112 0.41 0
0.3225806451612896 0.41 0
0.2419354838709671 0.41 0
0.1612903225806446 0.41 0
0.08064516129032206 0.41 0
1 4 0 4
81
82
83
84
0 0.3280000000001972 0
0 0.2460000000004368 0
0 0.1640000000004435 0
0 0.0820000000002169 0
1 5 0 1
85
0.5353553390150116 0.2353553391036432 0
1 6 0 1
86
0.464644660838916 0.2353553389575707 0
1 7 0 1
87
0.4646446610031355 0.1646446608782098 0
1 8 0 1
88
0.5353553391344836 0.1646446610158289 0
1 10 0 30
89
90
91
92
93
94
95
96
97
98
99
100
101
102
103
104
105
106
107
108
109
110
111
112
113
114
115
116
117
118
0.08064516129026143 0 0.41
0.1612903225805044 0 0.41
0.2419354838707706 0 0.41
0.3225806451610092 0 0.41
0.4032258064511016 0 0.41
0.4838709677411888 0 0.41
0.5645161290312759 0 0.41
0.645161290321363 0 0.41
0.7258064516114503 0 0.41
0.8064516129015374 0 0.41
0.8870967741916246 0 0.41
0.9677419354817117 0 0.41
1.048387096771988 0 0.41
1.129032258062433 0 0.41
1.209677419352879 0 0.41
1.290322580643325 0 0.41
1.37096774193377 0 0.41
1.451612903224215 0 0.41
1.53225806451466 0 0.41
1.612903225805105 0 0.41
1.69354838709555 0 0.41
1.774193548385995 0 0.41
1.85483870967644 0 0.41
1.935483870966885 0 0.41
2.01612903225733 0 0.41
2.096774193547775 0 0.41
2.17741935483822 0 0.41
2.258064516128665 0 0.41
2.33870967741911 0 0.41
2.419354838709555 0 0.41
1 11 0 4
119
120
121
122
2.5 0.0819999999998168 0.41
2.5 0.1639999999995692 0.41
2.5 0.2459999999995605 0.41
2.5 0.3279999999997851 0.41
1 12 0 30
123
124
125
126
127
128
129
130
131
132
133
134
135
136
137
138
139
140
141
142
143
144
145
146
147
148
149
150
151
152
2.419354838709677 0.41 0.41
2.338709677419355 0.41 0.41
2.258064516129032 0.41 0.41
2.17741935483871 0.41 0.41
2.096774193548387 0.41 0.41
2.016129032258064 0.41 0.41
1.935483870967742 0.41 0.41
1.854838709677419 0.41 0.41
1.774193548387096 0.41 0.41
1.693548387096773 0.41 0.41
1.61290322580645 0.41 0.41
1.532258064516127 0.41 0.41
1.451612903225804 0.41 0.41
1.370967741935481 0.41 0.41
1.290322580645158 0.41 0.41
1.209677419354835 0.41 0.41
1.129032258064513 0.41 0.41
1.04838709677419 0.41 0.41
0.9677419354838681 0.41 0.41
0.8870967741935456 0.41 0.41
0.8064516129032233 0.41 0.41
0.7258064516129008 0.41 0.41
0.6451612903225787 0.41 0.41
0.5645161290322562 0.41 0.41
0.4838709677419342 0.41 0.41
0.4032258064516112 0.41 0.41
0.3225806451612896 0.41 0.41
0.2419354838709671 0.41 0.41
0.1612903225806446 0.41 0.41
0.08064516129032206 0.41 0.41
1 13 0 4
153
154
155
156
0 0.3280000000001972 0.41
0 0.2460000000004368 0.41
0 0.1640000000004435 0.41
0 0.0820000000002169 0.41
1 14 0 1
157
0.5353553390150116 0.2353553391036432 0.41
1 15 0 1
158
0.464644660838916 0.2353553389575707 0.41
1 16 0 1
159
0.4646446610031355 0.1646446608782098 0.41
1 17 0 1
160
0.5353553391344836 0.1646446610158289 0.41
1 19 0 4
161
162
163
164
0 0 0.0819999999998168
0 0 0.1639999999995692
0 0 0.2459999999995605
0 0 0.3279999999997851
1 20 0 4
165
166
167
168
2.5 0 0.0819999999998168
2.5 0 0.1639999999995692
2.5 0 0.2459999999995605
2.5 0 0.3279999999997851
1 24 0 4
169
170
171
172
2.5 0.41 0.0819999999998168
2.5 0.41 0.1639999999995692
2.5 0.41 0.2459999999995605
2.5 0.41 0.3279999999997851
1 28 0 4
173
174
175
176
0 0.41 0.0819999999998168
0 0.41 0.1639999999995692
0 0.41 0.2459999999995605
0 0.41 0.3279999999997851
1 35 0 9
177
178
179
180
181
182
183
184
185
0.55 0.2 0.04099999999992403
0.55 0.2 0.0819999999998168
0.55 0.2 0.1229999999997052
0.55 0.2 0.1639999999995692
0.55 0.2 0.2049999999994737
0.55 0.2 0.2459999999995605
0.55 0.2 0.2869999999996506
0.55 0.2 0.3279999999997851
0.55 0.2 0.3689999999998763
1 36 0 9
186
187
188
189
190
191
192
193
194
0.5 0.25 0.04099999999992403
0.5 0.25 0.0819999999998168
0.5 0.25 0.1229999999997052
0.5 0.25 0.1639999999995692
0.5 0.25 0.2049999999994737
0.5 0.25 0.2459999999995605
0.5 0.25 0.2869999999996506
0.5 0.25 0.3279999999997851
0.5 0.25 0.3689999999998763
1 40 0 9
195
196
197
198
199
200
201
202
203
0.45 0.2 0.04099999999992403
0.45 0.2 0.0819999999998168
0.45 0.2 0.1229999999997052
0.45 0.2 0.1639999999995692
0.45 0.2 0.2049999999994737
0.45 0.2 0.2459999999995605
0.45 0.2 0.2869999999996506
0.45 0.2 0.3279999999997851
0.45 0.2 0.3689999999998763
1 44 0 9
204
205
206
207
208
209
210
211
212
0.5 0.15 0.04099999999992403
0.5 0.15 0.0819999999998168
0.5 0.15 0.1229999999997052
0.5 0.15 0.1639999999995692
0.5 0.15 0.2049999999994737
0.5 0.15 0.2459999999995605
0.5 0.15 0.2869999999996506
0.5 0.15 0.3279999999997851
0.5 0.15 0.3689999999998763
2 1 0 183
213
214
215
216
217
218
219
220
221
222
223
224
225
226
227
228
229
230
231
232
233
234
235
236
237
238
239
240
241
242
243
244
245
246
247
248
249
250
251
252
253
254
255
256
257
258
259
260
261
262
263
264
265
266
267
268
269
270
271
272
273
274
275
276
277
278
279
280
281
282
283
284
285
286
287
288
289
290
291
292
293
294
295
296
297
298
299
300
301
302
303
304
305
306
307
308
309
310
311
312
313
314
315
316
317
318
319
320
321
322
323
324
325
326
327
328
329
330
331
332
333
334
335
336
337
338
339
340
341
342
343
344
345
346
347
348
349
350
351
352
353
354
355
356
357
358
359
360
361
362
363
364
365
366
367
368
369
370
371
372
373
374
375
376
377
378
379
380
381
382
383
384
385
386
387
388
389
390
391
392
393
394
395
0.5692590789215224 0.2328978389751712 0
0.7615925100828593 0.06723108279620918 0
0.4323442129747339 0.2311605527234807 0
0.9224837010824669 0.07196402584416463 0
2.217861175671008 0.3348034788758195 0
2.06446903849492 0.332600863441839 0
1.895231724562231 0.3454133412758726 0
1.733870967741934 0.3401592416302868 0
1.572580645161289 0.3401592416302868 0
1.412112271732895 0.3406454441629035 0
1.096094976494391 0.06551748402422281 0
1.250780828672489 0.3381588999468568 0
0.07797410510295001 0.2069417866944601 0
0.4246051580085304 0.1669582708894038 0
0.5732962912869444 0.1696396821685694 0
0.8467741935483842 0.3401592416302873 0
2.304864094144727 0.07297970081264585 0
2.134487269401578 0.06833416007603728 0
1.975806451612104 0.06766438064441564 0
1.814516129031218 0.06984075836981868 0
1.653225806450328 0.06984075836981868 0
1.009445934499039 0.3458788578518859 0
1.491935637214805 0.06984084690379999 0
1.33274839870389 0.06396063694785983 0
0.2884832173136201 0.3442307442438764 0
0.2828600057109599 0.06317670456230226 0
0.6940169472748698 0.3479253378000094 0
2.429519314433354 0.2041899847079768 0
0.4696396820025895 0.273296291168973 0
0.5323669880164318 0.2761989885600555 0
0.4690264794081217 0.1175492535375028 0
0.5318646972144812 0.1223307941262213 0
2.371092957617728 0.3358195507148254 0
0.119357107701839 0.06661048345392973 0
0.1209677419354833 0.3401592416302873 0
0.6035287377890591 0.06734322939798448 0
0.6823125976432732 0.06546313840357096 0
0.7188838552419631 0.1305076289437864 0
0.7944562580221108 0.1357649509548699 0
0.7497774520629508 0.1960930698391156 0
0.8237607704409597 0.2041674905188425 0
0.6811591257819649 0.1898700975176373 0
0.707209295370956 0.2470693782251945 0
0.6505977130498465 0.2437663779569199 0
0.8687454380409474 0.1453020453420231 0
0.9004282476491803 0.2146415392550413 0
0.4443214875386955 0.3448865431333689 0
0.5226034943839878 0.3540221281468134 0
0.5875951069331725 0.3415276989976423 0
0.3669605670501002 0.3464257033670782 0
0.3405089862458761 0.2806474662358366 0
0.2607097689501406 0.278884859903828 0
0.3032318316403426 0.2220985376126043 0
0.2349164253066928 0.2140195448643984 0
0.1902921857995611 0.2698497221580533 0
0.2763544670232362 0.1637988770211095 0
0.2069553769563624 0.1500604044681338 0
0.3434507331655964 0.1698021165155137 0
0.3642889373744267 0.2192564312632102 0
0.4042104993730058 0.2994745678467399 0
0.6445075346941069 0.1317605155071195 0
0.9469847419493699 0.1532537633813826 0
0.9792830423461496 0.2221332185056446 0
1.026302498932218 0.1618985138824811 0
1.058797628277932 0.2311761918694304 0
1.105932675658993 0.1729164428400517 0
1.138163729166804 0.244745137121356 0
1.185697477313979 0.184191554718344 0
0.9309802349263006 0.2895638898652835 0
1.218337672475255 0.2566759600373168 0
1.264289318820738 0.1916619952717345 0
1.220518033573381 0.1263111100888989 0
1.297711901166968 0.2654763734794804 0
1.338409008970081 0.2000711018695234 0
0.1997560415633719 0.07568981172208113 0
1.079796751635388 0.2979965446159912 0
0.7619875315430649 0.345284674810373 0
0.5326703993713776 0.06852776526799637 0
0.3599487239950416 0.06225688287224082 0
0.4330412841400658 0.07175174644579031 0
0.6271817201677513 0.1947206260277192 0
0.8413621488556975 0.06959789722907596 0
1.159214048112662 0.3321878095256693 0
0.2064559130461989 0.3429553546537792 0
0.7794792535474032 0.2691248076440471 0
0.3857460517991522 0.1293996222750085 0
2.431489113167379 0.1233543481086707 0
2.352659285406486 0.1506625693357962 0
2.358977895496976 0.2448839388081388 0
2.288130013637529 0.2046599902598857 0
2.292079140964117 0.2865282663163614 0
2.21873097157286 0.2466719361627013 0
2.218537216204872 0.1646671353162726 0
2.152097045396477 0.2026965722537997 0
2.144744824526211 0.2858750952256773 0
2.078213941828456 0.2448031379277187 0
2.000610793713465 0.2727280051467294 0
2.012395928402789 0.1961662287906199 0
1.936872925536072 0.2253180247287283 0
1.332965793500331 0.3391583165337789 0
1.011271508020836 0.08251244778038223 0
2.219438690788498 0.08184797123935385 0
1.572580661133418 0.0698407786598844 0
1.532258044813459 0.1396813412105286 0
1.452488541730339 0.1386599245486634 0
1.493306945242947 0.2081620697682605 0
1.572580415137877 0.209522142312207 0
1.41178683784466 0.06711360473596945 0
1.612903147318811 0.1396815117002947 0
1.693548343968802 0.1396815582404503 0
1.653225562051841 0.2095223996190182 0
1.733870766473177 0.2095224577159089 0
1.733870970137002 0.06984077081995052 0
1.774193542166022 0.1396816145950771 0
1.811654839719296 0.2063629784186785 0
1.89516129032166 0.06947801768225129 0
1.937000707918326 0.143090492653785 0
2.056016695437314 0.06705055130788647 0
2.090007140892592 0.1456555178154301 0
1.492005303700856 0.3410568122868436 0
1.814527868072199 0.3425424194368012 0
1.653225806451611 0.3401592416302894 0
1.851753378515357 0.1380107126443985 0
1.176137530588203 0.06206595993399055 0
1.375242741430483 0.271936669903063 0
0.1207782466176816 0.2650880306929623 0
0.1615551995904508 0.2072156070616345 0
2.433464954489262 0.2849534855477925 0
0.06575775186277764 0.1193431640973893 0
1.532498165443096 0.2749344757857223 0
1.612902780189802 0.2748406209725674 0
1.693548117207123 0.2748407451880977 0
1.7741935483871 0.2748409036811729 0
1.863768734945454 0.2691501085074248 0
2.379530833399588 0.06783192461048931 0
1.452814653071236 0.2751808045698746 0
0.4837218261473989 0.0752794902536599 0
0.5916614169327814 0.1255130015695003 0
1.974972192889647 0.3446126099088636 0
1.413871615784338 0.2040384651124797 0
0.1385180049286247 0.1375551459378508 0
1.375374237628222 0.1343066264038284 0
0.8554744573685357 0.2652852480932527 0
0.3177217898754532 0.1160808182779556 0
2.014245384852625 0.1239254342424274 0
2.140253717415847 0.3546558875086671 0
0.3873319132815458 0.1770832881700156 0
2.295561493560248 0.3554302591814013 0
2.280936058711715 0.1363128754935436 0
1.296889832949069 0.1280029595785484 0
0.06127748596823338 0.2912821259018176 0
0.9284078145302275 0.3591203978694913 0
0.6714932504293708 0.2943403800317588 0
0.6212372388997089 0.2904433656467384 0
1.254382299301791 0.06339011109154959 0
2.162061978954946 0.1311621124109639 0
0.7227303132826441 0.301759076884012 0
1.934291274329374 0.2914444179135237 0
1.879576872929393 0.1973075921780823 0
0.543420519451019 0.3105528620856765 0
0.4939023441173366 0.3019138689551645 0
0.5706008578326622 0.2770834860762643 0
2.440101398003829 0.06025257803985934 0
2.441199559387515 0.3508274390564685 0
0.05880044061242024 0.05917256094348632 0
1.011660718336962 0.2773497405416471 0
1.146933730977834 0.1256968162993078 0
0.2474791363637106 0.1126469360784028 0
0.3989283804266999 0.249481676209496 0
0.6038381051717543 0.2434728138983828 0
0.5888878303381064 0.1994330338661346 0
0.6097517864806672 0.1558672421269656 0
0.4319685348859922 0.131968534778266 0
0.5612752407388951 0.1012984769939609 0
0.4357886121740964 0.2655347827495875 0
0.44825587143757 0.2991409418623376 0
0.6439007667719401 0.3368473564952297 0
0.5583734648649946 0.1383236210539867 0
0.4095831003443228 0.2073233698759344 0
1.086906381703947 0.3633883889584423 0
0.04915089662369414 0.3600419557412448 0
1.072571961270638 0.1241086455485796 0
0.5034566804282758 0.1067374606370761 0
2 21 0 153
396
397
398
399
400
401
402
403
404
405
406
407
408
409
410
411
412
413
414
415
416
417
418
419
420
421
422
423
424
425
426
427
428
429
430
431
432
433
434
435
436
437
438
439
440
441
442
443
444
445
446
447
448
449
450
451
452
453
454
455
456
457
458
459
460
461
462
463
464
465
466
467
468
469
470
471
472
473
474
475
476
477
478
479
480
481
482
483
484
485
486
487
488
489
490
491
492
493
494
495
496
497
498
499
500
501
502
503
504
505
506
507
508
509
510
511
512
513
514
515
516
517
518
519
520
521
522
523
524
525
526
527
528
529
530
531
532
533
534
535
536
537
538
539
540
541
542
543
544
545
546
547
548
0.6854838709847709 0 0.3401592417588676
0.524044198611481 0 0.06904732566525772
0.846774193546581 0 0.06984075826443067
0.3631369439117194 0 0.3459354731705629
1.00806451612685 0 0.3401592416304092
1.734073597843469 0 0.06907466369761966
2.217741935483443 0 0.3401592416301812
1.572580645489594 0 0.06984075840519957
1.894704195636407 0 0.06740502871271495
1.330645161288547 0 0.06984075826474065
2.056291844457645 0 0.07307152046285659
1.169354838707656 0 0.06984075826474105
0.07067581784244152 0 0.2054493749497187
1.653534968513208 0 0.3403903725840983
1.814804157673004 0 0.3411253306484014
1.491935483869438 0 0.3401592417352594
1.975806451612107 0 0.3401592417352593
1.250000000184494 0 0.3401592416101598
0.2822580645158899 0 0.06984075850089735
2.30434542183446 0 0.0743121356696453
0.5247448676136072 0 0.3405689153645657
0.8467741935062039 0 0.3401592416677539
0.6851864075211628 0 0.06962050023191095
1.00806451612685 0 0.06984075850091138
2.429372327220528 0 0.2045495802120593
0.2006315581516896 0 0.3396738644020472
2.369480513656401 0 0.3396350513031131
0.1305100141089851 0 0.07034086672120679
2.432043738545934 0 0.1239544692313783
2.349504234932727 0 0.1538746139701743
2.360558890438609 0 0.2456091184782679
2.287007627872622 0 0.2050137767307612
2.291908451989225 0 0.2866129287437841
2.216876052542726 0 0.2474501736716536
2.136567977522771 0 0.2931879312566896
2.143950410749322 0 0.2107441402626466
2.073426141622637 0 0.2544750019532379
2.070441865020075 0 0.1721255478864724
2.003342681421211 0 0.2168756042416612
2.139329856304642 0 0.1301911942261722
1.996638536565966 0 0.1383942287575031
1.932685374861953 0 0.1837867456877521
1.934472813350494 0 0.2693801892796532
1.853745099004112 0 0.2265655912072227
2.212459245304762 0 0.1659742912620027
2.219711282480543 0 0.08142934223207594
1.85875070985719 0 0.1439118958611128
1.791436964188528 0 0.191498056368714
0.06799322853310198 0 0.2860991949448394
0.1535440749957215 0 0.2568978469192794
0.1407916949725217 0 0.1643877238118118
0.2168505558508369 0 0.204846636144541
0.2088495932671719 0 0.1230889747393581
0.2835093598392034 0 0.1637721309974184
0.3640329962714917 0 0.1165497693321282
0.3584114595154115 0 0.1976726235506505
0.4262591933970791 0 0.1546787226701814
0.4287756283880507 0 0.2349030263147873
0.4904939204698435 0 0.189678511462384
0.2902679970486524 0 0.2453107701736483
1.088709677227803 0 0.3401592416488556
1.048387096554759 0 0.2703184833585642
1.12903225801446 0 0.2703184835564741
0.9677419355020521 0 0.2703184834115832
1.088709677232092 0 0.2004777246409208
1.169354838967879 0 0.2004777248792471
1.169354838570633 0 0.3401592415997404
1.08870967741721 0 0.06984075832376745
0.9274193548281284 0 0.3401592416472245
0.8870967741916241 0 0.2703184833126627
0.8064516127662325 0 0.2703184834022426
0.9274193549369991 0 0.2004777250641861
0.8467741934013504 0 0.2004777255658004
0.7673002385169631 0 0.2025286535440754
0.2833405540236694 0 0.3345988883008874
0.9274193548367154 0 0.06984075826841173
1.653251833433278 0 0.06956288157079406
1.612902799388327 0 0.139666332120331
1.532257890824062 0 0.1396760030647879
1.572580644791903 0 0.2095222751354764
1.491935483719403 0 0.2095222747381766
1.651269062419803 0 0.2087964533451654
1.45161283762274 0 0.1396795144628646
1.412461503901814 0 0.2074712419747644
1.690369325510063 0 0.1384518209411077
0.442180344825351 0 0.334816216734902
1.814086987650589 0 0.06825379696600122
1.572635581511443 0 0.3404392611888972
1.894959366979591 0 0.3414544002997687
2.056451612879802 0 0.3401592416433158
1.410981160713621 0 0.3403903726512874
0.7657161318424694 0 0.06952991965216636
0.7661290323004938 0 0.3401592417730301
1.249952819158475 0 0.06960781183260821
1.291492038231717 0 0.1376167426084439
0.6050526805434639 0 0.3403079468626494
0.6451612901313757 0 0.2703184834757494
0.6047234723227647 0 0.06947295529624221
0.6451612902223763 0 0.1396815171809079
0.4435483870961451 0 0.06984075826833003
1.330230932657867 0 0.3404635133359297
1.288196550376986 0 0.2713385865025645
1.734314778957782 0 0.3408143886064877
1.774193548343589 0 0.2703184834337962
1.491935496937072 0 0.06984036484045006
1.008064516084545 0 0.2004777252509101
1.208850116072881 0 0.2707403140616734
0.7258813194858295 0 0.270622657847159
1.41129034084267 0 0.06984050949894903
1.371814997886509 0 0.1386329380274057
0.5645161289255352 0 0.1396815164834102
0.5704740360426994 0 0.2734148187725602
2.434804202484648 0 0.2829829357253939
1.370255655791456 0 0.2730518954866274
1.249035317366223 0 0.202797650896639
0.724985054927445 0 0.1373673383182617
1.692319262869311 0 0.2730937854538711
0.06571577921526921 0 0.1271248042099525
2.375914274681401 0 0.06836718309095702
0.8065782976116123 0 0.1357557504898599
1.45168060740673 0 0.274345264944975
0.8871714317850926 0 0.1353746841977829
0.9677726835001911 0 0.1352370965240593
1.129032257537161 0 0.1351583420794775
1.532304088640405 0 0.2746776499607038
1.048398700682389 0 0.135187053111449
1.612903224937261 0 0.2748407582196206
0.6138721392219199 0 0.2064514534832494
1.209512934629474 0 0.1361195816027642
1.330540263036575 0 0.2051798273083043
0.6854838710135708 0 0.2050024901099687
1.975806451612107 0 0.06519492913596876
0.1245799290662946 0 0.3422447389063367
0.5080977070405081 0 0.270679911539223
2.137096774193 0 0.05887042995680662
0.3598036712822248 0 0.2726366955768149
1.724080268294676 0 0.2068366892312649
0.2233766240068574 0 0.2724276912418839
2.298387096773888 0 0.353898890560829
0.2016129032256375 0 0.05594394881737798
2.281883561602225 0 0.1402491017399847
1.772186611702343 0 0.1277228300897361
2.009668793164189 0 0.283659808612045
0.4844476015810893 0 0.1242453831194449
2.137096774192997 0 0.3575537524339544
0.3629032258060554 0 0.05218531997028409
1.938379340747328 0 0.1177791906356401
1.854838709524592 0 0.289823495506235
2.440017093299395 0 0.06033549004820495
0.05994894359156003 0 0.3496979121760046
2.441199559456754 0 0.3508274394001633
0.05880044060389573 0 0.05917256094286467
0.5524987551939529 0 0.2139621870617616
2 25 0 24
549
550
551
552
553
554
555
556
557
558
559
560
561
562
563
564
565
566
567
568
569
570
571
572
2.5 0.208301313563824 0.05473849702352879
2.5 0.2049999999995649 0.3389859169966305
2.5 0.3432703859462856 0.2010361587981629
2.5 0.06711971100558431 0.2003526852764923
2.5 0.2866525357570811 0.3405646922645565
2.5 0.2474596069412463 0.2749380908972605
2.5 0.1627293890674544 0.2758306311298774
2.5 0.204999999912667 0.1969577509467778
2.5 0.1231930637337459 0.3404545652339406
2.5 0.280753685760316 0.07711731157333594
2.5 0.06944667884436306 0.1230465664079968
2.5 0.07475852373322821 0.2811314083409402
2.5 0.3437313851163643 0.1253666443594951
2.5 0.3328788507108058 0.2803828930235477
2.5 0.1295149387789012 0.07155336363252593
2.5 0.135965168970119 0.1580055866809649
2.5 0.2788397487459345 0.1594388763889876
2.5 0.2145987206165244 0.1302503157475673
2.5 0.3499718344558225 0.3499718333699731
2.5 0.06002816629799312 0.06002816623358609
2.5 0.3499718337719318 0.06002816629236857
2.5 0.06002816635162966 0.3499718338717517
2.5 0.1272242418279063 0.2221372359216525
2.5 0.2827975917540949 0.2221694758723318
2 29 0 154
573
574
575
576
577
578
579
580
581
582
583
584
585
586
587
588
589
590
591
592
593
594
595
596
597
598
599
600
601
602
603
604
605
606
607
608
609
610
611
612
613
614
615
616
617
618
619
620
621
622
623
624
625
626
627
628
629
630
631
632
633
634
635
636
637
638
639
640
641
642
643
644
645
646
647
648
649
650
651
652
653
654
655
656
657
658
659
660
661
662
663
664
665
666
667
668
669
670
671
672
673
674
675
676
677
678
679
680
681
682
683
684
685
686
687
688
689
690
691
692
693
694
695
696
697
698
699
700
701
702
703
704
705
706
707
708
709
710
711
712
713
714
715
716
717
718
719
720
721
722
723
724
725
726
0.3650505380334783 0.41 0.0678481043724997
0.68548387096774 0.41 0.06984075826463412
0.5241935483870954 0.41 0.06984075826463412
1.008064516129029 0.41 0.06984075826463433
0.8467741935483848 0.41 0.06984075826463433
2.217741935483871 0.41 0.0698407582646345
2.056451612903226 0.41 0.0698407582646345
1.169354838709674 0.41 0.0698407582646345
1.895161194635524 0.41 0.06984082876487378
1.653225806548205 0.41 0.3401592416278061
1.412461528412493 0.41 0.06778983008384054
0.07067581763014541 0.41 0.2045506251452948
0.4435483870967727 0.41 0.340159241735366
0.2822580645161281 0.41 0.3401592417353659
0.6048387096774168 0.41 0.3401592417353659
0.7661290322467715 0.41 0.340159240835093
0.9274193548620819 0.41 0.3401592397516708
1.088709677391137 0.41 0.3401592401696059
2.29989245614868 0.41 0.3397567594118944
2.134970172946503 0.41 0.3421733970827486
1.975230568047873 0.41 0.3407920001732698
1.249999999999997 0.41 0.3401592417353653
1.814206864104051 0.41 0.3403904272259915
1.491935483993443 0.41 0.3401592416364806
1.572580645161288 0.41 0.06984075850103363
1.734180039631914 0.41 0.06960955967227245
2.429372326795193 0.41 0.205450419820599
0.2001658879491375 0.41 0.07023797640888363
2.369483753048603 0.41 0.07036252182939166
0.1305100147298659 0.41 0.3396591331389092
2.432043738585194 0.41 0.2860455303949437
2.349016444513853 0.41 0.2566041936850292
2.359883757422028 0.41 0.1644832250677321
2.286897179399859 0.41 0.2049997975975404
2.291702992136755 0.41 0.1233266368605229
2.218033458780398 0.41 0.1650144800828495
2.218007103758048 0.41 0.2454232164132614
2.148121687875403 0.41 0.2032911237515446
2.138932097722804 0.41 0.1177319822706913
2.076409389435059 0.41 0.1617745502794269
2.076101547382176 0.41 0.2428594248089933
2.008280040508434 0.41 0.1969832004426826
0.06799322855222778 0.41 0.1239008047549622
0.1511572895297419 0.41 0.1534200475469243
0.1402158215310751 0.41 0.245662721671065
0.2133826009015878 0.41 0.2051373918078968
0.2084297791657761 0.41 0.2868870174859696
0.2823101610360679 0.41 0.245255170001552
0.2822402780528406 0.41 0.1643284265002505
0.3523588447337076 0.41 0.2069721256013554
0.3613060786134326 0.41 0.2925730606744466
0.4239317620377885 0.41 0.2487241044625531
0.4244585254090532 0.41 0.1676491052584244
0.5023518228112818 0.41 0.209114165340049
0.444405132287673 0.41 0.06694441530424511
0.6854838709677404 0.41 0.3401592417353659
0.6451614248688808 0.41 0.2703182995053564
0.5645161290550065 0.41 0.2703184833787876
0.6000628729652793 0.41 0.2027322033651585
0.6841309953318444 0.41 0.2017552012036987
0.5242115718963163 0.41 0.3407389995548514
2.217922679267928 0.41 0.3343741978818863
2.055029125546595 0.41 0.3424122892831672
1.572580645186011 0.41 0.3401592416532617
1.61290322597035 0.41 0.2703184833697782
1.691764873083611 0.41 0.271104993087824
1.6532258066372 0.41 0.2004777251806028
1.733870968415727 0.41 0.2004777252446437
1.572580645530179 0.41 0.2004777249038421
1.532258064539883 0.41 0.2703184831669362
1.45161290313278 0.41 0.2703184830724117
1.491935484435668 0.41 0.2004777243950814
1.410981161092383 0.41 0.2007088553573596
1.370943694213452 0.41 0.270339321322643
1.330228683063274 0.41 0.2007823960376966
1.290281361408935 0.41 0.2703537702802069
1.250000000267727 0.41 0.200477722968679
1.289652556018623 0.41 0.1335009635681762
1.209662351087814 0.41 0.2703312941720006
1.169354839181904 0.41 0.2004777221291927
1.129026773541835 0.41 0.2703231324280606
1.088709678191083 0.41 0.2004777207059673
1.048385103474815 0.41 0.2703201679837444
1.008064517105908 0.41 0.200477719482348
0.9677412120468833 0.41 0.2703190907192542
0.9274193561427908 0.41 0.2004777177836301
0.8870965119932972 0.41 0.2703186985952417
0.8467741950593477 0.41 0.2004777163654918
0.8064515763820534 0.41 0.2703186024574614
0.8467741690828969 0.41 0.3401592639750772
1.008064295583533 0.41 0.3401593953712568
1.97578761540698 0.41 0.06928027143415044
1.934211059356723 0.41 0.1421698121639259
1.855661289109302 0.41 0.1397885047926845
1.889174334560425 0.41 0.2104297768574677
1.81451492371108 0.41 0.2095243616580294
1.894911870675177 0.41 0.3407151399849621
1.491935483870966 0.41 0.06984075807657936
0.6030966904054478 0.41 0.07066637517059764
0.7661290325212635 0.41 0.0698407585449287
1.08870967715615 0.41 0.06984075854492931
1.330639476548134 0.41 0.3401616653151345
1.653280724563893 0.41 0.06956072610752194
1.814999311231715 0.41 0.06956582090395265
1.733295103998541 0.41 0.3404519062455751
1.169353170341417 0.41 0.3401604221004053
0.9274193550763175 0.41 0.06984075844150482
1.411286016687721 0.41 0.3401605162825893
0.282211969592105 0.41 0.07563210467616921
0.7256770521413947 0.41 0.2703449998276138
0.7657572439923048 0.41 0.2014101766097939
0.5533277730819373 0.41 0.1446496044433767
2.434575418823421 0.41 0.1270778702983859
1.250247172003417 0.41 0.06747848019325833
1.370708764365513 0.41 0.1340386200302764
1.776979067729384 0.41 0.1374828208011443
1.771238484732952 0.41 0.2726004005492204
0.06550997956850813 0.41 0.2829249653516747
2.37545588872207 0.41 0.342224059934199
1.612903226245973 0.41 0.1351592415885759
1.69417661992034 0.41 0.1359578242766571
1.451666789875548 0.41 0.1349273379802574
1.532281902133603 0.41 0.1350754393674819
1.129032257870826 0.41 0.1351601394919198
1.048387097686951 0.41 0.13515956453414
0.9677419364842952 0.41 0.1351593563758918
0.8870967747557879 0.41 0.1351592748065943
0.8064516132618489 0.41 0.1351592215453676
0.7256598270843464 0.41 0.1353013259050895
1.8548387100212 0.41 0.2748418778429257
1.930595874782662 0.41 0.275670637551197
0.6453363032712383 0.41 0.1385815965688132
1.330972492180302 0.41 0.06732436548739913
1.20967742040473 0.41 0.1351617305675698
0.1245799290328962 0.41 0.06775526117352167
2.009321228139945 0.41 0.2743645384179691
2.01462861161782 0.41 0.1295899773693578
0.4921108883598162 0.41 0.2795885771515403
2.298387096774194 0.41 0.05608056063036568
0.2016129032258078 0.41 0.3540560507303976
0.3497280440800141 0.41 0.1362622764230432
2.150557764363028 0.41 0.2739573256906552
2.281696015853144 0.41 0.2726370458872033
0.2186262330813147 0.41 0.1373856763319111
2.137096774193548 0.41 0.05241722889155134
0.3629032258064506 0.41 0.3578146790995211
0.4781300705041325 0.41 0.122587191541703
2.440017093481781 0.41 0.3496645099592239
0.05994894325608868 0.41 0.06030208776162574
2.441199559920809 0.41 0.05917256123537704
0.05880044054313238 0.41 0.3508274394002449
0.4032258062395204 0.41 0.1127378667918764
2.096774193324747 0.41 0.2976684004592542
1.948383884069746 0.41 0.2180016105726443
2 33 0 25
727
728
729
730
731
732
733
734
735
736
737
738
739
740
741
742
743
744
745
746
747
748
749
750
751
0 0.3432703860673448 0.2010361586673919
0 0.06672961421258161 0.2010361587834046
0 0.2050000001206702 0.3389859169995496
0 0.2001367303791163 0.06481313232310247
0 0.1233474643127961 0.340564692313543
0 0.1625403928986946 0.2749380909843031
0 0.2472742498907886 0.2758360044748256
0 0.2050000005730059 0.1969577510186667
0 0.123032053508411 0.0607878556639871
0 0.2795873167247577 0.07855654513916142
0 0.2868070941864925 0.340454798399845
0 0.07712114937716846 0.2803828930605524
0 0.3352838975846054 0.2812050124340517
0 0.3435925317897686 0.1255379815587518
0 0.07841644000268178 0.12068062395029
0 0.1376743738669585 0.1641954088039263
0 0.2786222116564497 0.1597073049548124
0 0.2174854428624593 0.1339859169542589
0 0.3499718336842683 0.06002816638014244
0 0.06002816564043473 0.3499718333517342
0 0.06002816623396379 0.06002816629826365
0 0.3499718337900608 0.3499718337899503
0 0.127202407646359 0.2221694758995268
0 0.2827975918969537 0.2221694757032324
0 0.1602149032549541 0.111830734345797
2 37 0 12
752
753
754
755
756
757
758
759
760
761
762
763
0.5349085498268852 0.2357965521940854 0.1435778165833875
0.5359120596524524 0.2347897107133518 0.1835869984032513
0.5352149801706594 0.2354951429294216 0.2242084753166013
0.5354731129166436 0.2352371715664447 0.2647474999965303
0.5351004806924275 0.2356083733854908 0.3056956233604962
0.5360693171519666 0.2346266423464773 0.103302751557182
0.5334390711636362 0.2371729541429421 0.06173199922207383
0.5371729542597526 0.2334390710337823 0.3482680004445479
0.5291211763631212 0.2406442749625085 0.3783818882783715
0.5406442750444491 0.2291211762487572 0.03161811141749306
0.5445418104099957 0.2227162304399301 0.381974988534673
0.5227084438130628 0.2445457807158992 0.02800774927081898
2 41 0 12
764
765
766
767
768
769
770
771
772
773
774
775
0.4642034479499199 0.2349085499745536 0.1435778164961727
0.4652102894808706 0.2359120598406048 0.183586998197055
0.4645048573130898 0.2352149804151001 0.2242084753435492
0.4647628287009042 0.2354731131822142 0.2647474998310362
0.4643916268626321 0.2351004809441407 0.3056956236222903
0.4653733577891971 0.2360693172822143 0.103302751846158
0.462827045696375 0.233439070985011 0.06173199967962407
0.4665609289436452 0.2371729542394475 0.3482680005023676
0.4708788235383817 0.2406442748919364 0.03161811170309038
0.4593557250668405 0.2291211764040833 0.3783818884749776
0.4772837695628269 0.2445418104114017 0.3819749886550574
0.4554542193655542 0.2227084439728449 0.02800774945245598
2 45 0 12
776
777
778
779
780
781
782
783
784
785
786
787
0.4642034479274603 0.1650914500484774 0.1434221833489065
0.4653733578083364 0.163930682699412 0.1836972483398522
0.4641375325399184 0.1651591701064027 0.2245302148813934
0.4647977976888604 0.164492184628654 0.2651593579898929
0.4645302051914164 0.1647594884225985 0.305740511601072
0.4668066129516306 0.1626074999999045 0.3484999999998307
0.4652102893991564 0.1640879402385557 0.1034130016539327
0.4626074999999327 0.1668066129515988 0.06149999999987042
0.4593177023171584 0.1709319650604885 0.3784180422115133
0.4709319652524338 0.159317702180011 0.03158195825067023
0.4554693734701419 0.1772618536186809 0.02804789837618793
0.477331097450472 0.15543408413148 0.3819833534692047
2 49 0 12
788
789
790
791
792
793
794
795
796
797
798
799
0.5357965520738387 0.1650914500498094 0.1435778166214328
0.5347897106046928 0.1640879402422846 0.1835869984136823
0.5354951426743277 0.1647850195722173 0.2242084750823913
0.5352371712360428 0.1645268867551522 0.2647474996398421
0.5356083731538535 0.1648995190725835 0.3056956236992036
0.5346266422032531 0.1639306827105378 0.1033027517491474
0.5371729542224043 0.166560928924699 0.06173199944834504
0.5334390712124074 0.1628270459009303 0.348268000902098
0.5291211763468739 0.1593557250258506 0.03161811157563837
0.5406442750071716 0.1708788236992149 0.3783818889200147
0.5227777392337303 0.1554896124999997 0.3819616192248651
0.5445418104446766 0.1772837696280723 0.02802501120978764
2 50 0 183
800
801
802
803
804
805
806
807
808
809
810
811
812
813
814
815
816
817
818
819
820
821
822
823
824
825
826
827
828
829
830
831
832
833
834
835
836
837
838
839
840
841
842
843
844
845
846
847
848
849
850
851
852
853
854
855
856
857
858
859
860
861
862
863
864
865
866
867
868
869
870
871
872
873
874
875
876
877
878
879
880
881
882
883
884
885
886
887
888
889
890
891
892
893
894
895
896
897
898
899
900
901
902
903
904
905
906
907
908
909
910
911
912
913
914
915
916
917
918
919
920
921
922
923
924
925
926
927
928
929
930
931
932
933
934
935
936
937
938
939
940
941
942
943
944
945
946
947
948
949
950
951
952
953
954
955
956
957
958
959
960
961
962
963
964
965
966
967
968
969
970
971
972
973
974
975
976
977
978
979
980
981
982
0.5692590789215224 0.2328978389751713 0.41
0.7615925100828594 0.06723108279620923 0.41
0.4323442129747339 0.2311605527234806 0.41
0.9224837010824669 0.07196402584416459 0.41
2.217861175671008 0.3348034788758195 0.41
2.06446903849492 0.332600863441839 0.41
1.895231724562231 0.3454133412758723 0.41
1.733870967741934 0.3401592416302868 0.41
1.572580645161289 0.3401592416302868 0.41
1.412112271732895 0.340645444162903 0.41
1.096094976494391 0.06551748402422236 0.41
1.250780828672489 0.3381588999468563 0.41
0.07797410510295001 0.2069417866944601 0.41
0.4246051580085304 0.1669582708894038 0.41
0.5732962912869444 0.1696396821685694 0.41
0.8467741935483842 0.3401592416302873 0.41
2.304864094144726 0.07297970081264582 0.41
2.134487269401578 0.06833416007603725 0.41
1.975806451612104 0.06766438064441564 0.41
1.814516129031218 0.06984075836981868 0.41
1.653225806450328 0.06984075836981868 0.41
1.009445934499039 0.3458788578518855 0.41
1.491935637214805 0.06984084690380032 0.41
1.33274839870389 0.06396063694785942 0.41
0.2884832173136201 0.3442307442438764 0.41
0.2828600057109599 0.06317670456230225 0.41
0.6940169472748702 0.3479253378000096 0.41
2.429519314433354 0.2041899847079768 0.41
0.4696396820025895 0.273296291168973 0.41
0.5323669880164318 0.2761989885600556 0.41
0.4690264794081217 0.1175492535375028 0.41
0.531864697214481 0.1223307941262212 0.41
2.371092957617728 0.3358195507148252 0.41
0.119357107701839 0.06661048345392974 0.41
0.1209677419354833 0.3401592416302873 0.41
0.603528737789059 0.06734322939798444 0.41
0.6823125976432732 0.06546313840357104 0.41
0.7188838552419631 0.1305076289437865 0.41
0.794456258022111 0.13576495095487 0.41
0.7497774520629508 0.1960930698391156 0.41
0.8237607704409597 0.2041674905188425 0.41
0.6811591257819646 0.1898700975176373 0.41
0.7072092953709561 0.2470693782251946 0.41
0.6505977130498467 0.24376637795692 0.41
0.8687454380409475 0.1453020453420232 0.41
0.9004282476491806 0.2146415392550411 0.41
0.4443214875386955 0.3448865431333688 0.41
0.5226034943839878 0.3540221281468134 0.41
0.5875951069331727 0.3415276989976425 0.41
0.3669605670501002 0.3464257033670782 0.41
0.3405089862458762 0.2806474662358366 0.41
0.2607097689501406 0.278884859903828 0.41
0.3032318316403426 0.2220985376126042 0.41
0.2349164253066928 0.2140195448643984 0.41
0.1902921857995612 0.2698497221580532 0.41
0.2763544670232361 0.1637988770211095 0.41
0.2069553769563623 0.1500604044681338 0.41
0.3434507331655964 0.1698021165155137 0.41
0.3642889373744267 0.2192564312632102 0.41
0.4042104993730059 0.2994745678467398 0.41
0.6445075346941064 0.1317605155071194 0.41
0.9469847419493698 0.1532537633813821 0.41
0.9792830423461503 0.2221332185056441 0.41
1.026302498932219 0.1618985138824801 0.41
1.058797628277932 0.2311761918694293 0.41
1.105932675658993 0.1729164428400503 0.41
1.138163729166804 0.244745137121354 0.41
1.185697477313979 0.1841915547183419 0.41
0.9309802349263026 0.2895638898652834 0.41
1.218337672475256 0.2566759600373147 0.41
1.264289318820738 0.1916619952717322 0.41
1.220518033573381 0.1263111100888974 0.41
1.297711901166968 0.2654763734794786 0.41
1.338409008970082 0.2000711018695222 0.41
0.1997560415633719 0.07568981172208114 0.41
1.079796751635389 0.2979965446159898 0.41
0.7619875315430651 0.345284674810373 0.41
0.5326703993713775 0.06852776526799627 0.41
0.3599487239950416 0.06225688287224082 0.41
0.4330412841400658 0.07175174644579028 0.41
0.6271817201677512 0.1947206260277193 0.41
0.8413621488556975 0.06959789722907599 0.41
1.159214048112662 0.3321878095256682 0.41
0.2064559130461988 0.3429553546537792 0.41
0.7794792535474031 0.2691248076440471 0.41
0.3857460517991521 0.1293996222750085 0.41
2.431489113167379 0.1233543481086707 0.41
2.352659285406486 0.1506625693357962 0.41
2.358977895496976 0.2448839388081388 0.41
2.288130013637529 0.2046599902598857 0.41
2.292079140964117 0.2865282663163613 0.41
2.21873097157286 0.2466719361627016 0.41
2.218537216204872 0.1646671353162731 0.41
2.152097045396477 0.2026965722538001 0.41
2.144744824526211 0.2858750952256773 0.41
2.078213941828456 0.244803137927719 0.41
2.000610793713465 0.2727280051467293 0.41
2.01239592840279 0.1961662287906199 0.41
1.936872925536072 0.2253180247287277 0.41
1.332965793500331 0.3391583165337781 0.41
1.011271508020836 0.08251244778038185 0.41
2.219438690788498 0.08184797123935388 0.41
1.572580661133418 0.06984077865988449 0.41
1.532258044813459 0.1396813412105289 0.41
1.452488541730339 0.1386599245486639 0.41
1.493306945242947 0.2081620697682614 0.41
1.572580415137877 0.2095221423122083 0.41
1.41178683784466 0.06711360473596922 0.41
1.612903147318811 0.139681511700295 0.41
1.693548343968802 0.1396815582404501 0.41
1.653225562051841 0.2095223996190182 0.41
1.733870766473176 0.2095224577159085 0.41
1.733870970137001 0.0698407708199504 0.41
1.774193542166022 0.139681614595077 0.41
1.811654839719295 0.2063629784186786 0.41
1.89516129032166 0.06947801768225155 0.41
1.937000707918326 0.1430904926537853 0.41
2.056016695437314 0.06705055130788647 0.41
2.090007140892592 0.1456555178154302 0.41
1.492005303700856 0.3410568122868436 0.41
1.814527868072199 0.3425424194368007 0.41
1.653225806451611 0.3401592416302894 0.41
1.851753378515357 0.1380107126443989 0.41
1.176137530588203 0.06206595993398983 0.41
1.375242741430484 0.271936669903063 0.41
0.1207782466176817 0.2650880306929623 0.41
0.1615551995904507 0.2072156070616345 0.41
2.433464954489262 0.2849534855477924 0.41
0.06575775186277762 0.1193431640973893 0.41
1.532498165443096 0.2749344757857232 0.41
1.612902780189804 0.274840620972569 0.41
1.693548117207124 0.2748407451880983 0.41
1.7741935483871 0.2748409036811716 0.41
1.863768734945454 0.2691501085074247 0.41
2.379530833399588 0.06783192461048931 0.41
1.452814653071236 0.2751808045698759 0.41
0.4837218261473989 0.07527949025365986 0.41
0.5916614169327812 0.1255130015695002 0.41
1.974972192889647 0.3446126099088635 0.41
1.413871615784338 0.2040384651124797 0.41
0.1385180049286246 0.1375551459378508 0.41
1.375374237628222 0.1343066264038279 0.41
0.8554744573685358 0.2652852480932527 0.41
0.3177217898754532 0.1160808182779556 0.41
2.014245384852625 0.1239254342424275 0.41
2.140253717415847 0.3546558875086671 0.41
0.3873319132815458 0.1770832881700156 0.41
2.295561493560248 0.3554302591814011 0.41
2.280936058711712 0.1363128754935434 0.41
1.296889832949069 0.1280029595785473 0.41
0.06127748596823338 0.2912821259018176 0.41
0.928407814530228 0.3591203978694912 0.41
0.6714932504293712 0.294340380031759 0.41
0.6212372388997092 0.2904433656467387 0.41
1.254382299301791 0.06339011109154898 0.41
2.162061978954947 0.1311621124109638 0.41
0.7227303132826447 0.3017590768840122 0.41
1.934291274329374 0.2914444179135235 0.41
1.879576872929393 0.1973075921780829 0.41
0.543420519451019 0.3105528620856765 0.41
0.4939023441173365 0.3019138689551645 0.41
0.5706008578326623 0.2770834860762644 0.41
2.440101398003829 0.06025257803985934 0.41
2.441199559387515 0.3508274390564685 0.41
0.05880044061242024 0.05917256094348632 0.41
1.011660718336963 0.2773497405416464 0.41
1.146933730977834 0.1256968162993065 0.41
0.2474791363637104 0.1126469360784027 0.41
0.3989283804267 0.2494816762094959 0.41
0.6038381051717544 0.2434728138983829 0.41
0.5888878303381065 0.1994330338661348 0.41
0.609751786480667 0.1558672421269657 0.41
0.4319685348859921 0.131968534778266 0.41
0.5612752407388948 0.1012984769939607 0.41
0.4357886121740964 0.2655347827495874 0.41
0.44825587143757 0.2991409418623376 0.41
0.6439007667719405 0.3368473564952299 0.41
0.5583734648649946 0.1383236210539867 0.41
0.4095831003443228 0.2073233698759343 0.41
1.086906381703947 0.3633883889584414 0.41
0.04915089662369414 0.3600419557412448 0.41
1.072571961270638 0.1241086455485789 0.41
0.5034566804282757 0.106737460637076 0.41
3 1 0 346
983
984
985
986
987
988
989
990
991
992
993
994
995
996
997
998
999
1000
1001
1002
1003
1004
1005
1006
1007
1008
1009
1010
1011
1012
1013
1014
1015
1016
1017
1018
1019
1020
1021
1022
1023
1024
1025
1026
1027
1028
1029
1030
1031
1032
1033
1034
1035
1036
1037
1038
1039
1040
1041
1042
1043
1044
1045
1046
1047
1048
1049
1050
1051
1052
1053
1054
1055
1056
1057
1058
1059
1060
1061
1062
1063
1064
1065
1066
1067
1068
1069
1070
1071
1072
1073
1074
1075
1076
1077
1078
1079
1080
1081
1082
1083
1084
1085
1086
1087
1088
1089
1090
1091
1092
1093
1094
1095
1096
1097
1098
1099
1100
1101
1102
1103
1104
1105
1106
1107
1108
1109
1110
1111
1112
1113
1114
1115
1116
1117
1118
1119
1120
1121
1122
1123
1124
1125
1126
1127
1128
1129
1130
1131
1132
1133
1134
1135
1136
1137
1138
1139
1140
1141
1142
1143
1144
1145
1146
1147
1148
1149
1150
1151
1152
1153
1154
1155
1156
1157
1158
1159
1160
1161
1162
1163
1164
1165
1166
1167
1168
1169
1170
1171
1172
1173
1174
1175
1176
1177
1178
1179
1180
1181
1182
1183
1184
1185
1186
1187
1188
1189
1190
1191
1192
1193
1194
1195
1196
1197
1198
1199
1200
1201
1202
1203
1204
1205
1206
1207
1208
1209
1210
1211
1212
1213
1214
1215
1216
1217
1218
1219
1220
1221
1222
1223
1224
1225
1226
1227
1228
1229
1230
1231
1232
1233
1234
1235
1236
1237
1238
1239
1240
1241
1242
1243
1244
1245
1246
1247
1248
1249
1250
1251
1252
1253
1254
1255
1256
1257
1258
1259
1260
1261
1262
1263
1264
1265
1266
1267
1268
1269
1270
1271
1272
1273
1274
1275
1276
1277
1278
1279
1280
1281
1282
1283
1284
1285
1286
1287
1288
1289
1290
1291
1292
1293
1294
1295
1296
1297
1298
1299
1300
1301
1302
1303
1304
1305
1306
1307
1308
1309
1310
1311
1312
1313
1314
1315
1316
1317
1318
1319
1320
1321
1322
1323
1324
1325
1326
1327
1328
0.3818413516380041 0.2131727776255132 0.1109038476004523
0.4006037184687331 0.2436795557865616 0.1502818524497101
2.172550998923082 0.2270746177789479 0.09442876940315116
2.163603192629398 0.3080153836641477 0.07792176149505818
0.3701409061167145 0.1673727112849424 0.1489970648343097
0.3901924584033827 0.09418784900818973 0.1666934882287484
0.3167553110148844 0.08065179498238879 0.2084908789086365
0.2963190852491833 0.1035048862160996 0.1434046917853583
1.922796815992935 0.1176751060688859 0.3232826878318523
2.034032788697083 0.07782504232949108 0.2919732936811658
2.404593804009095 0.1937457958771511 0.07849084581485422
1.190282388851561 0.2145066476258242 0.338359962945228
1.150904548352925 0.1280699315792502 0.3350220093301606
1.228243891866081 0.100463902762868 0.3285947845055991
0.1074335140414375 0.3148698033372692 0.09552168699524899
0.6367866394511486 0.2575926852506514 0.0519826028889756
0.6119867622136551 0.2060284653118709 0.04916320782869064
1.547671302980472 0.2532014403956805 0.3189264913726084
1.652837077841529 0.3323270608478656 0.3105820443953442
1.572722065267527 0.1157313435376749 0.07138710268588606
1.603050570255045 0.2441730537502885 0.09397951428760239
1.645584409254375 0.1726832973031262 0.07066422002003357
0.1765638898730733 0.3278740908289008 0.3131033602024818
0.07858246176724026 0.2387671995050293 0.1369027564324864
0.1200543756267325 0.1321165518174466 0.1253436783455658
0.2473847443521494 0.1060519124159385 0.2193563300002188
0.2288279566826827 0.1663906986977212 0.0934040775984767
0.2459174399174097 0.07846482037231083 0.09215469178548985
0.5798114180814079 0.1614152071208977 0.07669130096093218
0.5969057975385081 0.2344818755992957 0.09863360037420034
2.414953291548497 0.09011407813939765 0.1958611081900311
2.29928147864458 0.09783400431395564 0.3273660836472658
2.339096162830522 0.1554875023587665 0.2037495327882018
0.292270317454632 0.1650144200382524 0.06375459610665843
0.3291600024987765 0.2080150907065396 0.1568754594955062
0.3455293666699037 0.199086818610255 0.06817819954994728
1.730129891340067 0.3027956462596042 0.1762012405715277
0.1546203904464824 0.2184363834838204 0.1078577719313728
1.527371168987295 0.1603562793756343 0.1211877359104088
1.763737459837772 0.303449700322704 0.08034961618171603
1.665322507463072 0.1364953793285763 0.2052580311429479
1.69079130716362 0.2045298812969372 0.1312212992666396
1.572580530164258 0.2060124021757566 0.2050524724281572
1.47494242213813 0.2429569998278985 0.08423299661910866
0.5659654365481168 0.1026864051248163 0.3494544652393973
1.301393286586703 0.128711944401274 0.08977367501814457
1.350676258071767 0.1162469819617767 0.1906307525753136
1.273560930619016 0.1227887037499814 0.2049927702022449
1.358378743384699 0.07792510976235822 0.1133172599335672
0.1670049614266881 0.08257779844239606 0.2394651071969173
0.07793181035857619 0.3146079031136947 0.3124548627608302
0.6840179225804973 0.2016962423999035 0.09478445986695887
0.7737135700393372 0.2041404415477986 0.130419432293768
0.7151056263086208 0.09929202110600753 0.1322799568325906
0.7802327244063367 0.1097488191251111 0.07927056470983679
2.1240811816601 0.1615547433108432 0.0734795855708746
0.6354922530983728 0.07128481944142395 0.3406936950218694
1.968423434655804 0.30217554696573 0.3333911545197767
1.729629236031459 0.09533336683962387 0.1733322741019978
1.804982452272737 0.09854358825165395 0.07406449889315223
0.4019481285707178 0.2331312463755517 0.2739226510632859
0.8255007661474454 0.08189001479420357 0.1386390325970926
0.9206208419608184 0.07300677186109605 0.1392035049614104
0.9750774059009011 0.2896498673054221 0.2043340955403411
1.031680470487349 0.3297997985757307 0.08255794673245015
0.5837477138998518 0.2310261916969926 0.3345171538200915
1.417995100397645 0.1306457348978186 0.1044679475580795
1.427605055593871 0.1317068793390788 0.2057521867741099
1.489609133464974 0.09400557987650285 0.09553968072865048
2.403560911682101 0.3094790413331416 0.32418724598047
2.286102726940507 0.3124807822772409 0.1769655478415489
2.358524865703386 0.219048517624591 0.2495025549023133
2.406559361351873 0.2169253061512355 0.1688843794225498
2.391400496043846 0.3054270815469747 0.2013286505984191
0.1740297808119836 0.213947128399707 0.2779982251338819
0.1988254598308825 0.1352696304257706 0.2895264394818439
0.1120584587515366 0.171146300108572 0.2064681687646903
0.2250165018414526 0.2095097724321992 0.2049960069881094
0.2449944782200351 0.1805369673929288 0.3396529090456553
0.2926289018813854 0.08894172686462996 0.3397651394454141
1.64555034153493 0.2874463516721197 0.160923248851107
1.883235944022273 0.07403074379503009 0.1161849651293927
1.054976623498074 0.2957683012650493 0.2043636995473279
1.904673228628568 0.1918827771881005 0.332181719550988
1.841951479474909 0.2355977125510327 0.3105333318802951
1.802998147828782 0.1463192360096599 0.3104986591708344
2.345621033845332 0.2778034466999375 0.08916475142413112
0.5176338154156949 0.3151884707641721 0.04953586098620354
0.4622634554153472 0.3146679258020654 0.06234380443848951
2.117499869788939 0.2901231589810307 0.1677508075118437
2.040185768044456 0.3292694678188078 0.1857597612127228
2.058746158476038 0.3100513578503925 0.09806102535316794
2.08830765923469 0.2143019187652113 0.1571345797664681
1.282891269758046 0.1654856169617861 0.3326855673469212
1.543007546338967 0.3045274987348776 0.0803459526123417
1.567373057493696 0.3221223420141943 0.1622692217605566
1.358022869985339 0.07808054735931097 0.2982267890478466
1.411207083973352 0.1558355840652003 0.337094213360395
1.073926535032605 0.1126754255581223 0.3260763096030628
0.8430552747354065 0.3231030485396706 0.1622271514154669
2.252970360556085 0.2952079420312529 0.0907958918560787
0.566894068066587 0.2784823552677992 0.3146209352210684
0.5389038262057613 0.09922763287935883 0.129553709090101
0.5587413203744258 0.08420618322386889 0.2069245054058698
1.478166679817566 0.2055259712966708 0.2777699017432404
0.5871444220237634 0.1648940528437786 0.2006576332976668
0.5825006025281934 0.1666647657879393 0.345694617994167
1.805466863267376 0.3037408150514453 0.2357777956466259
1.773527876675131 0.3096814487685087 0.3067817930560235
0.5497104858815409 0.319984049118054 0.3483734064645365
1.725932150203533 0.1458455054895795 0.3321281320922282
1.134359895992803 0.08897557017405847 0.2637099272971427
1.123796387619656 0.3232234587499042 0.1147345120577722
0.3971420542161842 0.2279976972857007 0.3620185048398448
0.4105361169513955 0.1744042278633073 0.2831691122882618
0.7115222694614622 0.34051485278162 0.1009909165728456
0.08177140591738176 0.09303859537227063 0.1983146749991669
0.3099297120491384 0.2748508749014451 0.1295097344281297
0.3654580970033533 0.3307979794062881 0.1771724731313044
0.3459430021893193 0.3379836264268399 0.1097492330007016
1.572606990431912 0.3324507736745614 0.3103904497535184
1.239900866416052 0.3268136196029123 0.2366685042998586
1.194188176058778 0.2634443166460137 0.204227575268453
1.240678128264828 0.201674902087798 0.2756896315139152
1.234381219763314 0.2825719528629716 0.3324244133674849
1.287972854455629 0.335961825334588 0.3030141366879835
1.299090936644567 0.2542312939938337 0.2689981908640386
1.349943747465463 0.2744825248813094 0.204307141585149
1.652491888856908 0.09939467976527203 0.3319306839281866
1.107337695199671 0.1931400512626851 0.3332872368157561
0.6126007495943804 0.3156189229873094 0.3307146120255537
0.2537668078465409 0.3151963284668839 0.3414391584383771
0.09744823105999338 0.1336918850982887 0.2950342101040905
1.230453600068689 0.1039835647994751 0.1193343806088856
0.4201750295984852 0.3394806454536271 0.1406760861877113
0.8696299763209594 0.3021697177096502 0.3116396926438516
0.9318932878073447 0.2074109333154221 0.2751337302402762
1.013287223293064 0.311872657713093 0.3232150502931536
0.5168228204161995 0.09741536951705923 0.3193973368935512
0.4508427052581849 0.09462489871826561 0.3497632436708262
0.3949522475647782 0.3091332123957273 0.07351324983208929
0.3332654290775788 0.2465086912935931 0.285983051366102
0.2730478269302352 0.2121051907313591 0.2745363813857284
0.2293811618879207 0.2688162915843277 0.2835835841946951
0.2951522968110871 0.3085048862160996 0.2663481404522306
1.580145012498593 0.0925956038758368 0.1546103518508743
2.23017008129483 0.2475848716858479 0.2098120644274199
2.167010495002367 0.08227520689670406 0.09687096324171077
2.247036611742261 0.3273868982864461 0.2647657172217231
1.282447373090222 0.2778554899816326 0.1328085083286396
2.115259522202319 0.2166211814484966 0.2671687496188733
1.829417184828061 0.07538641406210811 0.2759772781353828
1.815268395691163 0.1360341160433189 0.2000485238180605
1.871162027167697 0.3344205877512787 0.268667509173494
0.401585756466237 0.1520867350319314 0.3365094701715907
0.3866453049955838 0.1463781257086745 0.2112994562743965
0.3060445640432837 0.1456225896789601 0.2877582964943844
0.3858545241868323 0.06305721394130707 0.2319515709108903
0.3870229933287261 0.09449175733843293 0.3343338000635635
0.7307208609611567 0.3021817863197337 0.2452335640819414
1.018436874446956 0.2108086644628732 0.2304223072950407
0.4808035241807163 0.3301620744482047 0.1857672358523464
2.024775897299717 0.189775334089523 0.08453377421516305
2.128489600736073 0.1306961568093597 0.1675798988550514
1.507292894388126 0.1341957514099789 0.2057282685889457
1.827284913559613 0.2507448741949945 0.07457577085739489
2.183938082406292 0.3194071033793754 0.3330547904947536
2.260819760487368 0.282377093086768 0.3327137074667695
2.414232875830854 0.09741505159558943 0.3121673454698591
0.8956569785213813 0.1387148711730091 0.2042545289372718
0.8924913440645921 0.08449079360699713 0.2959232709933854
0.4370791738836455 0.2734222732002671 0.1182347140036626
2.168749131289938 0.3028620444784108 0.2509098240345486
0.5924064777915337 0.2795285178004344 0.1339877953740496
0.604040877096411 0.2953909799828638 0.191670042186016
0.5463189279471976 0.322864927652518 0.1845677754407402
0.3419301235967406 0.2636281562996785 0.06568156292173895
0.5913440565176822 0.3140496033557806 0.07726668195371221
0.5283881468052273 0.3254864990687762 0.1099795464767968
0.08424374385459314 0.318897359716673 0.1959626243193628
2.275019660575896 0.1952002450952513 0.1332500570492932
2.275019575696301 0.1952033890475225 0.2767594612526958
1.945248904172979 0.1735534987375195 0.07495648561090523
2.417252434257202 0.1531714142986816 0.2482988077325478
2.067086452984388 0.1663813709992371 0.3201833345313484
2.191443198665542 0.2137390693266382 0.329864108977291
0.9751761308731872 0.1438480097134218 0.2042326242183717
1.092827796551583 0.1800154570949194 0.0803445141948796
0.2939071713433377 0.3214275327819137 0.1883885088485122
0.248934969639347 0.3342660767667109 0.08176183950068881
1.76069450029343 0.1632013432888775 0.137617274466472
1.97587275134562 0.2944858245129053 0.2117913076452773
1.926325030704745 0.3364727211293483 0.1685896067393122
1.975609859233912 0.3042528932566516 0.09728221625224012
0.5295551690983428 0.1121991055864948 0.2446955457315262
0.566356599573917 0.1258682025146289 0.1700251192468221
0.4130722191454731 0.2455453276465531 0.07523159915631528
1.004955081287369 0.2510386580182454 0.07404058035219627
0.599036470958051 0.33833985710963 0.14372447347592
1.442284416951569 0.08065725344669537 0.3026358706793638
1.533712393849964 0.1061924594646311 0.3036276218629131
0.7205034389375545 0.2647480266370615 0.1129298256123173
0.6611583788322544 0.2190915772233554 0.152097469875054
0.147120680180904 0.2862255367741578 0.2500313677823993
1.603204698895636 0.3193293982311767 0.2365207900974389
1.715028622253224 0.2602382240545008 0.246695381844124
0.8522432432809939 0.2056762494109716 0.1290349496470115
0.3134217283954125 0.1559725376896204 0.3542610215942451
0.3498117456042528 0.1946820276416452 0.3199927903979184
0.1473805661591861 0.2674385099663671 0.1689027787588749
0.2053568923268003 0.3194111542201949 0.1702700377527119
0.7135046101087634 0.3344485197643732 0.3380050209350152
2.094101249329058 0.3324464964201713 0.3328607676044177
1.895421861188369 0.2954633599907851 0.07645734805574894
1.97436110921092 0.213896174712591 0.1423308409042542
0.07221338470353171 0.2132332888634279 0.2882092745092659
0.2928800757132558 0.2474950662395659 0.3412820915480472
2.241486107167661 0.120667462444268 0.09224404672889444
1.838523688247156 0.2007295882953937 0.1433738390245167
1.870007546650255 0.2709031887615356 0.2057892303491572
1.821610051267234 0.3256841368251195 0.157953965937367
0.5261847658311719 0.09072522316146123 0.06307082692452379
2.329031707726531 0.2303156478117313 0.3331804191725048
1.705756605766743 0.1148576175826497 0.08060712290574444
0.9942990007150082 0.1079312586867902 0.3272703565552788
1.436437867009215 0.3296912112767399 0.2952771772262974
1.452479040259036 0.3231085078679636 0.08477363755013156
1.028381781583686 0.2158535142489708 0.3125057896634396
0.57926685473718 0.0641076420702953 0.2990351594468484
0.4758452747052824 0.3304168955402064 0.2594912842155175
2.137285516960814 0.137674493900225 0.2478279221487444
2.416220151669855 0.2031616747990519 0.3170486746600811
2.041247960211736 0.2932747505911966 0.278153035213025
2.425694141489816 0.08771859727594722 0.07774626322835897
2.289645395181644 0.1139119671421754 0.1545255770686178
0.6267006940664481 0.2373175971264299 0.3608837728040921
0.6792796685587064 0.272850997005612 0.2891194688325966
0.7022100047360639 0.07222277725242245 0.3060808546505821
0.67414218362209 0.0676217068229667 0.2322357643941438
0.7481581438012241 0.0702901751306861 0.2412849362163899
0.8557693264683616 0.2066802349482105 0.3007586818012879
1.669869393788103 0.2384365216382873 0.3276939320106055
2.195263734150971 0.1072866984645183 0.3229093421730642
0.5860878463573743 0.1029157913174641 0.05524211933746018
0.3742095558970156 0.3135995188075716 0.308988599068627
1.974383600615682 0.2135118924735156 0.2849319495779056
1.095225133955824 0.2917845987130879 0.3289550865888871
0.7775452369838429 0.2927530181881068 0.07658705405257686
0.7742625253877846 0.288043517120524 0.1594257936573982
0.6543844647322616 0.3246205998757386 0.218182646293408
0.5792079228738809 0.3225307998433175 0.2411935764264509
1.927159526287834 0.1470527741927413 0.2485255124230025
2.347365351508629 0.07401610982725339 0.1139597541170044
1.429207125117408 0.2720313786169346 0.1567801251917511
1.507339935860407 0.2800673491428872 0.2042929643975855
0.6583150253432776 0.136601238458451 0.1008170912680193
0.7338586847789823 0.1415179807794167 0.3070055349290742
2.230036055765896 0.1052114830255828 0.2070918086986265
1.862199593890747 0.1527498559567421 0.07647760964892289
1.046696120915128 0.09307325994649558 0.1062285767485309
0.4456822141473582 0.285322315183438 0.3293047803173603
0.8547040540517411 0.3010234855097067 0.08131789976646536
0.9356878588688813 0.1239117184316463 0.07592154231147497
1.059027750951268 0.1108490683722644 0.2466814914021014
1.09732117668529 0.1889582214200255 0.202738861336722
1.128405927786135 0.254090073233321 0.1561488395267285
1.023893431052947 0.1750476646115257 0.1479765160434989
0.7592248155138412 0.2526173655712289 0.3304318644679364
0.7903782850843036 0.2357482487383678 0.2496322588154074
0.7039278583209889 0.1890244247877231 0.2641841958796819
1.33476991183051 0.30987120268503 0.0779273128334195
1.181889262738753 0.2420797202838364 0.08973366323324097
1.240640847485431 0.2012839872376434 0.1297190782015551
1.153636561332267 0.1187543085852619 0.08140751041314442
1.094079137631103 0.2570652064329486 0.08166583049986589
2.033812970205445 0.08705204711327803 0.09341657247197079
0.7939733854574837 0.3220459137558134 0.3222840230294119
0.813774300409156 0.07995705542704297 0.2959058640572558
0.4915391445028486 0.3315996811987653 0.3549914760498075
1.394797676776506 0.2632698476170033 0.3129035798353748
1.612374144166104 0.2060629431263464 0.2775893827412118
1.165995207132486 0.31821556765265 0.2941864723427995
1.135073882586098 0.3361038651817728 0.2178958404625031
0.4170383348518146 0.1134879550711032 0.2687383349888495
2.020973505429426 0.1269885066698306 0.2053404328503556
1.766771489245734 0.2025518922972466 0.2709853016779554
1.972921672658791 0.1240543336448505 0.1373699151979438
0.5368693568441554 0.3253117479853045 0.2892938679364964
1.651001362085021 0.2214454931150569 0.2052636513264604
0.4789903602464881 0.1081622909687232 0.2703430617515074
1.772228255261419 0.2445076369353549 0.1343615573381908
1.443881235551699 0.3269034424901001 0.2153849140983484
0.3886372532410027 0.3109277185851049 0.2413076941650178
0.3823807231617506 0.2735744097831542 0.1948544363321903
0.3890464201784919 0.09540301291732624 0.06815902864395465
0.4122997026666766 0.1665892682195732 0.04774034975305371
0.6308358047928135 0.2185275479377811 0.2420373947632836
0.6208477035600091 0.1523610887569395 0.2514967609804093
0.658853826847653 0.1363674493917259 0.3088100867296394
1.320079683541317 0.2024032025399826 0.1316383077180625
0.4468615724988451 0.2835096285546127 0.2099345213868413
1.750654523279684 0.07915489224487379 0.2924696000337059
0.5826339958936174 0.1053055573865073 0.255096214396207
0.5796021506119142 0.1482419229996604 0.2912148709245447
0.3436110323718705 0.1912462714598082 0.2625515196295861
0.2919747521935502 0.2520689413365812 0.2050144469382916
0.2908271177677776 0.1635977304595949 0.2049821405473062
0.6059303092513991 0.2342113039034872 0.2895391913959565
0.8177801246042573 0.1319538013327895 0.2045488635070339
0.4488713355880368 0.1196052609519899 0.1956975991321915
0.4861532382154024 0.07533785268006826 0.2129550930133835
1.107257591555385 0.1009974508691863 0.1710020004749744
1.194243326872288 0.118125793025053 0.2046779409627479
0.6977260935685989 0.1544494289509744 0.2047312258759781
0.1309926190426093 0.2243163208612901 0.3423497041086833
0.6305087932601906 0.0815634622216708 0.162898046462764
0.2202818069891169 0.2709914629934441 0.1141854970970843
0.2745382673420989 0.222513300764255 0.09899769538399103
0.4459831661692124 0.2821506562668286 0.2661240358901797
0.9319172983350091 0.2073359637361599 0.128727850182225
0.8956025262823641 0.2844930902792898 0.2043123875028382
1.154005028487465 0.176565681997245 0.135766654663777
1.905002514879066 0.206435659900574 0.1860699607324364
0.951522278207764 0.3329472151583245 0.0858748466644724
1.393227327742968 0.21265662315627 0.2399447767176213
1.204245202322648 0.3278578569831707 0.1144042774671325
0.458896790682314 0.09201833631118256 0.06243180884284068
1.325606962487409 0.1417744484510483 0.2607707517002249
1.153977317581679 0.1779837236003594 0.2682447140659212
0.4571480962077938 0.09778092533407848 0.1354815006983362
1.597094315646061 0.08259248592640826 0.2374655754892812
1.683299772007894 0.303967741462244 0.07978774336744289
0.6986618708704875 0.2447535269117251 0.2045568947837789
0.5802115726469282 0.2458602083791906 0.2330678696441792
1.399081790906272 0.2033502483032828 0.1323223179263483
1.275208821345048 0.2148979360705169 0.2014200158226706
0.3736987101966839 0.2190790191960912 0.2132719922210078
0.6891844359166419 0.2023154339230206 0.3448274293611677
0.3163872243742439 0.09903493646774916 0.07228432198654394
0.4185974440998239 0.132888832682063 0.1144450225710176
0.6579137388162599 0.2829906372809496 0.1218134361460246
0.5868550684153302 0.1691681125252667 0.1278701164768349
1.328415627572489 0.3434955233119475 0.1538828722308795
1.849980049416746 0.1813698544064909 0.2533329200254388
0.6270944093362993 0.149381998690175 0.1597187149608259
0.5953097806686365 0.2178301606485085 0.1850188678433483
$EndNodes
$Elements
11 6853 1 6853
2 1 2 446
1 228 289 297 
2 298 226 359 
3 300 229 347 
4 308 310 331 
5 229 300 361 
6 307 218 308 
7 272 263 381 
8 270 298 359 
9 262 237 263 
10 301 245 303 
11 262 263 272 
12 228 297 355 
13 276 274 313 
14 306 308 331 
15 247 267 296 
16 66 67 295 
17 298 270 356 
18 273 293 384 
19 218 307 358 
20 77 237 262 
21 292 243 385 
22 215 381 391 
23 274 216 313 
24 273 254 293 
25 303 245 360 
26 290 244 395 
27 267 247 338 
28 250 254 273 
29 293 382 383 
30 382 213 383 
31 308 218 309 
32 249 214 250 
33 82 225 363 
34 25 214 249 
35 287 269 353 
36 303 217 304 
37 304 217 307 
38 263 271 381 
39 74 260 261 
40 257 216 274 
41 85 213 374 
42 331 310 357 
43 216 257 294 
44 295 67 392 
45 224 282 285 
46 310 311 329 
47 224 66 295 
48 264 237 296 
49 339 225 353 
50 73 261 389 
51 73 74 261 
52 243 292 349 
53 249 250 273 
54 248 249 273 
55 261 260 372 
56 259 262 272 
57 381 271 391 
58 225 338 363 
59 281 228 355 
60 242 85 374 
61 246 287 353 
62 265 270 271 
63 292 22 349 
64 305 314 361 
65 299 300 347 
66 248 24 249 
67 245 301 340 
68 23 24 248 
69 254 255 256 
70 228 281 364 
71 244 290 386 
72 267 264 296 
73 250 252 254 
74 271 359 391 
75 22 290 349 
76 282 224 295 
77 260 259 373 
78 75 259 260 
79 317 352 354 
80 72 73 239 
81 21 22 292 
82 263 237 264 
83 236 362 367 
84 226 298 385 
85 259 76 262 
86 228 71 289 
87 254 256 293 
88 310 329 357 
89 263 265 271 
90 224 285 312 
91 251 214 294 
92 238 20 291 
93 77 78 237 
94 265 268 270 
95 72 239 289 
96 346 311 370 
97 257 251 294 
98 74 75 260 
99 225 341 353 
100 254 252 255 
101 291 21 292 
102 23 248 290 
103 311 346 371 
104 314 305 368 
105 19 20 238 
106 75 76 259 
107 79 247 296 
108 362 284 367 
109 349 290 395 
110 76 77 262 
111 373 259 388 
112 308 309 310 
113 22 23 290 
114 25 26 214 
115 281 234 364 
116 288 295 392 
117 24 25 249 
118 246 18 287 
119 20 21 291 
120 6 242 373 
121 276 313 394 
122 293 256 382 
123 19 238 287 
124 64 65 312 
125 352 286 354 
126 237 78 296 
127 263 264 265 
128 314 229 361 
129 234 281 378 
130 241 6 373 
131 27 216 294 
132 291 298 356 
133 279 282 295 
134 250 214 251 
135 288 279 295 
136 222 64 312 
137 65 224 312 
138 214 26 294 
139 71 72 289 
140 310 309 311 
141 250 251 252 
142 307 217 358 
143 217 303 360 
144 299 240 300 
145 48 240 299 
146 300 240 301 
147 300 301 302 
148 47 48 299 
149 48 49 240 
150 302 301 303 
151 82 83 225 
152 302 303 304 
153 18 19 287 
154 291 292 298 
155 302 304 305 
156 305 304 306 
157 239 73 389 
158 306 304 307 
159 306 307 308 
160 235 316 317 
161 236 33 320 
162 33 34 320 
163 235 317 320 
164 317 316 318 
165 321 322 323 
166 37 38 325 
167 321 233 322 
168 315 233 321 
169 233 37 325 
170 38 232 325 
171 322 233 325 
172 29 30 223 
173 29 223 313 
174 230 43 314 
175 36 233 315 
176 40 231 328 
177 42 230 330 
178 235 315 316 
179 70 71 228 
180 231 41 330 
181 44 229 314 
182 235 35 315 
183 232 39 328 
184 38 39 232 
185 36 37 233 
186 34 35 235 
187 32 33 236 
188 40 41 231 
189 44 45 229 
190 43 44 314 
191 42 43 230 
192 39 40 328 
193 35 36 315 
194 41 42 330 
195 68 69 234 
196 53 54 217 
197 57 58 219 
198 55 56 218 
199 62 63 332 
200 59 60 220 
201 65 66 224 
202 61 62 221 
203 63 64 222 
204 58 59 333 
205 60 61 334 
206 27 28 216 
207 63 222 332 
208 221 62 332 
209 219 58 333 
210 220 60 334 
211 61 221 334 
212 59 220 333 
213 28 29 313 
214 216 28 313 
215 316 315 321 
216 319 321 323 
217 322 325 326 
218 325 232 326 
219 319 316 321 
220 323 322 324 
221 324 322 326 
222 34 235 320 
223 318 316 319 
224 232 328 335 
225 326 232 335 
226 324 326 327 
227 328 231 329 
228 327 326 335 
229 328 329 335 
230 330 230 331 
231 283 280 284 
232 285 283 286 
233 282 283 285 
234 338 225 339 
235 282 280 283 
236 279 280 282 
237 279 278 280 
238 277 279 288 
239 309 218 351 
240 277 278 279 
241 51 52 245 
242 79 80 247 
243 17 18 246 
244 277 276 278 
245 248 273 350 
246 30 31 336 
247 275 276 277 
248 258 275 281 
249 269 266 339 
250 223 30 336 
251 298 292 385 
252 26 27 294 
253 78 79 296 
254 275 274 276 
255 258 274 275 
256 301 240 340 
257 266 267 339 
258 288 234 378 
259 312 285 337 
260 222 312 337 
261 258 257 274 
262 270 268 356 
263 234 288 392 
264 49 50 340 
265 83 84 341 
266 259 272 388 
267 45 46 347 
268 297 289 369 
269 271 270 359 
270 252 251 253 
271 265 266 268 
272 253 257 258 
273 329 311 371 
274 285 286 337 
275 81 82 363 
276 218 56 351 
277 57 219 351 
278 261 372 374 
279 265 264 266 
280 320 317 354 
281 318 342 348 
282 253 251 257 
283 240 49 340 
284 225 83 341 
285 258 281 355 
286 229 45 347 
287 221 342 343 
288 221 332 342 
289 342 319 343 
290 334 221 343 
291 334 343 344 
292 319 323 343 
293 318 319 342 
294 220 334 344 
295 343 323 344 
296 323 324 344 
297 220 344 345 
298 333 220 345 
299 219 333 346 
300 344 324 345 
301 333 345 346 
302 324 327 345 
303 345 327 346 
304 383 227 384 
305 268 266 269 
306 252 253 297 
307 255 252 297 
308 342 332 348 
309 329 231 357 
310 223 336 379 
311 238 291 356 
312 330 331 357 
313 217 54 358 
314 55 218 358 
315 300 302 361 
316 53 217 360 
317 2 47 375 
318 366 261 374 
319 46 2 375 
320 245 52 360 
321 332 222 348 
322 297 253 355 
323 70 228 364 
324 234 69 364 
325 317 318 352 
326 336 31 367 
327 5 88 227 
328 223 379 394 
329 267 338 339 
330 266 264 267 
331 284 336 367 
332 32 236 367 
333 230 314 368 
334 335 329 371 
335 284 280 379 
336 277 288 378 
337 68 234 392 
338 50 3 376 
339 84 1 377 
340 3 51 376 
341 1 17 377 
342 336 284 379 
343 356 268 380 
344 56 57 351 
345 222 337 348 
346 286 283 362 
347 85 5 213 
348 7 86 215 
349 281 275 378 
350 350 227 390 
351 269 287 380 
352 313 223 394 
353 219 346 370 
354 87 7 226 
355 236 320 354 
356 306 331 368 
357 6 85 242 
358 337 286 352 
359 253 258 355 
360 256 255 365 
361 88 8 244 
362 289 239 369 
363 318 348 352 
364 290 248 386 
365 86 6 241 
366 305 306 368 
367 238 356 380 
368 269 339 353 
369 348 337 352 
370 8 87 243 
371 293 383 384 
372 231 330 357 
373 346 327 371 
374 87 226 385 
375 283 284 362 
376 354 286 362 
377 54 55 358 
378 52 53 360 
379 242 372 373 
380 241 373 388 
381 302 305 361 
382 287 238 380 
383 227 350 384 
384 255 297 369 
385 215 86 387 
386 341 246 353 
387 247 80 393 
388 351 219 370 
389 69 70 364 
390 243 87 385 
391 256 365 366 
392 243 349 395 
393 340 50 376 
394 341 84 377 
395 31 32 367 
396 331 230 368 
397 311 309 370 
398 86 241 387 
399 4 81 393 
400 327 335 371 
401 347 46 375 
402 47 299 375 
403 80 4 393 
404 51 245 376 
405 17 246 377 
406 275 277 378 
407 280 278 379 
408 338 247 363 
409 379 278 394 
410 245 340 376 
411 246 341 377 
412 309 351 370 
413 67 68 392 
414 278 276 394 
415 236 354 362 
416 372 242 374 
417 299 347 375 
418 268 269 380 
419 248 350 386 
420 363 247 393 
421 374 213 382 
422 256 366 382 
423 366 365 389 
424 350 273 384 
425 359 226 391 
426 372 260 373 
427 5 227 383 
428 386 350 390 
429 213 5 383 
430 244 386 390 
431 227 88 390 
432 7 215 391 
433 365 239 389 
434 381 215 387 
435 365 255 369 
436 239 365 369 
437 226 7 391 
438 261 366 389 
439 88 244 390 
440 244 8 395 
441 81 363 393 
442 387 241 388 
443 8 243 395 
444 366 374 382 
445 272 381 387 
446 272 387 388 
2 21 2 376
447 415 514 425 
448 421 528 445 
449 406 435 433 
450 455 531 470 
451 481 531 453 
452 425 536 415 
453 445 533 421 
454 422 428 426 
455 423 448 446 
456 470 531 399 
457 433 436 406 
458 430 485 432 
459 453 529 481 
460 450 495 452 
461 422 534 428 
462 423 535 448 
463 415 441 44 
464 399 531 481 
465 439 499 443 
466 44 441 43 
467 430 540 485 
468 406 530 435 
469 450 541 495 
470 402 429 428 
471 414 449 448 
472 402 430 429 
473 414 450 449 
474 439 543 499 
475 425 514 424 
476 426 508 422 
477 445 528 444 
478 446 513 423 
479 415 536 441 
480 480 537 532 
481 470 533 455 
482 412 484 438 
483 435 440 431 
484 442 482 404 
485 532 537 443 
486 431 440 429 
487 435 441 440 
488 449 455 447 
489 442 537 482 
490 430 431 429 
491 450 451 449 
492 436 527 406 
493 441 536 440 
494 484 543 438 
495 450 452 451 
496 430 432 431 
497 451 455 449 
498 428 534 402 
499 420 425 424 
500 426 427 425 
501 420 426 425 
502 446 447 445 
503 408 446 445 
504 408 445 444 
505 510 525 497 
506 509 516 486 
507 487 515 511 
508 409 522 512 
509 420 424 166 
510 448 535 414 
511 446 448 447 
512 447 533 445 
513 448 449 447 
514 426 428 427 
515 167 420 166 
516 452 453 451 
517 432 433 431 
518 408 444 163 
519 428 429 427 
520 166 424 165 
521 162 408 163 
522 163 444 164 
523 429 440 427 
524 452 454 453 
525 432 434 433 
526 433 435 431 
527 434 436 433 
528 434 437 436 
529 434 438 437 
530 438 439 437 
531 439 442 437 
532 439 443 442 
533 500 504 34 
534 461 502 458 
535 460 461 458 
536 472 473 403 
537 35 500 34 
538 456 462 102 
539 31 489 407 
540 458 462 456 
541 36 472 403 
542 32 489 31 
543 457 460 458 
544 473 474 403 
545 29 419 28 
546 20 414 19 
547 25 418 24 
548 411 483 107 
549 110 498 410 
550 112 484 412 
551 105 496 486 
552 25 487 418 
553 418 493 24 
554 37 472 36 
555 464 465 459 
556 29 463 419 
557 417 466 465 
558 465 467 459 
559 26 487 25 
560 24 493 23 
561 419 471 28 
562 479 505 478 
563 100 400 101 
564 100 464 400 
565 92 399 93 
566 115 402 116 
567 103 413 104 
568 94 416 95 
569 96 396 97 
570 98 417 99 
571 417 464 99 
572 99 464 100 
573 39 482 38 
574 102 462 103 
575 101 456 102 
576 104 496 105 
577 478 504 500 
578 417 488 466 
579 107 483 108 
580 109 498 110 
581 111 484 112 
582 476 479 478 
583 38 482 401 
584 398 487 26 
585 23 493 397 
586 458 502 462 
587 30 463 29 
588 417 465 464 
589 457 501 460 
590 407 463 30 
591 404 482 39 
592 400 464 459 
593 28 471 27 
594 27 471 398 
595 106 486 411 
596 108 409 109 
597 110 410 111 
598 36 403 35 
599 106 411 107 
600 38 401 37 
601 40 404 39 
602 105 486 106 
603 23 397 22 
604 27 398 26 
605 31 407 30 
606 33 405 32 
607 112 412 113 
608 45 415 44 
609 42 406 41 
610 478 505 504 
611 94 481 416 
612 399 481 93 
613 396 488 97 
614 96 491 396 
615 98 488 417 
616 416 491 95 
617 34 504 33 
618 465 468 467 
619 103 462 413 
620 413 496 104 
621 400 456 101 
622 476 478 474 
623 473 475 474 
624 405 489 32 
625 396 503 488 
626 93 481 94 
627 97 488 98 
628 95 491 96 
629 401 472 37 
630 488 503 466 
631 410 484 111 
632 108 483 409 
633 409 498 109 
634 413 497 496 
635 400 457 456 
636 475 476 474 
637 400 459 457 
638 457 458 456 
639 467 501 459 
640 405 490 489 
641 466 469 468 
642 466 503 469 
643 33 504 405 
644 459 501 457 
645 466 468 465 
646 413 502 497 
647 403 500 35 
648 405 505 490 
649 504 505 405 
650 462 502 413 
651 474 500 403 
652 478 500 474 
653 472 480 473 
654 401 480 472 
655 473 477 475 
656 498 499 410 
657 418 494 493 
658 473 480 477 
659 492 503 396 
660 491 492 396 
661 416 507 491 
662 493 506 397 
663 494 506 493 
664 491 507 492 
665 113 485 114 
666 412 485 113 
667 22 495 21 
668 397 495 22 
669 92 470 399 
670 91 470 92 
671 117 422 118 
672 90 421 91 
673 18 423 17 
674 421 470 91 
675 443 537 442 
676 438 538 412 
677 420 508 426 
678 454 529 453 
679 421 533 470 
680 408 513 446 
681 479 516 509 
682 511 515 469 
683 512 522 477 
684 490 525 510 
685 168 508 167 
686 161 513 162 
687 496 509 486 
688 502 510 497 
689 487 511 418 
690 409 512 498 
691 490 524 489 
692 479 525 505 
693 503 526 469 
694 406 527 41 
695 40 527 404 
696 46 514 45 
697 89 528 90 
698 454 539 506 
699 441 530 43 
700 402 540 430 
701 414 541 450 
702 499 532 443 
703 481 529 416 
704 438 543 439 
705 167 508 420 
706 510 524 490 
707 509 525 479 
708 469 526 511 
709 497 509 496 
710 461 510 502 
711 418 511 494 
712 498 512 499 
713 45 514 415 
714 162 513 408 
715 42 530 406 
716 519 524 461 
717 519 521 463 
718 476 516 479 
719 471 518 517 
720 411 520 483 
721 471 517 398 
722 460 519 461 
723 468 517 467 
724 460 521 519 
725 469 515 468 
726 398 515 487 
727 517 518 467 
728 463 521 419 
729 486 516 411 
730 467 518 501 
731 419 518 471 
732 407 519 463 
733 515 517 468 
734 398 517 515 
735 518 521 501 
736 475 520 476 
737 476 520 516 
738 516 520 411 
739 501 521 460 
740 419 521 518 
741 494 526 523 
742 483 522 409 
743 520 522 483 
744 475 522 520 
745 477 522 475 
746 407 524 519 
747 494 523 506 
748 489 524 407 
749 505 525 490 
750 507 523 492 
751 523 526 492 
752 492 526 503 
753 41 527 40 
754 404 542 442 
755 90 528 421 
756 427 536 425 
757 165 544 2 
758 402 534 116 
759 2 544 46 
760 455 533 447 
761 164 545 9 
762 414 535 19 
763 9 545 89 
764 117 534 422 
765 451 531 455 
766 18 535 423 
767 401 537 480 
768 434 538 438 
769 115 540 402 
770 485 540 114 
771 20 541 414 
772 495 541 21 
773 506 539 397 
774 499 543 410 
775 442 542 437 
776 485 538 432 
777 10 546 168 
778 1 547 161 
779 497 525 509 
780 461 524 510 
781 511 526 494 
782 454 548 529 
783 118 546 10 
784 17 547 1 
785 512 532 499 
786 495 539 452 
787 416 529 507 
788 435 530 441 
789 506 548 454 
790 480 532 477 
791 43 530 42 
792 453 531 451 
793 116 534 117 
794 19 535 18 
795 440 536 427 
796 529 548 507 
797 412 538 485 
798 477 532 512 
799 482 537 401 
800 432 538 434 
801 397 539 495 
802 452 539 454 
803 114 540 115 
804 168 546 508 
805 21 541 20 
806 161 547 513 
807 523 548 506 
808 527 542 404 
809 437 542 436 
810 410 543 484 
811 46 544 514 
812 424 544 165 
813 89 545 528 
814 444 545 164 
815 422 546 118 
816 423 547 17 
817 508 546 422 
818 513 547 423 
819 436 542 527 
820 514 544 424 
821 528 545 444 
822 507 548 523 
2 25 2 66
823 563 566 564 
824 549 566 563 
825 554 562 553 
826 557 560 555 
827 565 566 558 
828 563 564 559 
829 561 565 558 
830 560 571 555 
831 554 572 562 
832 558 566 549 
833 49 549 48 
834 165 559 166 
835 121 553 122 
836 49 558 549 
837 50 558 49 
838 166 559 552 
839 550 557 555 
840 550 553 121 
841 550 555 554 
842 120 550 121 
843 166 552 167 
844 171 551 170 
845 120 557 550 
846 119 557 120 
847 550 554 553 
848 555 556 554 
849 167 560 168 
850 170 561 169 
851 172 562 171 
852 48 563 47 
853 549 563 48 
854 551 561 170 
855 171 562 551 
856 552 560 167 
857 559 564 552 
858 122 567 11 
859 168 570 10 
860 2 568 165 
861 3 569 50 
862 47 568 2 
863 169 569 3 
864 10 570 119 
865 11 567 172 
866 564 566 556 
867 551 565 561 
868 556 572 554 
869 555 571 556 
870 552 571 560 
871 562 572 551 
872 565 572 556 
873 556 571 564 
874 560 570 168 
875 561 569 169 
876 172 567 562 
877 563 568 47 
878 553 567 122 
879 165 568 559 
880 50 569 558 
881 119 570 557 
882 562 567 553 
883 557 570 560 
884 558 569 561 
885 559 568 563 
886 556 566 565 
887 564 571 552 
888 551 572 565 
2 29 2 378
889 630 631 626 
890 591 691 604 
891 600 707 616 
892 631 684 626 
893 604 715 591 
894 616 716 600 
895 601 607 605 
896 602 619 617 
897 579 612 611 
898 585 624 623 
899 684 704 671 
900 601 711 607 
901 602 712 619 
902 611 717 579 
903 631 704 684 
904 623 718 585 
905 578 608 607 
906 586 620 619 
907 578 611 608 
908 575 684 671 
909 586 623 620 
910 634 715 609 
911 604 691 603 
912 605 685 601 
913 621 713 681 
914 681 716 621 
915 616 707 615 
916 617 690 602 
917 609 714 634 
918 620 623 622 
919 608 611 610 
920 623 624 622 
921 611 612 610 
922 614 709 665 
923 626 710 630 
924 579 709 612 
925 626 719 625 
926 585 710 624 
927 665 726 614 
928 591 715 634 
929 681 713 573 
930 600 716 681 
931 634 714 592 
932 624 625 622 
933 612 613 610 
934 607 711 578 
935 599 604 603 
936 624 626 625 
937 612 614 613 
938 599 605 604 
939 617 618 616 
940 584 617 616 
941 605 606 604 
942 584 616 615 
943 595 702 689 
944 645 694 687 
945 686 705 65 
946 598 693 688 
947 599 603 171 
948 619 712 586 
949 617 619 618 
950 619 620 618 
951 170 599 171 
952 605 607 606 
953 584 615 174 
954 607 608 606 
955 171 603 172 
956 620 622 621 
957 175 584 174 
958 620 621 618 
959 174 615 173 
960 608 609 606 
961 608 610 609 
962 666 668 667 
963 629 632 631 
964 629 682 632 
965 581 676 666 
966 142 662 143 
967 657 659 589 
968 588 662 661 
969 661 682 588 
970 140 663 141 
971 653 655 590 
972 143 662 588 
973 659 662 589 
974 589 662 142 
975 589 663 657 
976 590 678 653 
977 653 678 651 
978 655 663 590 
979 651 678 594 
980 590 663 140 
981 141 663 589 
982 648 651 594 
983 594 674 648 
984 648 674 646 
985 674 680 646 
986 644 645 643 
987 657 663 655 
988 661 662 659 
989 642 644 643 
990 646 680 643 
991 645 646 643 
992 645 647 646 
993 636 642 596 
994 638 640 639 
995 638 639 637 
996 67 673 580 
997 574 672 72 
998 58 676 581 
999 582 638 637 
1000 59 676 58 
1001 575 671 74 
1002 577 679 70 
1003 68 673 67 
1004 72 672 71 
1005 132 677 582 
1006 637 642 636 
1007 62 597 61 
1008 60 598 59 
1009 70 679 69 
1010 74 671 73 
1011 647 648 646 
1012 134 596 135 
1013 138 678 139 
1014 132 582 133 
1015 588 682 628 
1016 649 651 648 
1017 654 655 653 
1018 582 677 638 
1019 598 676 59 
1020 135 680 136 
1021 131 677 132 
1022 658 659 657 
1023 647 649 648 
1024 582 636 133 
1025 628 682 629 
1026 594 678 138 
1027 139 678 590 
1028 134 636 596 
1029 62 670 597 
1030 652 654 653 
1031 641 642 637 
1032 147 633 585 
1033 628 629 587 
1034 145 628 587 
1035 147 585 148 
1036 582 637 636 
1037 124 591 125 
1038 126 592 127 
1039 54 578 53 
1040 56 579 55 
1041 143 588 144 
1042 69 576 68 
1043 145 587 146 
1044 64 583 63 
1045 149 586 150 
1046 141 589 142 
1047 130 595 131 
1048 137 594 138 
1049 133 636 134 
1050 139 590 140 
1051 146 633 147 
1052 128 593 129 
1053 71 577 70 
1054 73 574 72 
1055 75 575 74 
1056 77 573 76 
1057 67 580 66 
1058 144 628 145 
1059 588 628 144 
1060 58 581 57 
1061 587 633 146 
1062 652 653 651 
1063 136 680 674 
1064 660 661 659 
1065 642 643 596 
1066 597 675 61 
1067 60 675 598 
1068 639 641 637 
1069 596 680 135 
1070 656 658 657 
1071 576 673 68 
1072 71 672 577 
1073 641 644 642 
1074 583 670 63 
1075 69 679 576 
1076 73 671 574 
1077 649 652 651 
1078 654 656 655 
1079 658 660 659 
1080 595 677 131 
1081 75 627 575 
1082 573 627 76 
1083 56 664 579 
1084 581 664 57 
1085 656 657 655 
1086 63 670 62 
1087 137 674 594 
1088 591 634 125 
1089 592 635 127 
1090 128 635 593 
1091 126 634 592 
1092 593 669 129 
1093 130 669 595 
1094 647 650 649 
1095 76 627 75 
1096 57 664 56 
1097 61 675 60 
1098 125 634 126 
1099 127 635 128 
1100 136 674 137 
1101 129 669 130 
1102 643 680 596 
1103 666 667 665 
1104 661 683 682 
1105 682 683 632 
1106 660 683 661 
1107 581 666 665 
1108 581 665 664 
1109 629 631 630 
1110 630 633 587 
1111 629 630 587 
1112 77 681 573 
1113 78 681 77 
1114 52 601 51 
1115 79 600 78 
1116 151 602 152 
1117 600 681 78 
1118 684 719 626 
1119 635 725 708 
1120 599 685 605 
1121 584 690 617 
1122 668 688 640 
1123 640 689 668 
1124 650 705 686 
1125 687 694 583 
1126 689 702 668 
1127 688 693 640 
1128 169 685 170 
1129 176 690 175 
1130 666 688 668 
1131 645 687 647 
1132 66 686 65 
1133 595 689 677 
1134 638 689 640 
1135 598 688 676 
1136 64 705 583 
1137 650 706 649 
1138 123 691 124 
1139 80 707 79 
1140 625 713 622 
1141 613 714 610 
1142 578 717 611 
1143 586 718 623 
1144 635 708 593 
1145 708 725 613 
1146 170 685 599 
1147 583 705 687 
1148 686 706 650 
1149 580 686 66 
1150 647 687 650 
1151 676 688 666 
1152 677 689 638 
1153 124 691 591 
1154 175 690 584 
1155 696 706 580 
1156 574 701 672 
1157 699 700 660 
1158 694 695 670 
1159 640 693 639 
1160 670 695 597 
1161 644 695 694 
1162 597 692 675 
1163 644 694 645 
1164 675 693 598 
1165 639 692 641 
1166 583 694 670 
1167 597 695 692 
1168 692 695 641 
1169 639 693 692 
1170 692 693 675 
1171 641 695 644 
1172 696 697 654 
1173 652 696 654 
1174 654 697 656 
1175 673 696 580 
1176 673 697 696 
1177 679 698 576 
1178 679 699 698 
1179 577 699 679 
1180 576 697 673 
1181 656 698 658 
1182 698 699 658 
1183 658 699 660 
1184 697 698 656 
1185 576 698 697 
1186 577 700 699 
1187 672 700 577 
1188 574 704 701 
1189 660 700 683 
1190 668 702 667 
1191 671 704 574 
1192 652 706 696 
1193 669 702 595 
1194 593 703 669 
1195 701 704 632 
1196 683 701 632 
1197 669 703 702 
1198 672 701 700 
1199 700 701 683 
1200 702 703 667 
1201 65 705 64 
1202 632 704 631 
1203 649 706 652 
1204 79 707 600 
1205 172 720 11 
1206 606 715 604 
1207 578 711 53 
1208 618 716 616 
1209 11 720 123 
1210 173 721 4 
1211 586 712 150 
1212 4 721 80 
1213 52 711 601 
1214 151 712 602 
1215 665 709 664 
1216 630 710 633 
1217 54 717 578 
1218 579 717 55 
1219 149 718 586 
1220 585 718 148 
1221 3 722 169 
1222 12 723 176 
1223 580 706 686 
1224 687 705 650 
1225 51 722 3 
1226 152 723 12 
1227 614 708 613 
1228 664 709 579 
1229 667 726 665 
1230 633 710 585 
1231 612 709 614 
1232 593 708 703 
1233 624 710 626 
1234 625 724 713 
1235 613 725 714 
1236 53 711 52 
1237 150 712 151 
1238 622 713 621 
1239 610 714 609 
1240 609 715 606 
1241 621 716 618 
1242 719 724 625 
1243 55 717 54 
1244 169 722 685 
1245 148 718 149 
1246 176 723 690 
1247 627 719 575 
1248 575 719 684 
1249 614 726 708 
1250 708 726 703 
1251 123 720 691 
1252 603 720 172 
1253 80 721 707 
1254 615 721 173 
1255 627 724 719 
1256 601 722 51 
1257 602 723 152 
1258 685 722 601 
1259 690 723 602 
1260 573 724 627 
1261 592 725 635 
1262 691 720 603 
1263 707 721 615 
1264 703 726 667 
1265 714 725 592 
1266 713 724 573 
2 33 2 68
1267 732 738 731 
1268 737 739 733 
1269 736 744 743 
1270 736 743 740 
1271 732 749 738 
1272 739 750 733 
1273 741 751 735 
1274 742 751 741 
1275 730 744 736 
1276 733 734 732 
1277 729 733 732 
1278 82 736 81 
1279 84 735 83 
1280 163 728 162 
1281 83 735 730 
1282 155 731 156 
1283 729 732 731 
1284 154 729 155 
1285 83 730 82 
1286 154 737 729 
1287 174 727 175 
1288 153 737 154 
1289 730 736 82 
1290 729 731 155 
1291 729 737 733 
1292 164 738 163 
1293 175 739 176 
1294 162 741 161 
1295 173 740 174 
1296 163 738 728 
1297 174 740 727 
1298 728 741 162 
1299 727 739 175 
1300 81 745 4 
1301 4 745 173 
1302 156 746 9 
1303 1 747 84 
1304 161 747 1 
1305 12 748 153 
1306 176 748 12 
1307 9 746 164 
1308 734 744 742 
1309 728 742 741 
1310 740 743 727 
1311 734 749 732 
1312 733 750 734 
1313 744 751 742 
1314 727 750 739 
1315 738 749 728 
1316 742 749 734 
1317 734 750 743 
1318 739 748 176 
1319 741 747 161 
1320 164 746 738 
1321 173 745 740 
1322 731 746 156 
1323 736 745 81 
1324 84 747 735 
1325 153 748 737 
1326 735 751 730 
1327 738 746 731 
1328 737 748 739 
1329 735 747 741 
1330 740 745 736 
1331 743 744 734 
1332 728 749 742 
1333 743 750 727 
1334 730 751 744 
2 37 2 46
1335 181 754 182 
1336 179 752 180 
1337 188 757 187 
1338 183 756 184 
1339 194 759 193 
1340 190 753 189 
1341 192 755 191 
1342 177 758 178 
1343 753 754 181 
1344 755 756 183 
1345 179 757 752 
1346 752 757 188 
1347 190 754 753 
1348 192 756 755 
1349 757 758 187 
1350 752 753 180 
1351 754 755 182 
1352 756 759 184 
1353 178 758 757 
1354 189 753 752 
1355 191 755 754 
1356 193 759 756 
1357 157 760 14 
1358 85 761 5 
1359 187 758 186 
1360 180 753 181 
1361 182 755 183 
1362 184 759 185 
1363 14 760 194 
1364 5 761 177 
1365 178 757 179 
1366 189 752 188 
1367 191 754 190 
1368 193 756 192 
1369 759 762 185 
1370 758 763 186 
1371 194 760 759 
1372 177 761 758 
1373 760 762 759 
1374 761 763 758 
1375 185 762 13 
1376 186 763 6 
1377 6 763 85 
1378 13 762 157 
1379 85 763 761 
1380 157 762 760 
2 41 2 46
1381 190 766 191 
1382 188 764 189 
1383 197 769 196 
1384 192 768 193 
1385 186 770 187 
1386 199 765 198 
1387 201 767 200 
1388 203 771 202 
1389 765 766 190 
1390 767 768 192 
1391 188 769 764 
1392 764 769 197 
1393 199 766 765 
1394 201 768 767 
1395 764 765 189 
1396 766 767 191 
1397 768 771 193 
1398 769 770 196 
1399 198 765 764 
1400 200 767 766 
1401 202 771 768 
1402 187 770 769 
1403 86 772 6 
1404 158 773 15 
1405 189 765 190 
1406 191 767 192 
1407 193 771 194 
1408 196 770 195 
1409 15 773 203 
1410 6 772 186 
1411 187 769 188 
1412 198 764 197 
1413 200 766 199 
1414 202 768 201 
1415 771 774 194 
1416 770 775 195 
1417 186 772 770 
1418 203 773 771 
1419 773 774 771 
1420 772 775 770 
1421 194 774 14 
1422 195 775 7 
1423 7 775 86 
1424 14 774 158 
1425 86 775 772 
1426 158 774 773 
2 45 2 46
1427 207 776 206 
1428 198 777 199 
1429 205 783 204 
1430 200 779 201 
1431 202 781 203 
1432 211 780 210 
1433 209 778 208 
1434 196 782 197 
1435 780 781 202 
1436 778 779 200 
1437 782 783 205 
1438 207 777 776 
1439 776 777 198 
1440 211 781 780 
1441 209 779 778 
1442 196 783 782 
1443 776 782 206 
1444 777 778 199 
1445 779 780 201 
1446 197 782 776 
1447 208 778 777 
1448 210 780 779 
1449 8 785 87 
1450 15 784 159 
1451 206 782 205 
1452 199 778 200 
1453 201 780 202 
1454 204 785 8 
1455 203 784 15 
1456 208 777 207 
1457 195 783 196 
1458 197 776 198 
1459 210 779 209 
1460 212 781 211 
1461 783 785 204 
1462 781 784 203 
1463 212 787 781 
1464 195 786 783 
1465 781 787 784 
1466 783 786 785 
1467 16 787 212 
1468 7 786 195 
1469 87 786 7 
1470 159 787 16 
1471 784 787 159 
1472 785 786 87 
2 49 2 46
1473 208 790 209 
1474 206 788 207 
1475 179 793 178 
1476 210 792 211 
1477 183 791 182 
1478 204 794 205 
1479 181 789 180 
1480 185 795 184 
1481 791 792 210 
1482 789 790 208 
1483 206 793 788 
1484 788 793 179 
1485 183 792 791 
1486 181 790 789 
1487 788 789 207 
1488 792 795 211 
1489 793 794 178 
1490 790 791 209 
1491 180 789 788 
1492 184 795 792 
1493 205 794 793 
1494 182 791 790 
1495 88 796 8 
1496 160 797 13 
1497 207 789 208 
1498 211 795 212 
1499 178 794 177 
1500 209 791 210 
1501 8 796 204 
1502 13 797 185 
1503 205 793 206 
1504 180 788 179 
1505 182 790 181 
1506 184 792 183 
1507 794 799 177 
1508 795 798 212 
1509 204 796 794 
1510 185 797 795 
1511 796 799 794 
1512 797 798 795 
1513 177 799 5 
1514 212 798 16 
1515 16 798 160 
1516 5 799 88 
1517 88 799 796 
1518 160 798 797 
2 50 2 446
1519 815 876 884 
1520 885 813 946 
1521 887 816 934 
1522 895 897 918 
1523 816 887 948 
1524 894 805 895 
1525 859 850 968 
1526 857 885 946 
1527 849 824 850 
1528 888 832 890 
1529 849 850 859 
1530 815 884 942 
1531 863 861 900 
1532 893 895 918 
1533 834 854 883 
1534 138 139 882 
1535 885 857 943 
1536 860 880 971 
1537 805 894 945 
1538 149 824 849 
1539 879 830 972 
1540 802 968 978 
1541 861 803 900 
1542 860 841 880 
1543 890 832 947 
1544 877 831 982 
1545 854 834 925 
1546 837 841 860 
1547 880 969 970 
1548 969 800 970 
1549 895 805 896 
1550 836 801 837 
1551 154 812 950 
1552 97 801 836 
1553 874 856 940 
1554 890 804 891 
1555 891 804 894 
1556 850 858 968 
1557 146 847 848 
1558 844 803 861 
1559 157 800 961 
1560 918 897 944 
1561 803 844 881 
1562 882 139 979 
1563 811 869 872 
1564 897 898 916 
1565 811 138 882 
1566 851 824 883 
1567 926 812 940 
1568 145 848 976 
1569 145 146 848 
1570 830 879 936 
1571 836 837 860 
1572 835 836 860 
1573 848 847 959 
1574 846 849 859 
1575 968 858 978 
1576 812 925 950 
1577 868 815 942 
1578 829 157 961 
1579 833 874 940 
1580 852 857 858 
1581 879 94 936 
1582 892 901 948 
1583 886 887 934 
1584 835 96 836 
1585 832 888 927 
1586 95 96 835 
1587 841 842 843 
1588 815 868 951 
1589 831 877 973 
1590 854 851 883 
1591 837 839 841 
1592 858 946 978 
1593 94 877 936 
1594 869 811 882 
1595 847 846 960 
1596 147 846 847 
1597 904 939 941 
1598 144 145 826 
1599 93 94 879 
1600 850 824 851 
1601 823 949 954 
1602 813 885 972 
1603 846 148 849 
1604 815 143 876 
1605 841 843 880 
1606 897 916 944 
1607 850 852 858 
1608 811 872 899 
1609 838 801 881 
1610 825 92 878 
1611 149 150 824 
1612 852 855 857 
1613 144 826 876 
1614 933 898 957 
1615 844 838 881 
1616 146 147 847 
1617 812 928 940 
1618 841 839 842 
1619 878 93 879 
1620 95 835 877 
1621 898 933 958 
1622 901 892 955 
1623 91 92 825 
1624 147 148 846 
1625 151 834 883 
1626 949 871 954 
1627 936 877 982 
1628 148 149 849 
1629 960 846 975 
1630 895 896 897 
1631 94 95 877 
1632 97 98 801 
1633 868 821 951 
1634 875 882 979 
1635 96 97 836 
1636 833 90 874 
1637 92 93 878 
1638 14 829 960 
1639 863 900 981 
1640 880 843 969 
1641 91 825 874 
1642 136 137 899 
1643 939 873 941 
1644 824 150 883 
1645 850 851 852 
1646 901 816 948 
1647 821 868 965 
1648 828 14 960 
1649 99 803 881 
1650 878 885 943 
1651 866 869 882 
1652 837 801 838 
1653 875 866 882 
1654 809 136 899 
1655 137 811 899 
1656 801 98 881 
1657 143 144 876 
1658 897 896 898 
1659 837 838 839 
1660 894 804 945 
1661 804 890 947 
1662 886 827 887 
1663 120 827 886 
1664 887 827 888 
1665 887 888 889 
1666 119 120 886 
1667 120 121 827 
1668 889 888 890 
1669 154 155 812 
1670 889 890 891 
1671 90 91 874 
1672 878 879 885 
1673 889 891 892 
1674 892 891 893 
1675 826 145 976 
1676 893 891 894 
1677 893 894 895 
1678 822 903 904 
1679 823 105 907 
1680 105 106 907 
1681 822 904 907 
1682 904 903 905 
1683 908 909 910 
1684 109 110 912 
1685 908 820 909 
1686 902 820 908 
1687 820 109 912 
1688 110 819 912 
1689 909 820 912 
1690 101 102 810 
1691 101 810 900 
1692 817 115 901 
1693 108 820 902 
1694 112 818 915 
1695 114 817 917 
1696 822 902 903 
1697 142 143 815 
1698 818 113 917 
1699 116 816 901 
1700 822 107 902 
1701 819 111 915 
1702 110 111 819 
1703 108 109 820 
1704 106 107 822 
1705 104 105 823 
1706 112 113 818 
1707 116 117 816 
1708 115 116 901 
1709 114 115 817 
1710 111 112 915 
1711 107 108 902 
1712 113 114 917 
1713 140 141 821 
1714 125 126 804 
1715 129 130 806 
1716 127 128 805 
1717 134 135 919 
1718 131 132 807 
1719 137 138 811 
1720 133 134 808 
1721 135 136 809 
1722 130 131 920 
1723 132 133 921 
1724 99 100 803 
1725 135 809 919 
1726 808 134 919 
1727 806 130 920 
1728 807 132 921 
1729 133 808 921 
1730 131 807 920 
1731 100 101 900 
1732 803 100 900 
1733 903 902 908 
1734 906 908 910 
1735 909 912 913 
1736 912 819 913 
1737 906 903 908 
1738 910 909 911 
1739 911 909 913 
1740 106 822 907 
1741 905 903 906 
1742 819 915 922 
1743 913 819 922 
1744 911 913 914 
1745 915 818 916 
1746 914 913 922 
1747 915 916 922 
1748 917 817 918 
1749 870 867 871 
1750 872 870 873 
1751 869 870 872 
1752 925 812 926 
1753 869 867 870 
1754 866 867 869 
1755 866 865 867 
1756 864 866 875 
1757 896 805 938 
1758 864 865 866 
1759 123 124 832 
1760 151 152 834 
1761 89 90 833 
1762 864 863 865 
1763 835 860 937 
1764 102 103 923 
1765 862 863 864 
1766 845 862 868 
1767 856 853 926 
1768 810 102 923 
1769 885 879 972 
1770 98 99 881 
1771 150 151 883 
1772 862 861 863 
1773 845 861 862 
1774 888 827 927 
1775 853 854 926 
1776 875 821 965 
1777 899 872 924 
1778 809 899 924 
1779 845 844 861 
1780 857 855 943 
1781 821 875 979 
1782 121 122 927 
1783 155 156 928 
1784 846 859 975 
1785 117 118 934 
1786 884 876 956 
1787 858 857 946 
1788 839 838 840 
1789 852 853 855 
1790 840 844 845 
1791 916 898 958 
1792 872 873 924 
1793 153 154 950 
1794 805 128 938 
1795 129 806 938 
1796 848 959 961 
1797 852 851 853 
1798 907 904 941 
1799 905 929 935 
1800 840 838 844 
1801 827 121 927 
1802 812 155 928 
1803 845 868 942 
1804 816 117 934 
1805 808 929 930 
1806 808 919 929 
1807 929 906 930 
1808 921 808 930 
1809 921 930 931 
1810 906 910 930 
1811 905 906 929 
1812 807 921 931 
1813 930 910 931 
1814 910 911 931 
1815 807 931 932 
1816 920 807 932 
1817 806 920 933 
1818 931 911 932 
1819 920 932 933 
1820 911 914 932 
1821 932 914 933 
1822 970 814 971 
1823 855 853 856 
1824 839 840 884 
1825 842 839 884 
1826 929 919 935 
1827 916 818 944 
1828 810 923 966 
1829 825 878 943 
1830 917 918 944 
1831 804 126 945 
1832 127 805 945 
1833 887 889 948 
1834 125 804 947 
1835 10 119 962 
1836 953 848 961 
1837 118 10 962 
1838 832 124 947 
1839 919 809 935 
1840 884 840 942 
1841 142 815 951 
1842 821 141 951 
1843 904 905 939 
1844 923 103 954 
1845 13 160 814 
1846 810 966 981 
1847 854 925 926 
1848 853 851 854 
1849 871 923 954 
1850 104 823 954 
1851 817 901 955 
1852 922 916 958 
1853 871 867 966 
1854 864 875 965 
1855 140 821 979 
1856 122 11 963 
1857 156 9 964 
1858 11 123 963 
1859 9 89 964 
1860 923 871 966 
1861 943 855 967 
1862 128 129 938 
1863 809 924 935 
1864 873 870 949 
1865 157 13 800 
1866 15 158 802 
1867 868 862 965 
1868 937 814 977 
1869 856 874 967 
1870 900 810 981 
1871 806 933 957 
1872 159 15 813 
1873 823 907 941 
1874 893 918 955 
1875 14 157 829 
1876 924 873 939 
1877 840 845 942 
1878 843 842 952 
1879 160 16 831 
1880 876 826 956 
1881 905 935 939 
1882 877 835 973 
1883 158 14 828 
1884 892 893 955 
1885 825 943 967 
1886 856 926 940 
1887 935 924 939 
1888 16 159 830 
1889 880 970 971 
1890 818 917 944 
1891 933 914 958 
1892 159 813 972 
1893 870 871 949 
1894 941 873 949 
1895 126 127 945 
1896 124 125 947 
1897 829 959 960 
1898 828 960 975 
1899 889 892 948 
1900 874 825 967 
1901 814 937 971 
1902 842 884 956 
1903 802 158 974 
1904 928 833 940 
1905 834 152 980 
1906 938 806 957 
1907 141 142 951 
1908 830 159 972 
1909 843 952 953 
1910 830 936 982 
1911 927 122 963 
1912 928 156 964 
1913 103 104 954 
1914 918 817 955 
1915 898 896 957 
1916 158 828 974 
1917 12 153 980 
1918 914 922 958 
1919 934 118 962 
1920 119 886 962 
1921 152 12 980 
1922 123 832 963 
1923 89 833 964 
1924 862 864 965 
1925 867 865 966 
1926 925 834 950 
1927 966 865 981 
1928 832 927 963 
1929 833 928 964 
1930 896 938 957 
1931 139 140 979 
1932 865 863 981 
1933 823 941 949 
1934 959 829 961 
1935 886 934 962 
1936 855 856 967 
1937 835 937 973 
1938 950 834 980 
1939 961 800 969 
1940 843 953 969 
1941 953 952 976 
1942 937 860 971 
1943 946 813 978 
1944 959 847 960 
1945 13 814 970 
1946 973 937 977 
1947 800 13 970 
1948 831 973 977 
1949 814 160 977 
1950 15 802 978 
1951 952 826 976 
1952 968 802 974 
1953 952 842 956 
1954 826 952 956 
1955 813 15 978 
1956 848 953 976 
1957 160 831 977 
1958 831 16 982 
1959 153 950 980 
1960 974 828 975 
1961 16 830 982 
1962 953 961 969 
1963 859 968 974 
1964 859 974 975 
3 1 4 4889
1965 983 984 198 197 
1966 374 213 761 85 
1967 985 308 986 307 
1968 987 988 989 990 
1969 991 992 818 412 
1970 993 566 549 558 
1971 994 995 996 871 
1972 997 393 363 745 
1973 998 999 382 256 
1974 78 681 237 77 
1975 1000 919 935 929 
1976 1001 808 930 921 
1977 1002 1003 1004 319 
1978 1005 883 712 834 
1979 1006 1007 730 225 
1980 81 82 363 736 
1981 1008 1007 1009 1010 
1982 1011 1012 999 178 
1983 1013 426 1014 1015 
1984 987 1016 1017 1018 
1985 1019 639 640 693 
1986 1006 997 1020 338 
1987 1021 317 318 316 
1988 1019 688 1022 693 
1989 315 500 235 35 
1990 1004 1023 1024 1025 
1991 1026 348 342 318 
1992 1027 798 797 795 
1993 1028 1029 1030 1031 
1994 1032 446 1007 448 
1995 1033 602 1005 617 
1996 1034 1035 1036 1037 
1997 1038 368 230 331 
1998 1039 492 396 491 
1999 1040 938 806 957 
2000 727 584 175 690 
2001 401 1041 537 1042 
2002 1043 200 767 201 
2003 1044 1045 468 517 
2004 1046 1047 698 656 
2005 1048 185 762 759 
2006 1049 1050 1029 1031 
2007 1051 474 476 478 
2008 1052 691 604 591 
2009 1053 1054 1055 1056 
2010 164 746 444 738 
2011 1057 1058 1059 1060 
2012 1061 1058 1062 967 
2013 1063 693 675 692 
2014 1013 425 424 420 
2015 1055 1056 1054 554 
2016 1040 938 593 806 
2017 1064 442 482 404 
2018 1065 697 1047 656 
2019 567 720 172 603 
2020 1066 1067 1068 914 
2021 1069 301 993 302 
2022 999 1011 177 799 
2023 1040 938 957 896 
2024 1070 1071 373 186 
2025 1072 1073 1074 1075 
2026 1042 232 325 326 
2027 1076 870 994 871 
2028 675 597 1077 1078 
2029 1076 1079 1080 941 
2030 1081 456 900 400 
2031 1082 683 661 660 
2032 1083 1072 986 985 
2033 98 881 417 488 
2034 22 292 21 495 
2035 194 760 759 1084 
2036 1085 506 1086 454 
2037 1080 904 1087 905 
2038 1088 790 181 789 
2039 1033 980 748 950 
2040 1089 185 184 795 
2041 1090 1019 1091 640 
2042 1046 657 656 658 
2043 1022 598 333 220 
2044 1029 479 1050 1079 
2045 194 760 1084 1092 
2046 1093 909 911 910 
2047 1094 461 458 460 
2048 1095 654 696 697 
2049 1043 1096 1097 202 
2050 798 982 1027 831 
2051 1098 239 672 289 
2052 95 877 416 94 
2053 1099 742 741 728 
2054 161 513 741 162 
2055 995 1081 456 810 
2056 984 1100 1101 1102 
2057 1072 986 985 1074 
2058 1001 636 1103 808 
2059 1104 1105 1106 1107 
2060 1108 1109 1104 1110 
2061 1111 912 820 409 
2062 1077 597 221 332 
2063 1032 1007 1010 448 
2064 1112 1081 981 863 
2065 241 186 6 373 
2066 1005 619 602 712 
2067 1113 629 630 587 
2068 1020 339 338 267 
2069 1042 232 482 325 
2070 581 57 664 351 
2071 1114 712 150 586 
2072 1115 738 1099 444 
2073 1028 1116 489 490 
2074 1072 985 1075 1074 
2075 1101 625 1117 713 
2076 1092 146 633 847 
2077 462 102 923 810 
2078 1108 1110 1104 647 
2079 1118 845 1119 868 
2080 1120 979 590 663 
2081 1010 238 414 19 
2082 1121 212 1122 982 
2083 1032 448 1008 447 
2084 388 1123 1071 259 
2085 1124 1125 1126 1127 
2086 1128 474 475 476 
2087 1072 1075 985 1129 
2088 1008 1009 990 1010 
2089 1130 440 435 441 
2090 1131 1052 1056 604 
2091 1132 285 282 224 
2092 1072 1133 1075 1129 
2093 1134 443 1135 439 
2094 1116 490 1030 510 
2095 1136 668 702 667 
2096 1020 338 997 267 
2097 1137 946 813 203 
2098 1138 1139 989 1140 
2099 936 481 94 879 
2100 1062 878 1141 943 
2101 7 195 775 391 
2102 1070 373 1071 259 
2103 1142 1098 632 701 
2104 1120 1143 1119 1046 
2105 1080 904 905 939 
2106 1144 625 626 719 
2107 1084 193 759 194 
2108 1144 719 626 684 
2109 1145 1146 1038 1075 
2110 1128 1021 1051 1147 
2111 1148 327 345 346 
2112 1149 804 1150 634 
2113 1149 634 126 804 
2114 1131 608 609 606 
2115 1042 335 328 232 
2116 1151 934 1014 422 
2117 996 923 413 954 
2118 993 340 240 301 
2119 1073 614 708 613 
2120 1152 1153 468 467 
2121 1028 367 1116 284 
2122 1080 941 1079 907 
2123 1115 964 928 746 
2124 1154 188 189 764 
2125 1072 1155 1133 1129 
2126 1033 834 602 723 
2127 1062 399 878 92 
2128 1156 753 1157 1158 
2129 1071 719 575 627 
2130 1159 271 1018 265 
2131 1160 1161 671 575 
2132 1071 241 373 186 
2133 1071 241 186 772 
2134 1156 1158 1161 752 
2135 1162 727 750 739 
2136 985 1083 1129 1163 
2137 1131 1129 1054 1164 
2138 1165 329 310 357 
2139 1055 1013 1166 1015 
2140 1167 955 1168 893 
2141 1169 1153 1152 467 
2142 1170 277 279 278 
2143 1171 1172 1102 1100 
2144 1173 1041 1042 1135 
2145 1053 1163 1129 1083 
2146 1073 1174 1175 1176 
2147 1177 208 790 789 
2148 1178 788 1085 207 
2149 813 203 978 15 
2150 811 674 137 899 
2151 1099 513 1007 446 
2152 1033 602 690 723 
2153 1026 348 1077 342 
2154 381 1123 1179 387 
2155 1180 277 378 288 
2156 1071 770 772 186 
2157 1071 770 186 187 
2158 1181 671 1160 1161 
2159 1080 1182 1087 1183 
2160 680 899 136 674 
2161 1184 1185 1034 1035 
2162 1186 619 1005 1126 
2163 273 1011 999 384 
2164 33 236 504 320 
2165 1187 1019 1188 1063 
2166 1189 257 1037 253 
2167 1190 1137 1139 1191 
2168 1192 1193 997 1162 
2169 1194 826 144 628 
2170 1006 736 744 743 
2171 1195 1149 1168 1133 
2172 1196 311 371 346 
2173 1069 601 711 607 
2174 593 806 129 669 
2175 1073 1197 1174 1176 
2176 1198 734 1006 1059 
2177 1141 878 879 885 
2178 1124 1096 1199 1191 
2179 1179 391 775 195 
2180 1114 619 1005 712 
2181 972 159 787 784 
2182 1200 1130 441 440 
2183 1069 685 722 601 
2184 1201 1090 1202 1203 
2185 1131 1053 608 606 
2186 1204 793 794 205 
2187 581 1176 351 664 
2188 550 927 121 553 
2189 1205 832 890 888 
2190 1014 428 534 402 
2191 46 544 347 514 
2192 1002 1206 1004 1128 
2193 1143 1119 1169 1207 
2194 1203 1196 1175 1202 
2195 1208 596 642 643 
2196 1076 873 1109 872 
2197 483 822 107 902 
2198 1032 408 1099 446 
2199 1099 728 513 408 
2200 1099 742 1007 741 
2201 1209 348 222 332 
2202 1210 1119 1207 861 
2203 1193 619 617 1186 
2204 999 177 761 213 
2205 803 400 900 100 
2206 1039 1211 492 491 
2207 1071 241 772 387 
2208 1212 1158 191 190 
2209 1071 373 241 388 
2210 229 45 347 514 
2211 1075 1213 1129 1133 
2212 915 410 111 819 
2213 1203 1019 640 688 
2214 1214 555 550 557 
2215 1195 1149 1155 714 
2216 1072 1155 1073 1215 
2217 1151 422 426 508 
2218 1216 375 299 47 
2219 980 12 748 153 
2220 1193 1172 716 621 
2221 243 87 785 8 
2222 448 1008 447 449 
2223 1004 1024 1003 1025 
2224 917 113 412 485 
2225 691 124 832 123 
2226 426 1217 425 427 
2227 1217 1200 536 440 
2228 530 230 42 330 
2229 1081 981 900 810 
2230 1120 951 1118 868 
2231 1218 842 1219 952 
2232 1220 1221 1222 503 
2233 1211 507 416 529 
2234 1223 844 1153 861 
2235 1224 1000 906 930 
2236 992 1225 540 430 
2237 1195 1133 1168 894 
2238 1203 666 1175 1196 
2239 1007 353 341 225 
2240 506 1226 493 1204 
2241 1227 849 585 718 
2242 1200 441 415 536 
2243 46 347 45 514 
2244 1214 550 553 927 
2245 991 915 922 819 
2246 1066 897 991 1228 
2247 1229 678 590 882 
2248 1082 1230 1231 700 
2249 1145 1176 1074 309 
2250 1224 911 1091 932 
2251 551 170 561 685 
2252 1160 372 261 374 
2253 1232 1233 1113 629 
2254 364 70 228 577 
2255 1203 1196 676 666 
2256 1234 991 1134 438 
2257 1214 553 550 554 
2258 1040 593 703 669 
2259 1165 231 1064 329 
2260 1055 566 993 558 
2261 567 963 11 720 
2262 367 489 32 405 
2263 1038 306 985 305 
2264 1217 1235 425 536 
2265 691 123 963 720 
2266 53 52 711 360 
2267 340 549 49 558 
2268 1026 1236 1021 1237 
2269 1052 553 1214 554 
2270 1052 1214 553 927 
2271 1151 546 422 508 
2272 1071 388 241 387 
2273 1238 493 1226 418 
2274 1184 255 1230 252 
2275 1037 294 214 251 
2276 1160 261 671 389 
2277 1220 1239 837 801 
2278 1240 1014 426 1015 
2279 1042 482 232 404 
2280 1078 692 597 695 
2281 1173 1241 1042 326 
2282 1047 392 68 673 
2283 1045 518 1242 501 
2284 1243 846 1227 859 
2285 253 1244 258 355 
2286 1011 227 999 384 
2287 1189 257 1245 1037 
2288 998 255 1034 254 
2289 1082 660 700 683 
2290 1168 895 893 894 
2291 1165 1196 1197 1176 
2292 1200 1130 368 314 
2293 991 438 992 412 
2294 1187 1103 1001 637 
2295 758 761 242 374 
2296 243 87 385 785 
2297 985 304 306 307 
2298 48 299 563 240 
2299 1246 1210 1112 1247 
2300 383 213 5 177 
2301 1233 1158 626 631 
2302 1227 859 846 849 
2303 1113 629 1233 630 
2304 1248 1249 1247 1065 
2305 1250 1251 1252 1219 
2306 1065 1095 1047 697 
2307 1253 222 337 312 
2308 1254 1255 1256 280 
2309 1170 277 1257 279 
2310 1210 862 1119 861 
2311 1208 809 680 899 
2312 242 186 373 6 
2313 1179 381 215 391 
2314 581 1176 1196 351 
2315 434 1234 438 992 
2316 1213 1225 1240 1164 
2317 1258 406 527 330 
2318 1066 898 916 897 
2319 1259 588 661 682 
2320 1092 959 848 847 
2321 1260 881 838 801 
2322 1261 960 975 828 
2323 1096 946 1191 1137 
2324 1195 945 127 805 
2325 1262 872 924 899 
2326 1087 903 905 904 
2327 806 595 1136 920 
2328 1224 1263 1111 908 
2329 75 259 1070 1071 
2330 1144 1117 625 719 
2331 1011 390 1226 796 
2332 1153 844 1260 881 
2333 396 836 97 801 
2334 1264 1105 1265 1104 
2335 1266 1122 1141 481 
2336 987 988 1138 989 
2337 30 463 407 223 
2338 1250 1239 1223 840 
2339 1263 1187 1000 1103 
2340 1251 1082 1189 1231 
2341 1256 379 394 278 
2342 1225 402 430 429 
2343 302 985 1083 304 
2344 1073 1074 1197 1176 
2345 1213 992 1267 432 
2346 1083 711 578 607 
2347 1230 1082 1189 1244 
2348 511 1222 469 1044 
2349 998 366 1160 389 
2350 1089 184 792 795 
2351 1045 419 1242 518 
2352 1040 957 898 896 
2353 401 233 1206 325 
2354 758 998 999 761 
2355 1250 1219 1142 1251 
2356 1013 508 426 420 
2357 534 402 116 901 
2358 1216 563 564 559 
2359 1069 360 245 303 
2360 1069 569 722 561 
2361 1151 887 1014 934 
2362 1097 1096 1137 202 
2363 984 1154 765 764 
2364 1245 216 398 294 
2365 98 417 881 99 
2366 98 801 881 488 
2367 1069 607 605 601 
2368 1069 376 722 569 
2369 1235 424 425 514 
2370 1083 1072 608 986 
2371 1056 1052 554 572 
2372 1146 433 431 432 
2373 1093 1263 1224 1268 
2374 1103 808 929 930 
2375 1075 1213 1146 1129 
2376 1136 933 1040 806 
2377 1269 1258 527 231 
2378 1114 1227 1127 586 
2379 1212 1270 626 710 
2380 999 213 383 177 
2381 1008 1009 1007 1060 
2382 997 721 393 745 
2383 1033 617 1162 690 
2384 1007 513 423 446 
2385 408 1032 444 445 
2386 1187 1188 1271 1063 
2387 1218 969 843 953 
2388 1045 1245 419 471 
2389 997 1172 296 600 
2390 1243 194 1261 828 
2391 1160 758 1161 1070 
2392 1190 1062 943 967 
2393 1179 215 381 387 
2394 1010 287 380 238 
2395 1217 1200 1163 300 
2396 993 300 240 299 
2397 1069 302 1083 303 
2398 1235 1216 993 1013 
2399 1272 780 1122 211 
2400 1048 759 184 185 
2401 1090 1268 1273 1201 
2402 1176 309 311 370 
2403 1051 315 316 1002 
2404 1195 1215 1155 1133 
2405 581 1175 1176 665 
2406 1072 608 611 610 
2407 1056 685 551 561 
2408 1130 43 530 230 
2409 1195 1215 895 896 
2410 1258 331 330 357 
2411 1168 891 1149 894 
2412 1274 694 687 645 
2413 1195 592 127 945 
2414 550 121 927 827 
2415 1198 1006 734 750 
2416 1194 952 1219 842 
2417 1137 781 202 203 
2418 1092 829 961 959 
2419 1187 1063 1078 639 
2420 1217 1240 1200 440 
2421 1275 1171 1127 622 
2422 1007 341 246 377 
2423 1126 1125 1057 1060 
2424 1190 1199 1191 1125 
2425 1276 1275 1171 1127 
2426 1093 1268 1067 1068 
2427 1277 450 541 495 
2428 1277 1278 298 270 
2429 1279 1280 1252 1281 
2430 1273 1024 1188 1019 
2431 1132 1282 1255 285 
2432 1203 1090 668 640 
2433 1258 330 231 357 
2434 820 409 108 483 
2435 1049 1147 1051 1021 
2436 1001 808 1103 930 
2437 1107 678 811 594 
2438 1227 1212 624 585 
2439 1275 1144 625 624 
2440 1009 339 1020 266 
2441 1276 1283 984 1154 
2442 247 80 393 721 
2443 1092 633 1261 847 
2444 1199 1096 1227 850 
2445 1096 1137 202 203 
2446 1245 471 398 216 
2447 1245 294 1037 257 
2448 1098 704 1181 1232 
2449 249 418 493 24 
2450 1098 998 1160 389 
2451 1069 561 1056 565 
2452 1091 920 807 932 
2453 1014 534 422 816 
2454 1150 947 634 804 
2455 1093 1068 1284 1268 
2456 813 784 203 15 
2457 13 797 185 814 
2458 1179 775 215 387 
2459 1177 1285 1286 1121 
2460 1027 831 982 877 
2461 1287 1125 1288 1289 
2462 242 761 763 85 
2463 1178 180 788 789 
2464 1286 1290 1280 183 
2465 1082 1251 1142 1231 
2466 1081 900 456 810 
2467 1046 656 657 655 
2468 1152 468 1153 1291 
2469 1260 466 465 417 
2470 1062 825 878 943 
2471 997 615 745 740 
2472 1172 264 296 237 
2473 1193 997 616 600 
2474 1172 296 78 237 
2475 1292 1140 988 1293 
2476 1058 833 874 940 
2477 1172 716 621 681 
2478 1278 385 786 785 
2479 1027 835 937 973 
2480 1159 1123 272 263 
2481 1193 1172 997 600 
2482 1095 392 1047 673 
2483 1246 1169 501 459 
2484 1065 654 1095 697 
2485 1047 673 576 697 
2486 1094 461 1294 1295 
2487 1252 1280 1296 1281 
2488 1177 1293 209 208 
2489 1259 942 815 884 
2490 1166 1151 1013 560 
2491 1203 676 1022 688 
2492 1091 920 932 933 
2493 1093 1268 1224 911 
2494 1104 1105 1109 1106 
2495 1094 457 1246 460 
2496 483 107 822 411 
2497 1235 300 229 361 
2498 991 915 484 818 
2499 1093 1111 909 910 
2500 1297 1058 856 940 
2501 1195 1149 945 894 
2502 1055 1166 1054 1015 
2503 1096 978 946 203 
2504 1018 359 270 271 
2505 187 1154 1071 770 
2506 1043 768 202 201 
2507 1298 494 506 493 
2508 997 247 707 600 
2509 1299 1300 266 264 
2510 341 735 730 83 
2511 989 455 1008 447 
2512 1198 1059 1006 1162 
2513 1278 786 783 785 
2514 1115 444 528 545 
2515 1122 787 212 781 
2516 1115 1058 833 528 
2517 1093 1224 1111 910 
2518 1246 1169 1249 1242 
2519 1177 1272 1293 529 
2520 997 338 247 267 
2521 1301 1227 1043 1243 
2522 1179 387 1071 772 
2523 1118 942 845 868 
2524 1137 784 781 203 
2525 1302 1045 1189 1245 
2526 1290 756 1084 755 
2527 1213 429 1240 1225 
2528 714 1131 609 634 
2529 567 603 172 562 
2530 119 557 570 886 
2531 1270 630 633 587 
2532 1037 214 487 418 
2533 1153 465 464 417 
2534 1034 1296 1185 1238 
2535 1223 1303 1119 1152 
2536 1218 843 952 953 
2537 1170 1257 1254 279 
2538 1170 1248 1247 1304 
2539 1148 327 324 345 
2540 1051 478 1147 1050 
2541 1305 1165 1201 1196 
2542 1047 378 234 288 
2543 1221 1211 1039 1285 
2544 1046 1306 1303 658 
2545 313 463 29 223 
2546 998 374 1160 366 
2547 1230 1035 253 1189 
2548 1207 981 1081 863 
2549 1120 663 589 951 
2550 638 1188 1187 1019 
2551 1264 590 1229 678 
2552 1028 1116 367 489 
2553 1274 1087 1262 1307 
2554 997 267 247 296 
2555 1033 750 733 739 
2556 1297 925 926 854 
2557 1299 1300 1009 266 
2558 1262 1108 872 899 
2559 1242 313 1245 276 
2560 66 224 580 295 
2561 1253 1308 686 224 
2562 1297 926 925 812 
2563 1041 1128 480 477 
2564 315 36 403 35 
2565 1299 1009 1020 266 
2566 1300 265 1016 266 
2567 1204 397 290 493 
2568 1309 785 204 243 
2569 1159 272 381 263 
2570 1179 1071 770 772 
2571 225 730 82 83 
2572 1013 560 1151 508 
2573 1151 934 962 886 
2574 534 116 816 901 
2575 1167 896 1215 1228 
2576 1131 715 591 604 
2577 986 578 1083 217 
2578 1091 595 1136 702 
2579 1029 479 509 525 
2580 367 32 236 405 
2581 1131 1054 1053 1056 
2582 1116 1256 284 336 
2583 1074 612 611 579 
2584 1207 803 400 900 
2585 443 1064 1135 439 
2586 1031 320 504 236 
2587 1265 652 696 654 
2588 994 869 1107 866 
2589 1038 368 306 305 
2590 1056 551 572 565 
2591 1258 230 1130 530 
2592 1174 1136 1040 703 
2593 1004 324 322 323 
2594 1194 976 952 826 
2595 1030 497 502 510 
2596 1187 641 642 637 
2597 1294 524 1295 461 
2598 1029 1307 1310 1050 
2599 1297 1115 1198 1057 
2600 1159 237 1102 262 
2601 1154 1102 1123 984 
2602 1297 1005 925 854 
2603 1200 441 536 440 
2604 1175 1196 666 581 
2605 1066 922 991 916 
2606 1165 1196 1176 311 
2607 1083 217 578 360 
2608 1013 571 560 552 
2609 1200 415 1235 536 
2610 402 817 115 901 
2611 1195 127 592 635 
2612 1216 544 375 568 
2613 1297 1005 1033 925 
2614 1044 1036 1222 1291 
2615 1120 821 663 951 
2616 1169 1153 467 459 
2617 1308 580 686 224 
2618 1274 644 1078 695 
2619 1255 282 285 283 
2620 1051 474 500 403 
2621 1032 1059 1058 1060 
2622 1041 1268 1023 1284 
2623 1004 321 319 323 
2624 1282 1253 286 285 
2625 1079 497 509 496 
2626 1082 700 1231 683 
2627 727 690 175 739 
2628 1162 617 584 690 
2629 1198 1162 1006 750 
2630 1007 341 730 225 
2631 1020 353 1007 225 
2632 1159 381 1179 271 
2633 513 747 741 1007 
2634 994 1106 1311 1105 
2635 1029 525 497 1030 
2636 1085 1086 1293 454 
2637 1161 575 1070 1071 
2638 1142 1098 1232 632 
2639 811 594 137 674 
2640 1044 1037 1245 294 
2641 1027 491 95 416 
2642 93 481 879 94 
2643 1195 805 127 635 
2644 1013 508 1151 426 
2645 1131 634 1149 1150 
2646 1204 1085 1312 539 
2647 1221 1285 1298 1086 
2648 1177 1211 1285 1121 
2649 1297 1186 1198 1033 
2650 1258 1130 1038 1146 
2651 1013 560 508 420 
2652 1235 424 1216 1013 
2653 1164 1131 1129 1155 
2654 1056 562 599 603 
2655 1053 1069 1163 1083 
2656 54 217 578 358 
2657 1083 578 608 607 
2658 1069 685 1056 561 
2659 1072 608 1155 1053 
2660 1284 410 498 499 
2661 714 1195 613 1155 
2662 1196 346 333 219 
2663 1134 1041 1135 443 
2664 1004 344 324 323 
2665 1001 636 808 921 
2666 1297 1057 1198 1186 
2667 1137 946 885 813 
2668 1209 583 694 670 
2669 1183 822 483 902 
2670 1313 1023 1025 1263 
2671 1073 1215 1174 1075 
2672 1124 1096 1043 1227 
2673 1073 1215 1155 613 
2674 1254 282 280 279 
2675 1066 933 898 957 
2676 414 238 20 19 
2677 1159 1172 1102 237 
2678 75 259 260 1070 
2679 1096 978 968 858 
2680 1159 265 1300 264 
2681 1131 591 1052 604 
2682 1069 558 561 565 
2683 1220 837 1239 1281 
2684 998 374 382 761 
2685 1140 1272 1266 481 
2686 1120 821 868 965 
2687 48 47 563 299 
2688 1014 422 534 428 
2689 936 94 416 877 
2690 1099 749 742 728 
2691 1259 1118 661 662 
2692 1071 75 259 627 
2693 1293 454 1086 548 
2694 1111 498 409 512 
2695 1042 482 537 401 
2696 1111 1023 1284 512 
2697 1002 1128 1004 1025 
2698 1241 328 1064 1042 
2699 1041 480 1206 401 
2700 1121 481 529 416 
2701 1062 470 399 92 
2702 1194 144 876 588 
2703 982 212 16 798 
2704 1002 403 315 472 
2705 421 470 825 91 
2706 1290 1233 1084 1113 
2707 1033 602 617 690 
2708 1006 1007 1059 742 
2709 1002 403 472 473 
2710 1111 1183 483 902 
2711 1041 1135 1268 1284 
2712 401 325 38 37 
2713 1121 982 936 877 
2714 1089 185 797 814 
2715 1121 1027 792 795 
2716 999 227 383 384 
2717 1050 1031 478 479 
2718 1198 734 733 750 
2719 766 1276 1043 1283 
2720 1096 773 802 203 
2721 1007 735 747 741 
2722 737 950 748 153 
2723 490 1028 1116 1030 
2724 1224 1000 930 1103 
2725 1051 235 315 500 
2726 1254 1304 1256 1255 
2727 1253 686 1308 706 
2728 530 1258 406 435 
2729 1069 601 245 711 
2730 1094 502 462 458 
2731 1031 504 405 236 
2732 1182 509 1079 479 
2733 1143 1065 1046 1120 
2734 1154 1117 1144 1161 
2735 1267 992 434 432 
2736 1069 993 1055 1163 
2737 1151 570 560 557 
2738 1073 1075 1197 1074 
2739 1286 1280 1290 1281 
2740 1013 426 1151 1014 
2741 1258 406 435 433 
2742 1158 1161 752 189 
2743 1045 467 518 501 
2744 1210 861 1207 863 
2745 1221 1296 1280 1281 
2746 1030 497 996 502 
2747 824 149 849 718 
2748 1096 1191 946 858 
2749 1183 1182 520 411 
2750 1080 1050 1087 1182 
2751 33 320 504 34 
2752 1208 596 680 809 
2753 1004 322 321 323 
2754 675 221 1077 597 
2755 1134 484 991 915 
2756 1273 1022 344 1314 
2757 1234 991 992 1228 
2758 1274 1307 1262 1110 
2759 1115 746 928 731 
2760 484 915 111 112 
2761 677 582 921 132 
2762 1064 443 1135 537 
2763 1068 1134 991 922 
2764 936 94 481 416 
2765 1142 1231 1251 1315 
2766 1239 1260 838 801 
2767 1012 758 999 177 
2768 1230 255 297 252 
2769 1250 1259 1142 1194 
2770 1279 1157 1316 1232 
2771 1085 207 1312 1293 
2772 13 160 797 814 
2773 1161 758 757 187 
2774 1085 206 207 788 
2775 1098 389 239 365 
2776 1153 465 468 467 
2777 1070 186 758 187 
2778 487 1044 511 515 
2779 1042 335 232 326 
2780 1314 598 1022 220 
2781 62 597 221 61 
2782 1148 327 1173 324 
2783 1003 343 344 323 
2784 984 1123 1154 1179 
2785 302 985 1163 1083 
2786 1151 934 546 962 
2787 1056 603 599 604 
2788 1240 1014 427 426 
2789 1052 963 567 720 
2790 1054 1163 1015 1129 
2791 691 947 832 124 
2792 1108 647 648 646 
2793 1108 1264 1107 594 
2794 1313 1263 1025 1183 
2795 1021 1147 1236 1317 
2796 237 681 573 77 
2797 1073 1075 1174 1197 
2798 1190 885 1137 857 
2799 997 736 743 740 
2800 745 615 721 173 
2801 993 549 240 340 
2802 1198 950 1033 737 
2803 1038 368 1200 1130 
2804 1179 770 775 772 
2805 998 254 1034 999 
2806 1070 575 260 75 
2807 1161 575 1071 719 
2808 1026 1317 1209 1253 
2809 1094 995 996 1311 
2810 1271 1188 1024 1019 
2811 1134 991 922 819 
2812 1312 207 777 1292 
2813 1122 830 212 787 
2814 1098 672 1230 289 
2815 1082 1118 1251 1303 
2816 972 1141 879 885 
2817 1140 452 1293 453 
2818 1006 363 225 736 
2819 1073 612 709 614 
2820 1098 1160 1181 704 
2821 1092 960 194 829 
2822 1162 740 997 743 
2823 1073 612 1074 709 
2824 1113 1233 1270 630 
2825 1134 819 1284 410 
2826 1134 499 1284 443 
2827 1209 222 63 332 
2828 1256 284 379 280 
2829 1242 419 521 518 
2830 1028 284 283 362 
2831 1209 63 583 670 
2832 1248 1265 1308 1095 
2833 1108 1208 1110 646 
2834 1046 657 1120 655 
2835 986 578 611 608 
2836 1290 1113 1218 1219 
2837 960 828 194 14 
2838 1141 1137 885 972 
2839 1243 771 194 774 
2840 1211 1086 523 507 
2841 1029 1318 1282 1030 
2842 1045 1249 1302 1169 
2843 1207 400 803 464 
2844 1225 955 817 901 
2845 1001 807 677 921 
2846 722 3 169 569 
2847 947 691 832 1052 
2848 1286 1121 1285 1211 
2849 1121 936 1122 416 
2850 800 1218 1048 961 
2851 1007 747 341 377 
2852 1006 363 997 338 
2853 1195 635 592 725 
2854 1261 633 585 147 
2855 849 585 718 148 
2856 1212 626 1144 624 
2857 1160 1070 1161 575 
2858 1287 1289 1319 1138 
2859 1115 833 928 964 
2860 1192 1059 1006 1020 
2861 1118 951 589 662 
2862 1223 1239 1251 1291 
2863 1047 576 698 697 
2864 580 392 1095 673 
2865 1246 1081 1207 457 
2866 1295 1106 1311 996 
2867 1047 698 656 697 
2868 995 867 966 871 
2869 519 1116 524 407 
2870 1030 502 1295 510 
2871 1264 1247 1265 1105 
2872 981 1112 995 1081 
2873 737 812 154 729 
2874 9 964 545 746 
2875 155 729 154 812 
2876 1195 725 592 714 
2877 1198 812 950 737 
2878 1057 1059 1058 1115 
2879 1032 1007 1008 1010 
2880 737 812 950 154 
2881 1061 1057 1126 1125 
2882 1012 757 1160 758 
2883 1233 629 631 630 
2884 355 1230 228 297 
2885 1160 1070 372 374 
2886 1027 1089 792 795 
2887 1026 319 1021 318 
2888 1047 234 1306 576 
2889 1250 956 842 884 
2890 364 679 70 577 
2891 1264 1107 1106 1105 
2892 917 412 113 818 
2893 1115 964 545 833 
2894 1292 209 1293 208 
2895 164 444 163 738 
2896 1107 882 869 811 
2897 1213 430 992 432 
2898 1314 675 598 220 
2899 1243 192 1212 1270 
2900 1204 506 397 493 
2901 1184 255 998 365 
2902 1144 1161 719 684 
2903 1195 592 1149 714 
2904 1122 936 830 879 
2905 1190 885 1141 1137 
2906 1069 340 245 376 
2907 1272 1266 780 779 
2908 1298 1085 1226 506 
2909 1226 493 290 248 
2910 1124 1288 1125 1127 
2911 1204 1226 244 796 
2912 1301 1283 1212 191 
2913 1048 762 961 760 
2914 1062 531 1140 1141 
2915 1318 1132 1255 1105 
2916 158 802 773 15 
2917 972 830 787 159 
2918 1037 294 398 487 
2919 1279 1088 1280 182 
2920 1320 880 1218 1089 
2921 1116 519 1294 1256 
2922 1261 633 710 585 
2923 1195 945 1149 592 
2924 1195 635 725 708 
2925 1222 468 1260 466 
2926 1223 1239 1291 1260 
2927 1153 1260 465 417 
2928 1037 251 214 250 
2929 419 313 29 28 
2930 1259 956 884 876 
2931 1142 632 1232 682 
2932 1235 1216 300 993 
2933 428 1225 1014 1240 
2934 537 1064 442 482 
2935 1240 427 1014 428 
2936 986 717 1074 611 
2937 1167 992 991 1228 
2938 1240 1014 1164 1225 
2939 991 944 916 818 
2940 613 1195 725 708 
2941 1208 642 1103 1237 
2942 1026 342 319 318 
2943 1049 1051 504 320 
2944 1284 912 819 913 
2945 1262 1000 935 1087 
2946 1033 690 739 748 
2947 854 1061 1199 853 
2948 1321 1016 1018 270 
2949 1263 906 1183 908 
2950 1206 326 322 324 
2951 1000 1103 1208 919 
2952 1091 595 702 689 
2953 1209 1077 348 332 
2954 1317 352 286 337 
2955 1196 219 676 581 
2956 1064 1135 1042 537 
2957 705 224 686 65 
2958 1148 1022 333 345 
2959 1123 724 1117 627 
2960 1009 287 353 269 
2961 1238 1226 249 418 
2962 777 1322 1312 1292 
2963 1032 421 1058 528 
2964 161 513 747 741 
2965 408 738 163 444 
2966 1048 759 762 760 
2967 1272 481 453 529 
2968 1179 215 775 391 
2969 1159 1300 1172 264 
2970 1301 766 1283 191 
2971 1190 855 1061 967 
2972 1139 1140 1266 1141 
2973 1183 908 906 903 
2974 476 1183 520 1313 
2975 1011 1204 1085 793 
2976 1319 766 1043 200 
2977 1122 972 879 830 
2978 1191 857 946 858 
2979 1043 1096 1243 1227 
2980 1212 626 1158 1144 
2981 1243 1270 1261 193 
2982 1102 573 1123 262 
2983 1124 1288 1287 1125 
2984 1275 1127 623 622 
2985 1313 475 522 520 
2986 1068 922 914 913 
2987 164 746 545 444 
2988 1225 402 540 430 
2989 1198 734 1059 732 
2990 1096 202 771 203 
2991 984 765 198 764 
2992 1195 635 1040 805 
2993 1134 410 915 819 
2994 1224 906 1000 1263 
2995 1241 1064 1135 1042 
2996 1151 560 570 508 
2997 1052 603 691 720 
2998 424 544 568 165 
2999 1037 418 249 214 
3000 1089 797 977 814 
3001 1118 1303 660 659 
3002 1037 250 252 251 
3003 791 1088 1280 1285 
3004 1243 975 974 828 
3005 1115 528 833 545 
3006 1089 937 971 814 
3007 1316 755 182 183 
3008 1160 261 1070 575 
3009 487 1044 1037 511 
3010 708 1195 635 1040 
3011 1220 837 1039 836 
3012 1044 468 1045 1152 
3013 579 664 56 351 
3014 1069 1056 1055 565 
3015 53 711 578 360 
3016 1014 534 816 901 
3017 717 218 55 358 
3018 1121 1122 481 416 
3019 1142 1315 1232 1323 
3020 1287 1138 1097 1266 
3021 1082 661 1142 1259 
3022 1194 1259 682 588 
3023 1121 877 936 416 
3024 1178 1177 1086 1088 
3025 506 1226 1204 1085 
3026 1314 693 1022 598 
3027 928 729 155 812 
3028 63 332 62 670 
3029 1253 312 285 224 
3030 1308 295 580 224 
3031 1147 1182 1050 476 
3032 1116 489 407 336 
3033 1236 1087 1307 1050 
3034 1115 746 444 545 
3035 997 247 363 393 
3036 81 736 363 745 
3037 1033 1162 739 690 
3038 1139 1266 1137 1141 
3039 1115 940 928 833 
3040 154 737 153 950 
3041 1114 620 619 586 
3042 1195 945 805 894 
3043 1069 569 561 558 
3044 1041 1023 1128 477 
3045 1220 1039 1221 492 
3046 1118 660 661 659 
3047 1222 1036 511 526 
3048 26 487 398 294 
3049 1294 501 521 460 
3050 1242 521 419 463 
3051 1180 1249 1046 1302 
3052 1120 663 590 655 
3053 1189 1245 257 258 
3054 1194 1232 629 682 
3055 1194 1259 588 876 
3056 423 18 17 246 
3057 513 747 1007 547 
3058 523 492 1211 507 
3059 96 95 835 491 
3060 1306 69 364 679 
3061 1142 1252 1219 1315 
3062 1170 1294 1256 1304 
3063 1254 1308 282 295 
3064 300 993 1217 1235 
3065 1013 552 564 571 
3066 1207 400 464 459 
3067 1082 1259 1142 1251 
3068 1244 258 355 281 
3069 1207 900 1081 981 
3070 1316 1233 1157 1158 
3071 1243 1261 846 975 
3072 1286 183 1280 182 
3073 953 1092 1113 1084 
3074 1212 1144 1158 190 
3075 1147 476 1050 478 
3076 1265 696 1095 654 
3077 1308 295 1095 580 
3078 1220 396 503 488 
3079 1279 1315 1232 1219 
3080 1256 1242 223 463 
3081 511 1222 1044 1036 
3082 1079 941 949 823 
3083 249 24 493 248 
3084 800 1218 961 969 
3085 1048 185 1089 970 
3086 1032 444 445 528 
3087 1126 1199 1114 854 
3088 1066 991 1234 1228 
3089 1013 552 559 564 
3090 1131 1129 1053 1054 
3091 1198 733 734 732 
3092 176 12 748 723 
3093 1138 1266 1139 1140 
3094 997 615 721 745 
3095 1180 1306 378 281 
3096 1324 1238 1298 1226 
3097 1036 1037 249 250 
3098 214 487 418 25 
3099 1145 331 310 308 
3100 1145 1176 1197 1074 
3101 1146 1145 1267 1075 
3102 1151 887 934 886 
3103 987 1319 984 1017 
3104 1154 1161 1144 188 
3105 1097 202 780 201 
3106 1066 958 916 898 
3107 1199 851 1114 854 
3108 1123 573 724 627 
3109 1016 1009 266 268 
3110 1016 265 1018 270 
3111 1123 262 627 259 
3112 176 748 690 723 
3113 1240 427 428 429 
3114 1131 634 1150 591 
3115 1216 347 544 514 
3116 1148 371 1241 327 
3117 1173 1024 1041 1023 
3118 675 221 334 1077 
3119 1003 343 1314 344 
3120 1184 1185 1035 1315 
3121 1325 1104 647 649 
3122 1030 510 490 525 
3123 1287 1139 1138 1266 
3124 1062 455 470 533 
3125 1191 857 1137 946 
3126 1162 615 727 584 
3127 419 471 216 28 
3128 419 216 313 28 
3129 1245 294 257 216 
3130 1143 1207 1246 1210 
3131 1167 918 955 893 
3132 484 111 915 410 
3133 112 113 412 818 
3134 599 171 603 562 
3135 1269 436 434 437 
3136 1214 550 927 827 
3137 115 116 402 901 
3138 1121 982 1122 936 
3139 1027 977 831 973 
3140 1298 1226 1238 493 
3141 1276 766 1319 199 
3142 1066 1326 1067 1228 
3143 1038 308 985 306 
3144 1118 815 951 662 
3145 144 628 826 145 
3146 1250 1259 956 884 
3147 628 145 587 976 
3148 736 82 225 730 
3149 997 745 736 740 
3150 1272 1266 779 778 
3151 1066 1234 1326 1228 
3152 1162 740 727 615 
3153 1084 756 192 755 
3154 1097 780 779 201 
3155 1013 1217 1015 993 
3156 44 441 229 314 
3157 1200 229 1235 415 
3158 1124 1126 1199 1127 
3159 1172 716 681 600 
3160 1258 1146 1267 433 
3161 1028 1255 1116 1030 
3162 1108 1264 594 651 
3163 1242 463 313 223 
3164 1242 419 313 463 
3165 1002 316 1021 319 
3166 30 29 463 223 
3167 813 159 784 15 
3168 1066 1234 991 1326 
3169 296 1299 267 264 
3170 999 213 761 382 
3171 1060 1032 1007 1008 
3172 1062 874 1058 421 
3173 271 1278 391 1179 
3174 1162 997 615 616 
3175 1305 1196 1201 1202 
3176 1150 1052 947 832 
3177 1151 1214 887 886 
3178 1052 553 554 562 
3179 691 591 947 124 
3180 1073 1174 708 614 
3181 1167 917 918 944 
3182 1151 557 1214 886 
3183 982 16 831 798 
3184 157 961 760 829 
3185 1092 848 961 953 
3186 1027 831 977 798 
3187 1220 488 1222 1260 
3188 1142 682 1194 1259 
3189 1012 757 1156 1160 
3190 994 1311 1112 1229 
3191 1260 465 466 468 
3192 1064 482 1042 404 
3193 995 865 981 966 
3194 1318 1104 1132 1105 
3195 1026 337 1317 1253 
3196 1180 275 378 277 
3197 1180 1249 1257 1065 
3198 1058 528 874 833 
3199 1027 212 798 795 
3200 1062 1058 874 967 
3201 1292 209 1272 1293 
3202 579 56 218 351 
3203 1064 328 231 527 
3204 1038 368 1130 230 
3205 1256 394 379 223 
3206 1290 1219 1233 1113 
3207 1039 835 836 860 
3208 1177 791 209 210 
3209 999 382 383 213 
3210 1298 493 1238 418 
3211 1002 1128 403 473 
3212 1183 1182 476 520 
3213 1078 642 641 644 
3214 1182 516 509 479 
3215 1293 454 548 529 
3216 1027 95 835 877 
3217 1190 1199 1061 852 
3218 1259 942 1118 815 
3219 1270 755 192 191 
3220 1092 848 146 847 
3221 341 730 225 83 
3222 1099 738 408 444 
3223 1107 811 869 872 
3224 1107 882 866 869 
3225 1305 1234 1269 1197 
3226 1182 516 411 486 
3227 1203 1201 1273 1148 
3228 1133 1213 1164 1168 
3229 1077 221 334 343 
3230 1003 1314 1063 1024 
3231 1021 318 319 316 
3232 1076 1262 1109 873 
3233 1203 1175 666 667 
3234 1064 231 328 329 
3235 1168 955 892 893 
3236 1182 476 516 479 
3237 991 484 438 412 
3238 1064 404 527 542 
3239 443 1064 439 442 
3240 1132 282 1308 224 
3241 882 590 139 678 
3242 392 295 67 580 
3243 1095 580 673 696 
3244 1242 313 394 223 
3245 1056 1052 562 603 
3246 634 804 125 126 
3247 993 563 240 549 
3248 1014 901 816 948 
3249 1269 437 542 436 
3250 1014 427 426 428 
3251 1305 1326 1202 1201 
3252 1069 340 569 558 
3253 120 827 557 886 
3254 934 117 422 118 
3255 419 29 313 463 
3256 1256 1242 394 223 
3257 1046 1065 656 655 
3258 1170 276 1180 277 
3259 1196 370 219 351 
3260 1203 1196 1148 1022 
3261 1208 809 919 596 
3262 1072 1133 1215 1075 
3263 56 351 664 57 
3264 383 5 799 177 
3265 1327 1036 1298 1238 
3266 849 585 148 846 
3267 1086 1088 1298 1178 
3268 1142 1231 1098 701 
3269 1044 398 1037 294 
3270 1259 661 588 662 
3271 1180 378 275 281 
3272 1044 1245 1045 398 
3273 1297 856 926 940 
3274 1218 953 961 969 
3275 1007 423 1010 448 
3276 1092 959 960 829 
3277 1216 347 375 544 
3278 1069 722 245 601 
3279 1255 282 280 1254 
3280 1282 283 1255 285 
3281 1325 1308 1132 1104 
3282 1229 590 1120 979 
3283 1003 323 319 343 
3284 996 923 462 413 
3285 1016 265 270 268 
3286 1309 243 385 785 
3287 383 5 227 799 
3288 671 1098 389 574 
3289 1098 1230 369 289 
3290 1158 754 191 190 
3291 1168 893 891 894 
3292 127 805 128 635 
3293 1149 891 1150 804 
3294 1170 280 1256 278 
3295 1169 1207 1153 459 
3296 1116 1295 1294 524 
3297 1213 430 431 429 
3298 1136 1091 933 920 
3299 1268 1091 911 932 
3300 986 217 1083 304 
3301 1128 1147 1051 474 
3302 1051 315 235 316 
3303 1179 772 775 387 
3304 1062 825 470 92 
3305 972 1141 1122 879 
3306 1325 687 705 650 
3307 675 220 334 60 
3308 1118 662 589 659 
3309 1306 281 364 234 
3310 1118 951 815 868 
3311 1223 1251 1303 1152 
3312 1250 956 1194 842 
3313 147 846 148 585 
3314 1216 300 299 347 
3315 1266 1141 1140 481 
3316 4 721 173 745 
3317 173 740 615 174 
3318 1069 1083 360 303 
3319 54 217 53 578 
3320 1269 527 1064 231 
3321 1163 993 300 302 
3322 1200 1130 314 441 
3323 1102 573 262 237 
3324 1102 237 1172 681 
3325 983 984 1159 1100 
3326 1070 260 575 261 
3327 1043 767 200 766 
3328 1238 273 254 250 
3329 1102 573 237 681 
3330 1033 834 1005 602 
3331 1007 446 423 448 
3332 1042 325 1206 326 
3333 1284 532 499 512 
3334 410 111 819 110 
3335 108 902 483 107 
3336 1000 906 905 903 
3337 1167 1228 991 944 
3338 330 530 230 1258 
3339 1088 1298 1178 1327 
3340 1123 388 387 272 
3341 1278 226 786 385 
3342 1210 862 861 863 
3343 27 294 398 216 
3344 1305 1228 1234 1197 
3345 26 487 214 25 
3346 1120 875 821 965 
3347 1250 1194 1142 1219 
3348 1049 478 1051 1050 
3349 675 1078 1314 1063 
3350 1278 391 1179 195 
3351 1300 1018 1016 265 
3352 1007 423 547 246 
3353 1318 1295 1030 1106 
3354 1049 1282 1028 1031 
3355 1107 811 678 882 
3356 993 566 563 549 
3357 1131 591 1150 1052 
3358 1056 605 599 685 
3359 1174 1136 1202 1228 
3360 1052 567 603 720 
3361 1053 1056 1069 605 
3362 1013 552 424 559 
3363 1198 1186 1059 1162 
3364 1032 445 421 528 
3365 560 168 570 508 
3366 424 568 559 165 
3367 1069 565 1055 558 
3368 1086 507 1211 529 
3369 1089 971 970 814 
3370 1121 1027 212 982 
3371 1027 937 977 973 
3372 546 962 118 10 
3373 1151 570 546 508 
3374 1243 773 1096 771 
3375 1266 1137 1141 1122 
3376 1019 640 688 693 
3377 1176 581 665 664 
3378 1305 1175 1196 1202 
3379 1067 1268 911 932 
3380 1150 889 890 891 
3381 1214 557 550 827 
3382 1014 934 887 816 
3383 1026 1209 337 1253 
3384 1232 1194 1113 1219 
3385 1305 1196 1175 1197 
3386 998 255 254 256 
3387 1225 901 817 402 
3388 1151 422 1014 426 
3389 1069 605 1056 685 
3390 1069 1055 993 558 
3391 1056 572 551 562 
3392 50 569 340 558 
3393 1216 544 424 514 
3394 1216 993 1013 564 
3395 1272 1121 481 529 
3396 1121 211 212 795 
3397 991 818 916 915 
3398 1165 1145 1269 1258 
3399 1225 428 1014 402 
3400 1176 309 370 351 
3401 992 818 917 944 
3402 1225 948 892 901 
3403 1093 914 911 913 
3404 133 134 636 808 
3405 1094 1294 461 460 
3406 1006 742 1059 734 
3407 547 377 17 1 
3408 547 246 17 377 
3409 1256 223 407 463 
3410 1305 1197 1165 1196 
3411 1170 1249 1180 276 
3412 1190 1141 1062 1139 
3413 1165 1197 1269 1145 
3414 1216 300 993 299 
3415 1165 1064 1241 329 
3416 544 2 568 165 
3417 1177 790 1178 789 
3418 1061 853 926 856 
3419 974 158 773 774 
3420 1092 960 1261 194 
3421 1148 1196 346 333 
3422 1093 1023 1268 1284 
3423 1305 1064 1234 1135 
3424 1174 1040 708 703 
3425 1072 611 612 610 
3426 980 748 12 723 
3427 602 834 712 151 
3428 1159 264 1172 237 
3429 1328 752 179 180 
3430 1120 868 1118 1119 
3431 1045 1242 1169 501 
3432 1137 813 972 784 
3433 1006 1162 743 750 
3434 119 120 557 886 
3435 546 962 934 118 
3436 119 570 962 886 
3437 1013 420 426 425 
3438 1006 730 736 225 
3439 64 222 63 583 
3440 1006 1020 1007 225 
3441 1033 980 834 723 
3442 1146 1130 1240 440 
3443 1131 1052 1054 1056 
3444 1150 890 804 891 
3445 1149 804 945 894 
3446 1069 303 245 301 
3447 1162 584 727 690 
3448 247 707 80 721 
3449 1141 1122 1137 972 
3450 1017 1100 1300 1288 
3451 1123 1117 1071 627 
3452 1055 554 1166 556 
3453 1216 568 563 559 
3454 1275 625 1144 1117 
3455 1114 712 1005 883 
3456 1001 931 1091 807 
3457 1025 1003 1004 1002 
3458 1040 896 805 938 
3459 218 986 717 1074 
3460 1042 232 328 404 
3461 1175 666 665 581 
3462 1002 233 1206 472 
3463 1273 1019 1022 1314 
3464 497 1310 1029 1030 
3465 928 746 156 731 
3466 9 545 164 746 
3467 1115 545 964 746 
3468 89 545 833 528 
3469 1055 572 556 565 
3470 1177 1086 1293 208 
3471 1177 1178 208 789 
3472 184 1286 183 1290 
3473 1277 452 988 450 
3474 1204 244 204 796 
3475 1292 1138 988 1140 
3476 1243 1261 1212 585 
3477 194 14 828 774 
3478 1243 846 1261 585 
3479 1192 1186 1057 1060 
3480 728 163 408 738 
3481 728 163 162 408 
3482 1229 1143 1120 1065 
3483 33 504 236 405 
3484 33 236 32 405 
3485 1094 1246 1294 460 
3486 954 104 496 823 
3487 1094 457 460 458 
3488 1120 1118 951 589 
3489 1062 470 421 533 
3490 1062 531 470 455 
3491 1154 1071 188 187 
3492 421 825 874 91 
3493 971 1281 860 1039 
3494 998 382 366 256 
3495 355 1230 1244 228 
3496 1306 69 576 234 
3497 1120 868 821 951 
3498 72 672 289 71 
3499 986 717 578 358 
3500 1090 1091 689 640 
3501 579 55 218 56 
3502 579 55 717 218 
3503 711 245 52 601 
3504 500 34 504 320 
3505 1305 1197 1174 1228 
3506 500 34 320 235 
3507 500 34 235 35 
3508 799 383 177 999 
3509 1207 464 1153 459 
3510 1235 347 1216 514 
3511 986 717 611 578 
3512 1028 1029 1282 1030 
3513 1000 1237 1208 1103 
3514 1111 409 498 912 
3515 908 1224 906 910 
3516 1000 919 1208 935 
3517 1011 794 799 796 
3518 1083 303 217 360 
3519 1056 561 551 565 
3520 1056 1052 572 562 
3521 1096 946 978 858 
3522 158 774 828 14 
3523 974 828 158 774 
3524 1301 191 1212 192 
3525 1007 547 747 377 
3526 1007 735 341 747 
3527 1006 997 736 743 
3528 1224 930 1001 1103 
3529 675 334 61 60 
3530 1121 1027 982 877 
3531 1118 589 657 659 
3532 1027 977 1089 797 
3533 1142 682 1259 661 
3534 1316 755 1290 1084 
3535 1027 835 973 877 
3536 396 97 488 801 
3537 1212 626 1270 1233 
3538 1086 523 507 548 
3539 1140 1272 1293 1292 
3540 1011 1238 1226 273 
3541 1007 353 287 246 
3542 1115 746 731 738 
3543 1044 398 1045 517 
3544 994 1107 869 870 
3545 26 294 214 487 
3546 1056 551 599 562 
3547 1108 1104 648 647 
3548 675 597 1078 692 
3549 496 486 823 105 
3550 1049 286 1317 352 
3551 1262 873 1080 939 
3552 1182 520 516 476 
3553 992 917 818 412 
3554 58 581 676 219 
3555 58 59 333 676 
3556 1168 1167 893 895 
3557 333 598 59 220 
3558 219 57 581 351 
3559 593 129 806 938 
3560 1040 898 1228 896 
3561 1234 992 991 438 
3562 1011 1085 1204 1226 
3563 16 212 830 787 
3564 1195 895 805 896 
3565 1130 431 435 440 
3566 634 125 947 591 
3567 1226 386 390 350 
3568 1223 1153 1119 861 
3569 1298 494 493 418 
3570 1286 791 183 182 
3571 1027 95 877 416 
3572 1180 276 1249 1245 
3573 1294 1249 1246 1247 
3574 462 456 102 810 
3575 1189 1302 1245 258 
3576 1039 837 1281 860 
3577 1165 329 371 311 
3578 1042 401 1206 325 
3579 1165 310 1145 357 
3580 1093 1068 914 913 
3581 1002 1051 315 403 
3582 1284 532 443 499 
3583 802 15 978 203 
3584 1250 1259 1194 956 
3585 1218 970 1048 1089 
3586 1072 1053 1129 1083 
3587 1074 664 579 351 
3588 1149 945 126 592 
3589 1014 422 934 816 
3590 1203 1273 1019 1022 
3591 1111 908 1183 902 
3592 1064 442 437 439 
3593 1111 409 483 522 
3594 1009 353 1020 339 
3595 493 24 23 248 
3596 1009 1007 1020 353 
3597 1212 626 1233 1158 
3598 1312 539 452 495 
3599 1101 622 1275 624 
3600 997 296 247 600 
3601 1006 734 743 744 
3602 1096 974 968 802 
3603 1123 388 1071 387 
3604 1171 621 618 620 
3605 1212 1158 1233 191 
3606 919 809 135 596 
3607 680 809 136 899 
3608 1325 1253 1236 1110 
3609 567 11 172 720 
3610 1155 609 608 610 
3611 1113 976 628 587 
3612 1261 847 633 147 
3613 1181 1158 1233 631 
3614 1198 750 1033 1162 
3615 1085 539 506 454 
3616 1272 453 1293 529 
3617 1211 1027 416 491 
3618 1177 208 1178 1086 
3619 1146 1267 433 432 
3620 1053 1056 605 604 
3621 1055 565 566 558 
3622 172 603 171 562 
3623 1052 963 832 927 
3624 1159 1018 1300 265 
3625 241 6 186 772 
3626 983 1179 1278 1018 
3627 1159 381 271 263 
3628 1098 369 239 289 
3629 1062 531 399 470 
3630 1290 756 755 183 
3631 1180 1257 277 288 
3632 1194 976 1113 952 
3633 1085 207 1293 1086 
3634 1328 1156 1012 752 
3635 722 376 3 569 
3636 551 599 170 685 
3637 561 169 685 170 
3638 1095 1047 392 288 
3639 1243 846 859 975 
3640 824 586 149 718 
3641 1147 1049 1050 1317 
3642 1093 1284 913 912 
3643 1040 806 933 957 
3644 1196 333 1022 676 
3645 992 430 540 485 
3646 1235 1216 424 514 
3647 1262 905 935 939 
3648 134 596 919 135 
3649 1000 905 1087 903 
3650 1043 202 1097 201 
3651 1114 850 1227 824 
3652 1243 1227 846 585 
3653 1051 476 1147 478 
3654 1253 686 705 224 
3655 1026 352 1317 337 
3656 1149 126 634 592 
3657 1195 895 1215 1133 
3658 1040 708 593 635 
3659 1225 428 402 429 
3660 1016 266 265 268 
3661 1059 742 1099 749 
3662 1126 1057 1186 1060 
3663 1099 513 446 408 
3664 513 408 728 162 
3665 1126 1288 1125 1060 
3666 1122 212 211 781 
3667 946 978 813 203 
3668 1007 246 341 353 
3669 1198 1033 750 733 
3670 1096 859 1227 850 
3671 1160 758 1070 374 
3672 1301 192 1243 768 
3673 1272 1122 1266 481 
3674 1092 194 1261 193 
3675 1154 1102 1117 1123 
3676 1309 204 785 783 
3677 1276 1100 1171 1101 
3678 970 762 1048 185 
3679 961 762 157 760 
3680 1290 1089 1048 184 
3681 1053 1055 1069 1056 
3682 1150 947 890 832 
3683 974 773 158 802 
3684 1084 1218 1113 953 
3685 1097 1266 1138 778 
3686 1227 623 586 718 
3687 1195 805 1040 896 
3688 1040 635 593 938 
3689 1151 962 570 886 
3690 1040 938 805 635 
3691 1055 1013 1015 993 
3692 149 148 849 718 
3693 1269 1197 1234 1267 
3694 157 760 14 829 
3695 996 923 954 871 
3696 1231 1035 1230 1189 
3697 1009 1007 353 287 
3698 244 88 8 796 
3699 1208 596 1103 642 
3700 1227 624 623 585 
3701 1096 771 773 203 
3702 1276 1100 1017 1288 
3703 1227 585 623 718 
3704 1009 1060 1020 1007 
3705 1312 1309 539 495 
3706 1121 212 1027 795 
3707 1252 1320 1290 1281 
3708 1012 757 758 178 
3709 1027 798 977 797 
3710 1121 1027 877 416 
3711 395 204 8 243 
3712 1204 1312 1309 539 
3713 971 1281 1039 1089 
3714 1204 290 1226 493 
3715 1045 1152 1169 1302 
3716 483 1313 522 520 
3717 1187 639 1078 641 
3718 1074 579 611 717 
3719 1176 1074 664 709 
3720 1074 218 579 717 
3721 986 308 1074 307 
3722 1213 1267 1146 432 
3723 1074 709 579 664 
3724 1173 326 1042 1206 
3725 1001 582 636 921 
3726 675 1078 1063 692 
3727 1187 1271 1263 1025 
3728 1025 1003 1002 1021 
3729 1021 1236 1147 1237 
3730 1193 616 716 600 
3731 777 1322 776 1312 
3732 1261 633 1270 710 
3733 22 349 292 495 
3734 1321 1277 988 450 
3735 1010 414 990 449 
3736 1010 535 287 19 
3737 179 1011 178 1012 
3738 1158 190 1144 189 
3739 1082 1244 577 699 
3740 1253 705 583 312 
3741 62 670 332 597 
3742 1256 407 519 463 
3743 1084 1218 953 961 
3744 960 14 194 829 
3745 194 829 14 760 
3746 1243 192 1270 193 
3747 1243 974 1096 773 
3748 1124 1227 1199 1096 
3749 1243 773 771 774 
3750 1261 194 960 828 
3751 1092 961 848 959 
3752 1062 878 825 92 
3753 1092 633 146 587 
3754 1220 1221 503 492 
3755 998 374 366 382 
3756 1232 631 632 704 
3757 1211 416 1121 529 
3758 1272 780 210 779 
3759 1226 390 244 796 
3760 1011 227 350 390 
3761 1064 1042 328 404 
3762 992 538 438 434 
3763 401 1041 1042 1206 
3764 1022 324 344 345 
3765 1164 1155 1129 1133 
3766 992 538 485 412 
3767 1269 1258 1145 1267 
3768 1076 949 941 873 
3769 1116 407 1256 336 
3770 1031 354 320 236 
3771 1229 864 875 965 
3772 1180 274 258 275 
3773 73 574 671 389 
3774 1328 1156 753 1157 
3775 960 1092 1261 847 
3776 1161 719 1071 1117 
3777 1183 822 903 904 
3778 1029 1318 1307 1282 
3779 1001 807 1091 677 
3780 1004 1128 1023 1025 
3781 1111 909 820 912 
3782 396 836 96 97 
3783 1220 503 396 492 
3784 1086 1088 1285 1298 
3785 999 293 273 384 
3786 1269 1145 1197 1267 
3787 1156 753 1158 752 
3788 1269 436 1258 1267 
3789 671 1098 1160 389 
3790 1055 554 1054 1166 
3791 947 691 1052 591 
3792 1214 886 557 827 
3793 550 120 121 827 
3794 1122 784 972 787 
3795 798 982 212 1027 
3796 982 830 16 212 
3797 414 238 541 20 
3798 1322 1312 1292 988 
3799 392 673 67 68 
3800 1047 576 68 234 
3801 1047 234 392 288 
3802 820 912 109 409 
3803 820 109 108 409 
3804 1273 1201 1268 1135 
3805 1223 1239 838 840 
3806 994 867 995 871 
3807 1046 658 656 698 
3808 58 581 219 57 
3809 50 376 569 3 
3810 72 73 239 574 
3811 72 239 672 574 
3812 1026 318 352 348 
3813 1208 935 919 809 
3814 1269 1267 1234 437 
3815 22 397 349 495 
3816 22 23 290 397 
3817 1264 1265 1247 1229 
3818 1248 1265 1247 1105 
3819 1254 282 279 295 
3820 1108 1107 1264 1104 
3821 498 410 819 110 
3822 498 819 912 110 
3823 498 912 109 110 
3824 1041 1284 532 443 
3825 1284 498 410 819 
3826 1176 1074 309 351 
3827 64 705 65 312 
3828 530 230 43 42 
3829 1269 1234 1064 437 
3830 530 42 406 330 
3831 1305 1135 1326 1201 
3832 1095 392 295 288 
3833 1095 696 673 697 
3834 1120 821 979 663 
3835 231 527 328 40 
3836 231 41 527 40 
3837 231 330 527 41 
3838 1312 1309 782 205 
3839 1277 1278 1309 385 
3840 143 144 588 876 
3841 143 142 815 662 
3842 364 70 679 69 
3843 1256 280 379 278 
3844 1306 679 1244 699 
3845 1241 328 1042 335 
3846 328 527 404 40 
3847 1234 437 1267 434 
3848 328 404 39 40 
3849 328 404 232 39 
3850 1066 991 897 916 
3851 1234 437 438 439 
3852 1234 437 434 438 
3853 233 325 401 37 
3854 233 401 472 37 
3855 527 1269 542 436 
3856 233 472 36 37 
3857 233 472 315 36 
3858 1262 899 1208 674 
3859 1265 1229 653 655 
3860 994 1264 1107 1106 
3861 1085 205 206 793 
3862 292 541 21 495 
3863 292 21 541 291 
3864 1165 311 310 329 
3865 426 1217 1240 1015 
3866 1027 797 1089 795 
3867 1092 829 194 760 
3868 1027 937 1089 977 
3869 1184 1034 255 252 
3870 1160 374 261 366 
3871 1328 753 752 180 
3872 66 65 686 224 
3873 66 686 580 224 
3874 1082 660 1118 1303 
3875 1316 1232 1157 1233 
3876 811 138 678 882 
3877 811 594 678 138 
3878 996 871 954 949 
3879 43 441 44 314 
3880 1230 672 228 289 
3881 1051 478 500 474 
3882 428 1225 1240 429 
3883 1067 914 1093 1068 
3884 462 923 102 103 
3885 462 103 413 923 
3886 546 508 570 168 
3887 546 168 570 10 
3888 727 174 175 584 
3889 1283 1144 1212 190 
3890 727 174 615 740 
3891 127 945 592 126 
3892 392 67 673 580 
3893 1079 996 496 823 
3894 1203 1202 1175 1136 
3895 93 92 878 399 
3896 93 399 878 879 
3897 1032 1115 444 528 
3898 1043 1097 200 201 
3899 1101 625 622 624 
3900 1008 1009 1060 1289 
3901 1059 732 734 749 
3902 928 156 155 731 
3903 1115 444 746 738 
3904 928 155 729 731 
3905 367 32 489 31 
3906 367 31 489 336 
3907 1028 236 367 362 
3908 1321 1016 987 1018 
3909 1093 1111 1284 912 
3910 706 1104 1325 649 
3911 1028 1255 1030 1282 
3912 1217 1200 300 1235 
3913 1308 696 706 580 
3914 1253 222 312 583 
3915 1029 525 1031 505 
3916 1062 1008 455 533 
3917 1161 188 1071 187 
3918 1217 1240 1015 1163 
3919 1177 1293 1086 529 
3920 1194 876 826 956 
3921 815 662 142 951 
3922 1044 515 398 517 
3923 1259 588 143 662 
3924 593 938 128 129 
3925 593 128 938 635 
3926 16 787 830 159 
3927 16 831 798 160 
3928 575 261 74 671 
3929 575 74 261 260 
3930 575 260 75 74 
3931 711 245 360 52 
3932 1217 1200 1240 1163 
3933 1056 599 551 685 
3934 245 601 51 52 
3935 722 245 601 51 
3936 1278 1018 271 359 
3937 1204 205 794 204 
3938 1273 324 1148 1173 
3939 1121 792 211 795 
3940 1039 837 860 836 
3941 131 920 595 130 
3942 1217 1200 1235 536 
3943 27 216 471 28 
3944 27 216 398 471 
3945 1114 883 824 150 
3946 1171 621 1193 618 
3947 1195 895 1133 894 
3948 1150 634 947 591 
3949 1140 452 453 451 
3950 1299 266 267 264 
3951 997 363 736 745 
3952 1209 1077 332 670 
3953 1078 1274 642 644 
3954 1165 1258 231 357 
3955 527 41 330 406 
3956 1269 434 1267 437 
3957 1145 308 1074 1075 
3958 1067 1326 1202 1228 
3959 1170 279 1254 280 
3960 1230 672 700 577 
3961 1184 1231 1323 1315 
3962 1221 1281 1239 1296 
3963 551 599 171 170 
3964 551 171 599 562 
3965 1073 1175 1174 614 
3966 133 921 582 132 
3967 133 636 582 921 
3968 1297 1061 926 856 
3969 1101 622 625 713 
3970 1283 1212 191 190 
3971 1162 750 727 743 
3972 1309 385 1278 785 
3973 454 1312 1085 539 
3974 22 290 349 397 
3975 1230 700 1244 577 
3976 1226 290 386 248 
3977 1215 1040 1228 896 
3978 1206 480 472 401 
3979 1002 1128 1051 403 
3980 1019 638 640 639 
3981 1022 676 333 598 
3982 157 13 762 800 
3983 961 762 800 157 
3984 1209 583 63 222 
3985 633 146 147 847 
3986 1261 710 1212 585 
3987 1270 630 626 710 
3988 786 7 226 195 
3989 786 87 226 7 
3990 1322 197 782 196 
3991 786 785 385 87 
3992 786 385 226 87 
3993 142 951 589 141 
3994 142 662 589 951 
3995 1183 822 1182 411 
3996 315 403 36 472 
3997 1269 437 1064 542 
3998 473 1002 1128 1206 
3999 1274 1209 1078 1237 
4000 242 85 763 6 
4001 1116 284 367 336 
4002 1080 1079 1182 907 
4003 1079 907 941 823 
4004 1044 511 515 469 
4005 1007 341 735 730 
4006 1171 1193 621 1172 
4007 1227 586 824 718 
4008 1010 414 449 448 
4009 1275 624 1212 1144 
4010 765 1154 189 764 
4011 1275 623 1127 1227 
4012 590 140 979 139 
4013 882 590 979 139 
4014 590 663 979 140 
4015 1151 570 557 886 
4016 1151 422 546 934 
4017 934 422 117 816 
4018 1092 848 1113 587 
4019 1261 147 585 846 
4020 1212 585 710 624 
4021 1301 767 766 191 
4022 46 375 544 2 
4023 137 136 899 674 
4024 1318 1110 1132 1104 
4025 482 232 404 39 
4026 482 232 39 38 
4027 1167 1228 1215 1133 
4028 1116 489 524 407 
4029 994 1112 866 1229 
4030 1118 657 1303 659 
4031 1244 1302 258 281 
4032 1250 842 1320 839 
4033 995 456 462 810 
4034 996 954 413 496 
4035 1253 705 686 650 
4036 672 577 228 71 
4037 672 228 289 71 
4038 72 289 672 239 
4039 1150 804 890 947 
4040 1150 947 1052 591 
4041 1131 714 1155 1149 
4042 1225 1014 948 901 
4043 54 717 55 358 
4044 54 578 717 358 
4045 344 1024 1273 1314 
4046 131 677 595 920 
4047 440 1217 1240 427 
4048 1306 679 699 698 
4049 1306 364 1244 679 
4050 576 69 68 234 
4051 1217 1163 1015 993 
4052 658 1082 1306 1303 
4053 1076 949 873 870 
4054 1054 1164 1015 1014 
4055 1083 578 711 360 
4056 1052 691 963 720 
4057 985 986 304 307 
4058 1072 612 1073 610 
4059 992 438 538 412 
4060 1195 1168 1149 894 
4061 1165 1145 311 1176 
4062 527 1269 436 1258 
4063 992 538 432 485 
4064 261 73 671 389 
4065 261 671 73 74 
4066 1159 271 265 263 
4067 1123 627 1071 259 
4068 1012 179 757 178 
4069 817 115 114 540 
4070 402 817 540 115 
4071 485 817 917 114 
4072 31 336 30 407 
4073 489 336 31 407 
4074 1220 837 836 801 
4075 1252 1239 1281 1296 
4076 1094 456 995 1081 
4077 1082 1231 1142 683 
4078 1052 832 888 927 
4079 1052 888 1214 927 
4080 1052 554 572 562 
4081 993 240 563 299 
4082 1133 1213 1129 1164 
4083 131 807 677 920 
4084 1203 1202 1148 1196 
4085 1091 920 595 677 
4086 595 806 130 920 
4087 1004 344 1024 324 
4088 747 341 377 84 
4089 341 84 735 83 
4090 1265 1065 1247 1229 
4091 1220 1281 1039 837 
4092 1249 1045 1245 1242 
4093 1223 840 845 942 
4094 541 21 20 291 
4095 1277 1278 385 298 
4096 541 291 20 238 
4097 1076 1106 1310 996 
4098 1306 364 69 234 
4099 1047 68 576 673 
4100 1306 69 679 576 
4101 1299 1171 1193 1288 
4102 619 1126 1114 1005 
4103 824 150 149 586 
4104 1010 414 535 19 
4105 1297 1058 1061 856 
4106 1196 581 676 666 
4107 1196 219 581 351 
4108 1076 949 870 871 
4109 1060 1032 1059 1007 
4110 1312 454 1293 452 
4111 1193 716 618 621 
4112 1321 298 356 270 
4113 984 1100 1102 1123 
4114 1158 684 1144 626 
4115 1099 741 513 728 
4116 53 578 217 360 
4117 1031 505 490 405 
4118 1108 899 811 872 
4119 678 882 138 139 
4120 994 1264 1106 1105 
4121 811 138 137 594 
4122 1096 802 978 203 
4123 1256 1255 284 280 
4124 30 407 336 223 
4125 980 153 748 950 
4126 980 12 152 723 
4127 980 152 834 723 
4128 374 761 213 382 
4129 998 758 1012 1160 
4130 242 374 761 85 
4131 758 761 763 242 
4132 290 493 23 248 
4133 1178 1324 1327 1298 
4134 1287 1288 1319 1289 
4135 498 409 109 912 
4136 1284 499 498 512 
4137 1104 1106 1109 1107 
4138 1248 1247 1265 1065 
4139 722 245 51 376 
4140 722 3 376 51 
4141 1070 242 763 186 
4142 1243 771 193 194 
4143 1161 671 575 684 
4144 1154 188 769 187 
4145 1283 191 766 190 
4146 1154 1179 770 769 
4147 1161 1070 758 187 
4148 1255 282 283 280 
4149 1204 349 1309 395 
4150 1044 468 1222 469 
4151 1328 753 1156 752 
4152 1089 937 1027 1039 
4153 1037 214 249 250 
4154 1322 1278 782 783 
4155 1011 1226 384 273 
4156 999 177 758 761 
4157 1070 372 242 373 
4158 1070 373 260 372 
4159 125 124 947 591 
4160 634 947 125 804 
4161 832 1205 1150 1052 
4162 287 423 246 18 
4163 1032 446 1099 1007 
4164 1059 1115 732 749 
4165 1012 758 177 178 
4166 1098 704 574 671 
4167 1204 1309 204 395 
4168 1199 1096 850 858 
4169 1177 1211 1121 529 
4170 1293 548 1086 529 
4171 1062 1140 1139 1141 
4172 1027 973 831 877 
4173 989 449 450 451 
4174 1104 706 1308 652 
4175 1246 1081 1112 1210 
4176 1116 1294 519 524 
4177 1321 1277 541 291 
4178 984 765 1154 1283 
4179 1123 272 262 259 
4180 1172 78 600 681 
4181 1088 791 1280 182 
4182 1204 244 395 204 
4183 1103 919 636 596 
4184 1049 354 286 352 
4185 1090 1202 1067 1326 
4186 1262 935 809 924 
4187 1182 1079 486 907 
4188 1128 1147 474 476 
4189 488 1222 466 503 
4190 1221 1039 1211 492 
4191 1142 1219 1252 1251 
4192 1153 881 1260 417 
4193 1321 414 541 450 
4194 1216 563 993 564 
4195 1217 425 427 536 
4196 93 481 399 879 
4197 98 801 488 97 
4198 1160 366 261 389 
4199 1034 1324 999 1238 
4200 1233 1181 631 1232 
4201 1298 506 1226 493 
4202 1161 1071 1070 187 
4203 1279 1252 1290 1281 
4204 722 685 561 169 
4205 50 569 376 340 
4206 1069 561 722 685 
4207 1070 374 242 372 
4208 1070 763 758 186 
4209 1158 753 190 189 
4210 1076 996 949 871 
4211 242 1070 763 758 
4212 242 763 186 6 
4213 1230 228 297 289 
4214 1328 181 1088 182 
4215 999 382 293 383 
4216 999 1011 799 227 
4217 1076 996 994 1106 
4218 1087 1236 1307 1274 
4219 227 390 799 88 
4220 227 799 5 88 
4221 1011 793 179 178 
4222 1277 291 292 541 
4223 1221 1285 1086 523 
4224 1011 350 1226 390 
4225 1309 205 204 783 
4226 1204 386 290 244 
4227 1085 205 1312 206 
4228 680 596 135 809 
4229 680 135 136 809 
4230 1270 630 1233 626 
4231 530 1258 435 1130 
4232 1235 229 300 347 
4233 179 1011 1012 1324 
4234 1204 1085 793 205 
4235 1290 1218 1048 1089 
4236 473 1002 1206 472 
4237 695 1274 694 1209 
4238 1103 642 636 637 
4239 1140 1272 1292 1266 
4240 506 1204 539 1085 
4241 987 198 777 776 
4242 1277 385 1309 292 
4243 1178 1177 1088 790 
4244 989 447 1008 449 
4245 1287 1097 1139 1266 
4246 1274 645 643 644 
4247 1224 1091 931 932 
4248 1079 496 509 486 
4249 1183 1182 822 904 
4250 1227 824 850 849 
4251 1212 710 626 624 
4252 1190 1062 1061 1139 
4253 1276 1017 1319 1288 
4254 1096 773 974 802 
4255 784 1122 1137 781 
4256 1089 977 937 814 
4257 977 160 814 797 
4258 977 160 798 831 
4259 1140 1272 481 453 
4260 1319 200 1097 1138 
4261 1062 531 1141 399 
4262 1154 1117 1283 1144 
4263 121 553 927 122 
4264 706 1104 1308 1325 
4265 1184 1323 1098 998 
4266 1011 793 1324 179 
4267 1078 1274 1237 642 
4268 1256 519 1242 463 
4269 1082 577 700 699 
4270 1220 1281 1221 1039 
4271 567 11 963 122 
4272 567 553 122 927 
4273 567 122 963 927 
4274 1168 955 1225 892 
4275 762 13 970 800 
4276 1274 642 1208 1237 
4277 762 185 970 13 
4278 1218 970 1089 880 
4279 1048 961 762 800 
4280 760 1084 1048 759 
4281 1094 995 1311 1081 
4282 881 803 99 417 
4283 1274 1237 1208 1087 
4284 1221 1296 1036 1298 
4285 799 88 390 796 
4286 5 85 761 213 
4287 1036 494 1298 418 
4288 494 1036 1298 526 
4289 1204 1226 386 244 
4290 1085 1312 207 206 
4291 1204 244 290 395 
4292 5 213 761 177 
4293 883 150 712 151 
4294 883 712 834 151 
4295 1096 968 859 850 
4296 821 140 663 141 
4297 821 663 951 141 
4298 821 140 979 663 
4299 1087 1236 1274 1237 
4300 1055 1166 1013 564 
4301 420 560 508 167 
4302 1151 1214 1014 887 
4303 1151 546 570 962 
4304 175 176 739 690 
4305 117 816 534 116 
4306 691 832 963 123 
4307 963 720 123 11 
4308 1262 924 872 873 
4309 1229 655 1120 590 
4310 1120 868 1119 862 
4311 1079 509 497 525 
4312 89 9 964 545 
4313 89 545 964 833 
4314 1051 474 1147 476 
4315 1274 1110 1236 1307 
4316 1076 1109 1310 1106 
4317 344 1024 324 1273 
4318 1111 483 820 902 
4319 1130 43 230 314 
4320 1148 1022 1196 333 
4321 1176 664 665 709 
4322 333 59 598 676 
4323 598 60 59 220 
4324 598 220 675 60 
4325 1033 690 748 723 
4326 1193 716 1172 600 
4327 1033 748 980 723 
4328 176 748 739 690 
4329 727 174 584 615 
4330 1069 605 685 601 
4331 1241 327 335 326 
4332 986 358 578 217 
4333 1187 1078 1063 1025 
4334 1089 970 971 880 
4335 1274 644 694 645 
4336 1274 1110 1208 646 
4337 1143 1247 1065 1229 
4338 239 574 73 389 
4339 1178 180 1324 788 
4340 1148 333 346 345 
4341 1146 1240 431 440 
4342 482 232 38 325 
4343 1034 1185 1296 1035 
4344 1013 420 424 552 
4345 424 552 166 559 
4346 424 420 166 552 
4347 424 559 166 165 
4348 1001 930 931 921 
4349 991 992 944 818 
4350 1091 677 595 689 
4351 1148 324 1022 345 
4352 146 145 848 587 
4353 1301 191 192 767 
4354 560 167 168 508 
4355 420 560 167 552 
4356 1090 702 668 689 
4357 1203 1022 1019 688 
4358 537 1064 482 1042 
4359 1155 1149 1168 1150 
4360 993 549 340 558 
4361 240 340 549 49 
4362 1278 271 391 359 
4363 1277 1312 452 495 
4364 1277 1309 1312 495 
4365 987 776 197 198 
4366 226 7 391 195 
4367 1320 860 837 841 
4368 1238 273 999 254 
4369 287 423 18 535 
4370 287 19 535 18 
4371 152 602 834 723 
4372 152 834 602 151 
4373 75 259 627 76 
4374 1033 834 980 950 
4375 1115 749 1099 738 
4376 1006 751 742 744 
4377 1034 1037 250 252 
4378 1041 1023 477 512 
4379 363 736 82 225 
4380 4 721 393 80 
4381 1084 961 1092 760 
4382 1212 191 1270 192 
4383 1243 193 1261 194 
4384 760 1084 961 1048 
4385 133 636 921 808 
4386 1213 1075 1267 1133 
4387 1041 1284 1023 512 
4388 1173 326 1206 324 
4389 434 1234 992 1267 
4390 1041 537 1042 1135 
4391 1027 491 835 95 
4392 1089 970 185 814 
4393 970 762 800 1048 
4394 1039 937 1027 835 
4395 977 797 798 160 
4396 7 215 775 86 
4397 7 775 215 391 
4398 822 106 411 107 
4399 822 907 411 106 
4400 991 818 484 412 
4401 1093 1284 1068 913 
4402 1134 915 991 819 
4403 992 817 917 485 
4404 992 540 1225 817 
4405 66 580 67 295 
4406 1159 1100 984 1123 
4407 854 1061 1126 1199 
4408 1078 1077 1003 1237 
4409 600 247 707 79 
4410 247 79 80 707 
4411 1162 615 584 616 
4412 1162 727 740 743 
4413 803 99 464 100 
4414 803 464 99 417 
4415 1153 464 803 417 
4416 1078 597 1077 695 
4417 636 134 919 808 
4418 636 919 134 596 
4419 1187 1237 1000 1103 
4420 1108 1107 1109 872 
4421 1170 1257 1248 1304 
4422 997 615 707 721 
4423 1277 452 450 495 
4424 997 707 247 721 
4425 1139 1289 1008 1125 
4426 1299 1020 1009 1060 
4427 1006 1020 225 338 
4428 997 247 338 363 
4429 992 430 485 432 
4430 1176 370 1196 351 
4431 1091 677 689 638 
4432 1322 987 776 197 
4433 1322 782 1309 783 
4434 1312 782 206 205 
4435 390 88 244 796 
4436 999 383 293 384 
4437 1044 1037 398 487 
4438 421 91 874 90 
4439 421 90 874 528 
4440 1216 559 1013 424 
4441 1200 229 415 441 
4442 1130 441 530 43 
4443 1066 1326 1068 1067 
4444 1037 487 214 294 
4445 1250 842 839 884 
4446 998 758 374 761 
4447 1082 683 1142 661 
4448 1223 1291 1153 1260 
4449 1073 708 1174 1215 
4450 1213 1075 1146 1267 
4451 167 552 166 420 
4452 1229 590 979 882 
4453 1078 1063 1003 1077 
4454 287 1009 1010 380 
4455 1272 779 209 778 
4456 1177 209 1272 210 
4457 997 721 247 393 
4458 1115 732 749 738 
4459 27 294 26 398 
4460 1188 1019 638 1091 
4461 1165 1197 1145 1176 
4462 58 676 333 219 
4463 413 104 954 103 
4464 413 103 954 923 
4465 413 496 954 104 
4466 1128 403 473 474 
4467 1122 784 787 781 
4468 1272 210 780 211 
4469 1281 880 1089 971 
4470 1238 249 1226 273 
4471 970 13 185 814 
4472 1072 611 986 1074 
4473 1069 711 1083 607 
4474 1239 838 837 801 
4475 1244 228 364 281 
4476 981 995 810 1081 
4477 1111 820 908 902 
4478 1183 411 483 822 
4479 114 917 485 113 
4480 1204 204 794 796 
4481 290 493 397 23 
4482 1186 617 1005 619 
4483 1140 481 531 453 
4484 1006 743 734 750 
4485 1192 997 1006 1162 
4486 1299 267 997 296 
4487 1005 712 602 834 
4488 1007 735 751 730 
4489 1006 751 1007 742 
4490 1241 328 335 329 
4491 1165 1201 1148 1241 
4492 1064 404 328 527 
4493 1209 1077 670 695 
4494 62 332 221 597 
4495 221 597 675 61 
4496 221 675 334 61 
4497 1078 644 641 695 
4498 1224 931 911 932 
4499 1078 641 692 695 
4500 1161 757 188 187 
4501 1009 339 266 269 
4502 1043 768 1096 202 
4503 78 79 296 600 
4504 1009 353 339 269 
4505 1218 800 1048 970 
4506 1261 847 147 846 
4507 81 363 393 745 
4508 1196 219 333 676 
4509 1078 1077 1209 695 
4510 1131 609 634 715 
4511 1136 933 806 920 
4512 1028 284 1255 283 
4513 1049 504 1031 320 
4514 1264 1265 653 651 
4515 1078 1237 1209 1077 
4516 1029 509 1079 525 
4517 996 949 954 823 
4518 1120 965 868 862 
4519 470 92 825 91 
4520 1322 1309 1278 783 
4521 161 747 547 1 
4522 411 106 907 486 
4523 1183 520 483 411 
4524 1182 516 486 509 
4525 820 483 108 902 
4526 972 784 813 159 
4527 1137 813 784 203 
4528 1097 780 1266 779 
4529 1004 1206 1024 1023 
4530 1233 626 630 631 
4531 1084 192 1270 755 
4532 1270 1233 755 191 
4533 1006 997 363 736 
4534 1216 375 47 568 
4535 1305 1174 1175 1202 
4536 1195 613 1155 1215 
4537 1143 1302 1249 1169 
4538 48 240 549 49 
4539 1069 301 302 303 
4540 48 240 563 549 
4541 747 84 377 1 
4542 747 377 547 1 
4543 161 547 747 513 
4544 747 341 84 735 
4545 937 1039 971 860 
4546 1092 146 848 587 
4547 1047 378 1306 234 
4548 1294 1116 1304 1295 
4549 1180 276 274 275 
4550 1122 936 481 416 
4551 42 406 330 41 
4552 1053 1069 607 605 
4553 948 1225 892 1164 
4554 1216 564 1013 559 
4555 4 81 393 745 
4556 4 393 721 745 
4557 298 1321 291 1277 
4558 1299 1100 1171 1288 
4559 1187 1078 1237 642 
4560 1067 1091 1268 932 
4561 994 996 1311 1106 
4562 1076 872 1107 870 
4563 1080 1182 1183 904 
4564 600 247 79 296 
4565 1172 600 78 296 
4566 1011 1012 1324 999 
4567 1117 627 724 719 
4568 1159 265 264 263 
4569 1210 1229 1120 965 
4570 1229 979 875 882 
4571 1210 1207 1081 863 
4572 1077 332 342 348 
4573 1078 1003 1025 1237 
4574 1251 1035 1189 1291 
4575 1207 457 1081 400 
4576 1250 1252 1251 1239 
4577 1230 253 1035 252 
4578 102 456 101 810 
4579 1041 537 1135 443 
4580 677 921 807 132 
4581 1064 443 537 442 
4582 1173 1041 1268 1023 
4583 714 1195 725 613 
4584 1067 914 911 1093 
4585 805 938 128 635 
4586 1136 1091 1067 933 
4587 1131 1149 1155 1150 
4588 1218 952 1219 1113 
4589 1242 519 521 463 
4590 803 464 400 100 
4591 249 24 25 418 
4592 249 214 418 25 
4593 1012 1156 757 752 
4594 1154 1144 1283 189 
4595 423 17 547 246 
4596 1172 78 681 237 
4597 1007 547 423 513 
4598 482 38 401 325 
4599 1042 482 401 325 
4600 1082 661 1259 1118 
4601 1246 457 1207 459 
4602 1242 518 521 501 
4603 1248 1105 1254 1308 
4604 1223 1291 1251 1152 
4605 775 387 772 86 
4606 775 215 387 86 
4607 1225 1014 901 402 
4608 485 817 114 540 
4609 75 1071 575 627 
4610 627 259 262 76 
4611 627 262 573 76 
4612 204 243 785 8 
4613 1309 1278 783 785 
4614 1322 987 983 1018 
4615 204 244 8 796 
4616 395 8 204 244 
4617 1195 1040 1215 896 
4618 1014 402 534 901 
4619 1054 1205 1014 1214 
4620 1305 1202 1326 1228 
4621 826 145 628 976 
4622 1218 952 1113 953 
4623 1156 1158 1181 1161 
4624 1321 414 1010 238 
4625 1140 531 451 453 
4626 1292 778 1138 1266 
4627 513 728 741 162 
4628 415 45 44 229 
4629 415 45 229 514 
4630 415 229 44 441 
4631 1180 275 258 281 
4632 1120 1118 589 657 
4633 1229 655 590 653 
4634 722 169 561 569 
4635 50 340 49 558 
4636 1216 299 993 563 
4637 1056 1052 603 604 
4638 1131 1155 714 609 
4639 1165 1196 311 371 
4640 1146 435 1130 431 
4641 1069 993 1163 302 
4642 218 986 358 717 
4643 1069 1163 1083 302 
4644 131 677 807 132 
4645 1040 703 593 708 
4646 1093 913 909 912 
4647 47 568 375 2 
4648 1030 996 1295 502 
4649 1128 480 477 473 
4650 1049 1031 1029 1282 
4651 1170 280 1254 1256 
4652 874 528 90 833 
4653 1032 1058 421 533 
4654 1235 424 1013 425 
4655 375 544 2 568 
4656 1083 1072 985 1129 
4657 1258 1130 1146 435 
4658 46 544 375 347 
4659 456 900 101 810 
4660 456 101 900 400 
4661 1007 287 1010 423 
4662 1059 734 742 749 
4663 1007 246 547 377 
4664 1321 1277 987 988 
4665 989 531 1062 455 
4666 1297 1115 1057 1058 
4667 1299 1172 1300 264 
4668 1171 1102 1101 1100 
4669 1211 1086 1285 523 
4670 1017 1300 1060 1288 
4671 1218 1084 1290 1048 
4672 1113 630 1270 587 
4673 1045 1169 467 501 
4674 1206 325 233 322 
4675 104 105 496 823 
4676 1069 376 245 722 
4677 1262 1208 1000 1087 
4678 745 615 173 740 
4679 1190 1141 885 943 
4680 1096 946 1137 203 
4681 1096 771 202 768 
4682 1122 787 972 830 
4683 1301 767 1043 766 
4684 1122 481 936 879 
4685 1227 859 849 850 
4686 1005 925 854 834 
4687 1089 797 185 795 
4688 1078 1025 1003 1063 
4689 184 1290 183 756 
4690 1112 981 865 863 
4691 1203 1136 1175 667 
4692 1047 68 392 234 
4693 705 224 65 312 
4694 64 222 583 312 
4695 1040 806 593 669 
4696 991 1228 897 944 
4697 1155 714 610 613 
4698 1314 693 598 675 
4699 381 1123 387 272 
4700 241 6 772 86 
4701 241 772 387 86 
4702 262 77 237 573 
4703 262 573 76 77 
4704 1154 188 1144 189 
4705 1007 751 741 742 
4706 476 1313 1128 1147 
4707 1000 1025 1087 1237 
4708 1087 1050 1147 1182 
4709 1234 1064 437 439 
4710 1004 1314 1024 344 
4711 1175 1136 1174 726 
4712 1167 1213 1168 1225 
4713 546 934 422 118 
4714 426 1217 1013 425 
4715 546 570 962 10 
4716 1166 1151 560 555 
4717 117 816 422 534 
4718 1013 552 560 420 
4719 1053 605 606 604 
4720 242 1070 758 374 
4721 1070 260 373 259 
4722 187 1154 770 769 
4723 663 589 951 141 
4724 1223 845 1118 942 
4725 1246 501 457 459 
4726 156 964 9 746 
4727 928 964 156 746 
4728 1187 1000 1237 1025 
4729 1031 505 405 504 
4730 1282 283 285 286 
4731 773 15 802 203 
4732 1096 802 968 978 
4733 1009 1017 1300 1060 
4734 1243 974 773 774 
4735 1177 792 1286 791 
4736 1219 1316 1233 1232 
4737 1274 1237 1236 1209 
4738 992 540 817 485 
4739 1263 1001 1224 1188 
4740 1328 1012 1324 179 
4741 1182 411 822 907 
4742 907 823 486 105 
4743 907 486 106 105 
4744 1182 486 1079 509 
4745 1080 1050 1307 1087 
4746 1308 1325 1132 1253 
4747 1253 686 706 650 
4748 996 954 496 823 
4749 130 806 669 129 
4750 595 669 130 806 
4751 476 1313 475 1128 
4752 1136 595 1091 920 
4753 1328 753 1316 1157 
4754 1308 706 686 580 
4755 1210 864 1229 965 
4756 1295 510 502 461 
4757 1094 1294 1246 1247 
4758 900 100 400 101 
4759 1264 590 678 653 
4760 1255 283 284 280 
4761 1132 282 1254 1308 
4762 994 1112 995 867 
4763 1153 803 844 881 
4764 119 962 570 10 
4765 1187 637 639 641 
4766 1160 372 1070 261 
4767 1098 1160 998 1323 
4768 1320 860 1281 837 
4769 1185 1238 1327 1324 
4770 1214 927 888 827 
4771 1131 1205 1054 1052 
4772 1052 963 691 832 
4773 1052 567 963 927 
4774 550 557 120 827 
4775 1053 1163 1054 1129 
4776 1054 1014 1205 1164 
4777 1282 1253 1317 286 
4778 1103 636 919 808 
4779 1271 1024 1188 1173 
4780 1271 1024 1173 1023 
4781 1271 1268 1188 1263 
4782 1004 1314 1003 1024 
4783 1077 597 332 670 
4784 89 833 90 528 
4785 1243 828 974 774 
4786 1277 292 1309 495 
4787 1261 1270 1212 710 
4788 1227 824 849 718 
4789 1096 968 850 858 
4790 1243 192 193 768 
4791 1205 889 887 888 
4792 1217 425 1235 1013 
4793 1083 304 303 302 
4794 1014 428 426 422 
4795 1041 537 480 401 
4796 1262 872 1109 873 
4797 1187 638 1019 639 
4798 1241 1064 328 329 
4799 1111 908 909 910 
4800 1208 919 1103 596 
4801 1308 224 282 295 
4802 1264 1229 590 653 
4803 1028 283 1282 286 
4804 1253 583 705 687 
4805 638 1188 1001 1187 
4806 1026 337 1209 348 
4807 1116 367 489 336 
4808 1028 1031 490 405 
4809 70 228 577 71 
4810 1234 438 1134 439 
4811 484 818 112 412 
4812 1234 1134 1135 439 
4813 484 818 915 112 
4814 1098 700 1230 672 
4815 1252 1296 1251 1291 
4816 1160 261 575 671 
4817 1250 1320 1252 1239 
4818 1041 532 1284 512 
4819 992 485 917 412 
4820 1091 689 640 638 
4821 1206 322 326 325 
4822 1078 1314 1077 675 
4823 1203 1136 1090 1202 
4824 1026 318 317 352 
4825 1078 639 1063 692 
4826 1113 628 629 587 
4827 1113 848 976 587 
4828 848 145 976 587 
4829 1235 300 1216 347 
4830 1258 527 231 330 
4831 1166 1014 1151 1214 
4832 1200 1240 1130 440 
4833 568 424 1216 544 
4834 1328 1316 753 181 
4835 1238 249 273 250 
4836 1046 1119 1118 1303 
4837 1230 253 297 355 
4838 1306 698 699 658 
4839 1220 1222 1239 1260 
4840 1051 500 315 403 
4841 1091 920 677 807 
4842 1111 1284 498 512 
4843 315 403 500 35 
4844 1086 548 507 529 
4845 1327 1298 1036 1296 
4846 1211 416 507 491 
4847 1089 1039 1027 1286 
4848 1079 949 996 823 
4849 1274 1262 1087 1208 
4850 1209 670 694 695 
4851 1309 395 349 243 
4852 1102 724 1123 573 
4853 989 1008 1062 1139 
4854 1226 244 390 386 
4855 1298 1086 1085 506 
4856 1078 639 692 641 
4857 1072 1215 1073 1075 
4858 1022 220 333 345 
4859 1167 1225 1168 955 
4860 1063 1019 693 639 
4861 708 1195 1040 1215 
4862 1317 286 1253 337 
4863 1209 1274 694 687 
4864 1254 1255 1105 1304 
4865 1011 799 390 796 
4866 1122 982 830 936 
4867 1122 830 982 212 
4868 1243 1212 1261 1270 
4869 1227 846 585 849 
4870 1062 421 1058 533 
4871 1127 619 620 618 
4872 1005 854 883 834 
4873 1171 1102 1172 621 
4874 1224 911 931 910 
4875 1205 1164 1014 948 
4876 986 217 304 307 
4877 1225 402 817 540 
4878 1267 1075 1228 1133 
4879 1200 368 305 314 
4880 1146 435 431 433 
4881 302 1200 300 1163 
4882 987 1138 1292 777 
4883 1324 1298 1085 1226 
4884 1312 776 206 782 
4885 1199 1191 1096 858 
4886 1099 741 1007 513 
4887 1070 242 186 373 
4888 1140 481 1141 531 
4889 1016 1010 1009 380 
4890 64 583 705 312 
4891 1159 1172 1300 1100 
4892 296 1299 264 1172 
4893 997 707 616 600 
4894 1102 713 724 573 
4895 1111 498 1284 912 
4896 1094 502 996 462 
4897 1029 1282 1307 1317 
4898 1092 961 829 760 
4899 1191 858 852 857 
4900 1171 620 1127 622 
4901 1137 885 972 813 
4902 1117 719 724 625 
4903 1117 625 724 713 
4904 1070 260 261 372 
4905 1187 1237 1103 642 
4906 388 1123 259 272 
4907 1071 627 1117 719 
4908 1071 388 259 373 
4909 1279 1185 1328 1157 
4910 1070 575 75 1071 
4911 1070 1071 186 187 
4912 758 998 1012 999 
4913 1161 575 719 684 
4914 1181 671 1161 684 
4915 1223 1303 1251 1118 
4916 1161 757 752 188 
4917 1161 188 752 189 
4918 1160 757 1161 758 
4919 1158 684 626 631 
4920 1207 459 457 400 
4921 1144 1161 189 188 
4922 1224 1263 1188 1268 
4923 1283 1117 1101 1275 
4924 1123 1071 1179 387 
4925 1275 623 1227 624 
4926 1144 626 625 624 
4927 1144 719 1161 1117 
4928 1158 752 753 189 
4929 1158 754 190 753 
4930 799 383 999 227 
4931 1181 1323 1232 1157 
4932 1098 239 369 365 
4933 1158 1161 1144 684 
4934 1158 1144 1161 189 
4935 1233 191 1158 754 
4936 1233 191 754 755 
4937 1012 177 999 178 
4938 1279 1157 1232 1315 
4939 1270 710 633 630 
4940 1212 1233 1270 191 
4941 1084 1048 1218 961 
4942 1301 1043 1227 1275 
4943 1243 774 194 828 
4944 1102 713 573 681 
4945 1299 1288 1193 1060 
4946 1301 1243 1043 768 
4947 1007 287 423 246 
4948 1084 759 193 756 
4949 1261 975 960 846 
4950 1286 1280 791 182 
4951 1092 1113 848 953 
4952 960 1092 847 959 
4953 1261 960 847 846 
4954 1250 840 1223 942 
4955 1194 682 628 588 
4956 1232 631 1233 629 
4957 1084 193 194 1092 
4958 1113 976 848 953 
4959 1323 1098 1232 1142 
4960 1218 800 970 969 
4961 1113 953 952 976 
4962 1005 602 619 617 
4963 928 731 729 1198 
4964 1193 619 618 617 
4965 1162 690 727 739 
4966 1033 925 1005 834 
4967 1162 997 740 615 
4968 1006 736 730 744 
4969 997 616 707 615 
4970 1154 1276 1117 1101 
4971 1006 730 1007 751 
4972 1032 1058 1008 1060 
4973 1162 616 584 617 
4974 1171 1102 621 713 
4975 619 1193 1127 1126 
4976 1033 1162 750 739 
4977 1033 950 925 834 
4978 1297 940 1115 1058 
4979 1297 940 812 928 
4980 1033 748 737 950 
4981 1198 732 1115 731 
4982 1033 739 737 748 
4983 1033 739 733 737 
4984 271 1278 1179 1018 
4985 1243 828 1261 975 
4986 987 990 1017 1016 
4987 1190 943 885 857 
4988 1299 1192 1020 1060 
4989 1275 622 623 624 
4990 1127 623 622 620 
4991 1114 824 1227 586 
4992 1198 812 729 928 
4993 1006 730 751 744 
4994 1114 712 883 150 
4995 1127 1227 623 586 
4996 1127 623 620 586 
4997 1321 988 990 450 
4998 1007 735 741 751 
4999 1198 732 731 729 
5000 1192 1059 1020 1060 
5001 1061 853 855 852 
5002 928 731 1198 1115 
5003 1297 940 928 1115 
5004 1058 856 874 967 
5005 1058 421 874 528 
5006 1032 448 447 446 
5007 1032 408 446 445 
5008 1008 449 1010 990 
5009 1192 1059 1057 1186 
5010 1297 940 926 812 
5011 1058 874 856 940 
5012 1032 1010 1008 448 
5013 1010 287 238 19 
5014 1276 1017 984 1319 
5015 448 1008 449 1010 
5016 989 990 988 450 
5017 1277 298 292 291 
5018 1309 243 292 385 
5019 1277 1018 1278 270 
5020 1321 987 1277 1018 
5021 1321 541 1277 450 
5022 1321 990 1010 414 
5023 1277 452 1312 988 
5024 1277 541 292 495 
5025 987 1017 990 1289 
5026 990 449 414 450 
5027 1010 535 414 448 
5028 1010 535 423 287 
5029 1010 423 535 448 
5030 287 1009 380 269 
5031 1009 1010 1007 287 
5032 1299 1300 1288 1060 
5033 1099 728 408 738 
5034 1099 749 728 738 
5035 1006 742 734 744 
5036 1115 1058 940 833 
5037 1297 1005 1057 1186 
5038 1115 731 732 738 
5039 1141 878 885 943 
5040 784 1122 972 1137 
5041 1122 211 780 781 
5042 1137 1122 780 781 
5043 1243 1212 1227 585 
5044 1322 983 197 196 
5045 1137 780 202 781 
5046 1097 778 1138 200 
5047 1137 885 946 857 
5048 1190 1061 1062 967 
5049 1141 879 878 399 
5050 1141 1122 879 481 
5051 1141 879 399 481 
5052 1097 202 1137 780 
5053 987 1138 1017 1289 
5054 989 449 990 450 
5055 1141 481 399 531 
5056 1114 824 586 150 
5057 1199 853 851 854 
5058 1199 1114 1227 1127 
5059 1102 1117 1123 724 
5060 1114 620 1127 619 
5061 1114 1127 620 586 
5062 1190 1062 1141 943 
5063 1114 619 712 586 
5064 1096 968 974 859 
5065 1243 859 974 975 
5066 1126 1060 1193 1288 
5067 1243 859 1096 974 
5068 1089 937 1039 971 
5069 1281 880 971 860 
5070 1142 632 683 701 
5071 1286 1121 1211 1027 
5072 1048 184 1089 185 
5073 1219 1316 1290 1233 
5074 1048 756 184 759 
5075 1308 706 696 652 
5076 184 1290 756 1048 
5077 1224 910 931 930 
5078 1011 1226 350 384 
5079 1316 182 1290 183 
5080 1121 210 211 792 
5081 1121 1122 212 211 
5082 1224 931 1001 930 
5083 1322 1278 983 196 
5084 1312 454 452 539 
5085 1278 1179 196 195 
5086 1292 778 209 208 
5087 1277 385 292 298 
5088 1306 1244 364 281 
5089 1211 1027 1121 416 
5090 1211 491 507 492 
5091 1211 1221 523 1285 
5092 1224 1001 931 1091 
5093 184 1286 1290 1089 
5094 1011 799 227 390 
5095 1320 1218 1290 1089 
5096 1316 754 1233 1158 
5097 1220 503 1222 488 
5098 1279 1280 1290 182 
5099 1224 1188 1001 1091 
5100 1116 510 1030 1295 
5101 1046 1118 657 1303 
5102 1178 1085 1324 1298 
5103 1086 506 548 454 
5104 1142 682 661 683 
5105 1086 548 506 523 
5106 1272 1140 1293 453 
5107 1293 208 1086 207 
5108 1292 208 207 777 
5109 1292 1266 1272 778 
5110 1293 452 454 453 
5111 1272 481 1121 1122 
5112 1293 453 454 529 
5113 1177 1086 1211 529 
5114 1177 1272 1121 210 
5115 1309 204 395 243 
5116 989 1062 1008 455 
5117 1032 421 445 533 
5118 1097 1266 778 779 
5119 988 452 1140 451 
5120 988 450 452 451 
5121 989 450 988 451 
5122 1097 778 200 779 
5123 988 1293 1140 452 
5124 1266 780 1137 1122 
5125 1097 1137 1096 1191 
5126 1124 1319 1287 1288 
5127 1062 1058 1139 1008 
5128 1319 200 1043 1097 
5129 1124 1276 1319 1288 
5130 1043 1243 1096 768 
5131 1275 1227 1212 624 
5132 1276 1283 766 765 
5133 1154 1101 1102 984 
5134 1316 755 1233 754 
5135 1232 631 629 632 
5136 1251 1291 1189 1152 
5137 1279 1290 1280 1281 
5138 1218 970 880 969 
5139 1184 998 1098 365 
5140 1184 1230 255 369 
5141 999 256 293 382 
5142 1327 1296 1036 1238 
5143 999 293 254 273 
5144 999 256 254 293 
5145 1179 381 391 271 
5146 199 1276 984 1319 
5147 1179 196 769 197 
5148 1179 775 770 195 
5149 1179 770 769 196 
5150 1179 770 196 195 
5151 1123 627 262 573 
5152 1102 713 1117 724 
5153 1123 262 272 263 
5154 1101 1275 625 624 
5155 1321 1018 1277 270 
5156 1017 1289 1319 1288 
5157 1017 1060 1289 1288 
5158 983 1018 1017 1100 
5159 1159 272 1123 381 
5160 1018 270 265 271 
5161 1278 391 226 359 
5162 1278 226 391 195 
5163 1278 786 226 195 
5164 1278 783 786 195 
5165 1278 782 783 196 
5166 1278 196 783 195 
5167 1278 385 298 226 
5168 1278 1018 359 270 
5169 1321 990 414 450 
5170 1278 359 298 270 
5171 1278 226 298 359 
5172 1309 349 292 243 
5173 1309 349 397 495 
5174 1321 541 238 291 
5175 1016 356 380 268 
5176 1299 1193 1192 1060 
5177 1309 397 539 495 
5178 1309 783 782 205 
5179 1309 292 349 495 
5180 1204 386 1226 290 
5181 1312 1293 988 452 
5182 1292 208 777 778 
5183 1292 1266 1138 1140 
5184 1312 206 776 207 
5185 1222 511 469 526 
5186 454 1312 1293 1085 
5187 1204 794 1226 796 
5188 1085 793 206 788 
5189 1226 493 249 418 
5190 273 1011 1238 999 
5191 1226 384 273 350 
5192 1226 273 249 248 
5193 1226 249 493 248 
5194 1226 386 350 248 
5195 1226 350 273 248 
5196 1035 1044 1036 1037 
5197 1184 1098 369 365 
5198 1046 1065 1047 656 
5199 1037 251 257 294 
5200 1045 1245 1242 419 
5201 1037 253 251 252 
5202 1233 1181 1232 1157 
5203 1044 469 515 468 
5204 1098 704 632 701 
5205 1037 251 253 257 
5206 1318 1295 1105 1255 
5207 1081 457 456 400 
5208 1279 1280 1088 1327 
5209 519 1116 407 1256 
5210 1036 511 494 418 
5211 1224 930 906 910 
5212 1230 1244 228 577 
5213 1298 1086 506 523 
5214 1298 506 494 523 
5215 1221 1239 1222 1296 
5216 494 1036 526 511 
5217 1298 523 494 526 
5218 1036 1291 1035 1296 
5219 1285 1039 1281 1286 
5220 1286 1290 1089 1281 
5221 1220 1221 1281 1239 
5222 1220 396 1039 492 
5223 1279 1185 1315 1296 
5224 1177 1121 1286 792 
5225 1252 1290 1320 1219 
5226 1039 860 937 835 
5227 1221 1285 1039 1281 
5228 1189 257 253 258 
5229 1153 803 881 417 
5230 1260 881 801 488 
5231 1260 881 488 417 
5232 1260 488 466 417 
5233 1260 881 844 838 
5234 1246 501 1169 1242 
5235 1246 1210 1207 1081 
5236 1153 1260 1291 468 
5237 1153 465 1260 468 
5238 1153 464 465 459 
5239 1153 465 467 459 
5240 1153 861 844 803 
5241 1046 1118 1120 657 
5242 1245 216 419 471 
5243 1047 576 1306 698 
5244 1210 864 862 863 
5245 1245 419 216 313 
5246 1245 313 274 276 
5247 1245 257 258 274 
5248 1045 419 518 471 
5249 908 1224 1263 906 
5250 1245 257 274 216 
5251 1245 274 313 216 
5252 1302 274 1245 258 
5253 274 1302 1245 1180 
5254 1180 274 1302 258 
5255 1232 1233 1219 1113 
5256 1230 253 1244 1189 
5257 1306 576 679 698 
5258 1230 253 252 297 
5259 1034 1012 1185 1323 
5260 1170 279 280 278 
5261 1257 1095 295 288 
5262 1095 673 1047 697 
5263 1229 875 1120 965 
5264 1184 1035 1034 252 
5265 1120 979 821 875 
5266 1244 1302 1189 258 
5267 1034 1036 1296 1238 
5268 253 1244 1189 258 
5269 1244 228 281 355 
5270 1244 364 228 577 
5271 1244 679 364 577 
5272 1082 1118 660 661 
5273 1244 699 679 577 
5274 1210 965 1120 862 
5275 1218 842 952 843 
5276 1250 1252 1320 1219 
5277 1303 660 659 658 
5278 1303 1189 1244 1302 
5279 1303 659 657 658 
5280 1303 1152 1189 1302 
5281 1120 663 655 657 
5282 1120 589 663 657 
5283 1080 1079 1310 1050 
5284 1119 845 862 868 
5285 1119 862 845 861 
5286 1264 1105 1104 1107 
5287 1094 1311 1246 1081 
5288 1119 1152 1303 1302 
5289 1046 698 1047 1306 
5290 1143 1302 1169 1119 
5291 1118 661 662 659 
5292 1259 143 815 662 
5293 1194 876 144 826 
5294 1118 868 815 942 
5295 1250 884 840 942 
5296 1194 682 629 628 
5297 1250 839 1239 840 
5298 1194 1259 876 956 
5299 1082 1230 700 1244 
5300 1251 1315 1035 1296 
5301 1194 144 588 628 
5302 1181 1158 1157 1233 
5303 1290 1048 1084 756 
5304 1286 183 791 792 
5305 791 1088 1285 790 
5306 1218 1084 1113 1290 
5307 1285 1039 1286 1211 
5308 1231 1189 1251 1035 
5309 1223 838 1239 1260 
5310 1098 1232 1181 1323 
5311 1098 574 672 239 
5312 1011 1226 794 796 
5313 1082 577 1244 700 
5314 998 999 761 382 
5315 1098 704 1232 632 
5316 1230 1244 253 355 
5317 1098 1160 704 671 
5318 1044 468 515 517 
5319 1036 249 1238 250 
5320 1230 228 672 577 
5321 250 1036 1034 1238 
5322 1035 253 1189 1037 
5323 1035 253 1037 252 
5324 1230 297 255 369 
5325 1230 297 369 289 
5326 1184 1323 998 1034 
5327 1098 998 389 365 
5328 1271 1025 1024 1023 
5329 1232 632 629 682 
5330 1316 755 1084 1233 
5331 1232 1157 1323 1315 
5332 1251 1189 1303 1152 
5333 1316 1290 755 183 
5334 1194 952 842 956 
5335 1259 815 1118 662 
5336 1259 884 815 876 
5337 1259 143 588 876 
5338 1259 815 143 876 
5339 1320 837 1239 839 
5340 1218 880 843 969 
5341 1250 1118 1259 942 
5342 1220 1260 1239 801 
5343 1316 755 754 182 
5344 1320 1281 880 1089 
5345 1320 837 839 841 
5346 1218 880 841 843 
5347 1207 900 981 863 
5348 1207 803 1153 464 
5349 1207 861 1119 1153 
5350 1207 861 900 863 
5351 1207 1081 900 400 
5352 1207 861 1153 803 
5353 1207 861 803 900 
5354 1229 979 1120 875 
5355 1180 1046 1249 1065 
5356 994 869 866 867 
5357 1076 1310 1080 1079 
5358 995 966 867 865 
5359 1229 864 866 875 
5360 1210 864 965 862 
5361 1246 1112 1081 1311 
5362 1229 875 866 882 
5363 1000 1208 1237 1087 
5364 1271 1263 1025 1023 
5365 1094 462 995 456 
5366 1107 872 869 870 
5367 478 1049 1051 504 
5368 994 996 995 1311 
5369 1076 1106 994 1107 
5370 996 413 462 502 
5371 1294 1295 1304 1247 
5372 996 413 502 497 
5373 1306 1302 1303 1244 
5374 1306 1302 1244 281 
5375 706 1325 1308 1253 
5376 1180 1257 1047 1065 
5377 1170 1256 1294 1242 
5378 1306 234 378 281 
5379 1265 1065 1229 655 
5380 580 392 295 1095 
5381 1295 1304 1247 1311 
5382 1028 490 489 405 
5383 1180 1047 1046 1065 
5384 1108 648 1104 651 
5385 1262 809 899 924 
5386 1116 489 490 524 
5387 1265 696 1308 1095 
5388 1308 1095 696 580 
5389 1249 1169 1045 1242 
5390 1170 394 276 278 
5391 1029 525 505 479 
5392 1004 319 1003 323 
5393 1094 996 1295 1311 
5394 1079 486 907 823 
5395 1318 1110 1104 1109 
5396 1104 648 647 649 
5397 1265 654 1065 655 
5398 1094 1246 1311 1247 
5399 1325 650 706 649 
5400 1087 1183 903 904 
5401 1265 1308 696 652 
5402 1094 462 456 458 
5403 1294 519 524 461 
5404 1169 467 501 459 
5405 1170 276 277 278 
5406 994 1264 1311 1229 
5407 1254 1257 295 279 
5408 995 810 462 923 
5409 1271 1025 1003 1024 
5410 1262 809 1208 899 
5411 1108 1208 646 674 
5412 476 1183 1313 1147 
5413 996 496 413 497 
5414 1116 510 1295 524 
5415 1080 905 1087 939 
5416 1076 1079 949 996 
5417 1080 1183 1087 904 
5418 994 1311 995 1112 
5419 1076 994 870 1107 
5420 1318 1105 1295 1106 
5421 1307 1282 1110 1317 
5422 1295 524 510 461 
5423 1065 697 656 654 
5424 1046 1120 1065 655 
5425 995 867 1112 865 
5426 1046 1119 1120 1118 
5427 1029 490 1030 1031 
5428 1295 1105 1311 1106 
5429 1180 1047 1257 288 
5430 1247 1105 1311 1304 
5431 1132 1253 285 224 
5432 1257 295 279 288 
5433 1046 698 1306 658 
5434 1046 1303 657 658 
5435 1065 1120 1229 655 
5436 1271 1003 1063 1024 
5437 1065 656 655 654 
5438 1170 1257 1180 1249 
5439 1112 864 1210 863 
5440 1246 1207 1169 459 
5441 1046 1303 1306 1302 
5442 1112 1210 1081 863 
5443 1046 1302 1119 1303 
5444 1242 394 313 276 
5445 1242 419 1245 313 
5446 1143 1210 1247 1229 
5447 1169 1152 1119 1302 
5448 1169 1153 1207 1119 
5449 1169 1153 1119 1152 
5450 1249 1242 1245 276 
5451 1116 284 1256 1255 
5452 1318 1109 1104 1105 
5453 1295 1304 1311 1105 
5454 1295 1304 1105 1255 
5455 1116 490 510 524 
5456 1256 379 284 336 
5457 1256 223 379 336 
5458 1256 223 336 407 
5459 1180 276 1245 274 
5460 1028 367 284 362 
5461 1031 505 504 478 
5462 994 1264 1229 866 
5463 1031 505 525 490 
5464 1253 224 705 312 
5465 1271 1063 1003 1025 
5466 1050 1182 1079 479 
5467 1029 525 1079 497 
5468 1079 496 486 823 
5469 1029 1318 1310 1307 
5470 1031 479 505 478 
5471 1028 489 367 405 
5472 1253 286 285 337 
5473 1253 337 285 312 
5474 1208 643 680 596 
5475 1208 899 680 674 
5476 1262 924 873 939 
5477 1132 1255 1254 282 
5478 695 1274 1209 1078 
5479 1176 664 1074 351 
5480 1108 1104 1264 651 
5481 1108 811 1107 872 
5482 1182 516 520 411 
5483 1274 643 642 644 
5484 1104 649 706 652 
5485 1110 1317 1282 1253 
5486 1274 694 644 695 
5487 1049 1029 1050 1317 
5488 1108 1110 647 646 
5489 1262 1080 1087 939 
5490 996 496 497 1079 
5491 1076 941 1080 873 
5492 1076 1109 1262 1310 
5493 1325 705 1253 650 
5494 1076 949 1079 941 
5495 1076 872 1109 1107 
5496 1030 1106 1295 996 
5497 1030 497 510 525 
5498 344 1004 1003 323 
5499 1318 1255 1030 1295 
5500 1318 1132 1110 1282 
5501 1183 1182 1147 476 
5502 1029 505 1031 479 
5503 1026 1209 1236 1237 
5504 1182 907 822 904 
5505 1029 479 1079 509 
5506 1262 935 1208 809 
5507 1128 1051 403 474 
5508 1182 486 411 907 
5509 1093 1268 911 1067 
5510 1325 647 650 649 
5511 1051 235 317 316 
5512 1111 409 522 512 
5513 1313 1023 1128 1025 
5514 1206 473 472 480 
5515 1187 1063 1271 1025 
5516 1000 1087 1025 1263 
5517 1284 912 498 819 
5518 1050 478 476 479 
5519 1313 1183 1111 1263 
5520 1021 1147 1025 1237 
5521 1187 642 1103 637 
5522 1087 1147 1183 1182 
5523 1050 476 1182 479 
5524 483 1313 520 1183 
5525 1208 680 646 674 
5526 1271 1024 1063 1019 
5527 1183 903 822 902 
5528 1183 902 908 903 
5529 1209 583 1253 687 
5530 1188 638 1001 1091 
5531 1314 334 675 220 
5532 1262 1087 1080 1307 
5533 1000 1087 905 935 
5534 1262 905 1087 935 
5535 1209 583 687 694 
5536 1090 1019 1188 1091 
5537 1236 1317 1147 1050 
5538 401 233 472 1206 
5539 1093 1023 1111 1263 
5540 1001 931 807 921 
5541 1262 1108 899 674 
5542 1029 1307 1050 1317 
5543 1187 1019 1063 639 
5544 1176 311 1196 370 
5545 1077 332 221 342 
5546 1077 597 670 695 
5547 1000 905 929 935 
5548 1187 1271 1188 1263 
5549 1076 1310 1079 996 
5550 1236 1147 1237 1087 
5551 1274 1236 1325 687 
5552 1271 1173 1268 1023 
5553 1274 1325 647 645 
5554 1209 332 63 670 
5555 1026 1077 1003 342 
5556 1003 1077 1314 343 
5557 1077 342 221 343 
5558 1175 667 1136 726 
5559 1273 1188 1024 1173 
5560 1267 433 434 436 
5561 1066 1228 1067 1040 
5562 1072 1155 608 610 
5563 1146 1129 1240 1163 
5564 1271 1063 1188 1019 
5565 1022 345 344 220 
5566 1022 676 598 688 
5567 1273 1188 1173 1268 
5568 1022 688 598 693 
5569 1066 914 1068 922 
5570 1174 1040 1215 708 
5571 1167 896 1228 897 
5572 1066 1040 1067 933 
5573 1072 611 1074 612 
5574 1136 933 1067 1040 
5575 1066 922 916 958 
5576 1066 1040 933 957 
5577 1091 807 931 932 
5578 1134 1284 1041 443 
5579 1066 1068 1326 991 
5580 1134 1135 1041 1284 
5581 914 1066 1067 933 
5582 1273 1173 1201 1135 
5583 1305 1135 1234 1326 
5584 1111 908 820 909 
5585 991 897 916 944 
5586 344 1004 1314 1003 
5587 1041 477 532 512 
5588 1090 1326 1067 1268 
5589 1103 808 919 929 
5590 1262 935 1000 1208 
5591 1000 1087 1183 903 
5592 1093 1111 1023 1284 
5593 1003 1077 1063 1314 
5594 1103 636 642 596 
5595 1128 1206 480 473 
5596 1147 1049 1317 1021 
5597 1026 1237 1003 1077 
5598 1025 1183 1263 1087 
5599 1025 1183 1087 1147 
5600 1274 645 646 643 
5601 1236 1147 1087 1050 
5602 1000 1183 906 903 
5603 1025 1087 1237 1147 
5604 1313 476 475 520 
5605 1313 475 1128 477 
5606 1314 1022 344 220 
5607 1314 344 334 220 
5608 1314 334 1077 675 
5609 1314 343 1077 334 
5610 1314 344 343 334 
5611 1051 317 1021 316 
5612 1326 1090 1202 1201 
5613 1273 1148 324 1022 
5614 1173 1241 1135 1042 
5615 1093 1023 1263 1268 
5616 1093 909 1111 912 
5617 1041 532 537 443 
5618 1273 1022 324 344 
5619 1001 1103 636 637 
5620 1001 636 582 637 
5621 1187 1001 638 637 
5622 1263 1187 1103 1001 
5623 1001 677 582 921 
5624 1001 637 582 638 
5625 1001 677 1091 638 
5626 1001 582 677 638 
5627 1004 324 1206 322 
5628 1209 222 1253 583 
5629 1209 337 1253 222 
5630 1209 337 222 348 
5631 1274 647 646 645 
5632 1209 1274 687 1236 
5633 1208 646 680 643 
5634 1093 911 1224 910 
5635 1313 1183 1025 1147 
5636 1111 409 820 483 
5637 1111 908 1263 1183 
5638 1313 522 475 477 
5639 1052 553 567 927 
5640 1056 599 605 604 
5641 1214 887 886 827 
5642 1131 715 634 591 
5643 1214 554 550 555 
5644 1214 888 887 827 
5645 1166 564 556 571 
5646 1090 1067 1136 1091 
5647 1052 567 553 562 
5648 1052 603 567 562 
5649 1013 1217 993 1235 
5650 1083 303 304 217 
5651 1052 604 691 603 
5652 1235 425 415 514 
5653 1205 889 1164 948 
5654 1014 948 816 887 
5655 1055 1056 554 572 
5656 1240 440 427 429 
5657 1130 314 230 368 
5658 955 1167 817 918 
5659 1130 441 43 314 
5660 1213 1168 1225 1164 
5661 1225 892 955 901 
5662 1305 1197 1175 1174 
5663 1168 1133 895 894 
5664 1167 895 896 897 
5665 1151 555 1214 557 
5666 1151 560 555 557 
5667 1072 610 1073 613 
5668 1216 563 568 47 
5669 1055 554 556 572 
5670 993 302 301 300 
5671 993 301 240 300 
5672 1200 1235 229 361 
5673 993 563 566 564 
5674 1053 1163 1055 1054 
5675 1055 1015 1054 1163 
5676 1166 1013 571 560 
5677 1213 1240 429 431 
5678 1200 314 229 441 
5679 1217 1013 1015 426 
5680 948 1225 1164 1014 
5681 1164 889 892 948 
5682 1054 1129 1015 1164 
5683 1235 229 347 514 
5684 1195 1155 1149 1133 
5685 1069 340 376 569 
5686 1165 1241 1148 371 
5687 1216 347 299 375 
5688 1134 499 443 439 
5689 1216 299 563 47 
5690 1205 887 889 948 
5691 1205 1131 1164 1150 
5692 1205 887 1014 1214 
5693 1205 889 1168 1164 
5694 1205 887 1214 888 
5695 1054 1014 1166 1214 
5696 1069 360 1083 711 
5697 1014 1166 1151 1013 
5698 440 1217 427 536 
5699 426 1217 427 1240 
5700 1213 1164 1240 1129 
5701 1240 429 431 440 
5702 714 1131 634 1149 
5703 1129 1015 1240 1163 
5704 1055 1013 993 564 
5705 1015 1164 1240 1014 
5706 1166 560 571 555 
5707 1166 1013 564 571 
5708 1053 1163 1069 1055 
5709 1129 1015 1164 1240 
5710 1205 1014 887 948 
5711 1090 1202 1136 1067 
5712 1054 1015 1166 1014 
5713 1055 1056 572 565 
5714 1055 556 1166 564 
5715 1167 817 918 917 
5716 1072 1053 1155 1129 
5717 1213 1225 430 429 
5718 992 538 434 432 
5719 1090 1091 1188 1268 
5720 1195 805 895 894 
5721 1174 708 726 703 
5722 1167 895 1215 896 
5723 1149 126 945 804 
5724 1174 1075 1228 1197 
5725 1213 1146 431 432 
5726 1136 667 703 726 
5727 1073 709 1175 614 
5728 1174 1040 1136 1228 
5729 1038 985 1200 305 
5730 986 1083 578 608 
5731 1074 308 218 307 
5732 1165 311 1145 310 
5733 1145 310 311 309 
5734 1074 709 612 579 
5735 1090 1019 1273 1188 
5736 1074 579 218 351 
5737 1074 218 308 309 
5738 1074 218 309 351 
5739 986 307 1074 218 
5740 1203 668 1090 1136 
5741 986 307 218 358 
5742 986 358 217 307 
5743 1130 435 530 441 
5744 985 305 304 302 
5745 1145 1038 331 308 
5746 1145 1074 308 309 
5747 1165 1145 1258 357 
5748 1269 542 1064 527 
5749 1173 327 326 324 
5750 1064 542 442 404 
5751 1203 640 668 688 
5752 1064 542 437 442 
5753 1165 231 329 357 
5754 1165 1148 1196 371 
5755 1196 370 311 346 
5756 1196 219 370 346 
5757 1073 613 612 614 
5758 1174 726 1136 703 
5759 1134 484 915 410 
5760 1174 726 708 614 
5761 1175 665 726 614 
5762 1145 1146 1258 1038 
5763 1073 708 1215 613 
5764 1175 1202 1174 1136 
5765 1066 1228 898 897 
5766 1203 676 1196 1022 
5767 1067 911 914 932 
5768 1090 1268 1067 1091 
5769 1305 1269 1165 1197 
5770 1135 1201 1165 1241 
5771 1234 1135 1064 439 
5772 1241 335 1042 326 
5773 1167 992 917 944 
5774 1066 1228 1040 898 
5775 1066 1068 991 922 
5776 1167 992 817 917 
5777 1267 434 433 432 
5778 1146 431 1130 440 
5779 955 1167 1225 817 
5780 1167 944 918 897 
5781 1167 817 992 1225 
5782 1066 898 1040 957 
5783 1083 1072 1053 608 
5784 1167 1215 895 1133 
5785 1174 1228 1215 1040 
5786 1228 898 897 896 
5787 1213 431 1146 1240 
5788 1258 331 1038 230 
5789 1269 436 1267 434 
5790 1267 1197 1228 1075 
5791 991 915 916 922 
5792 1068 1134 1284 1135 
5793 1068 1134 922 819 
5794 1165 231 1269 1064 
5795 1165 1064 1305 1135 
5796 1068 922 913 819 
5797 484 1134 438 543 
5798 1149 891 804 894 
5799 1072 1133 1155 1215 
5800 702 1090 1091 689 
5801 1149 592 634 714 
5802 1168 1167 895 1133 
5803 1213 431 430 432 
5804 765 1154 1283 189 
5805 1102 681 1172 621 
5806 1102 681 621 713 
5807 1159 1123 984 1179 
5808 1159 237 262 263 
5809 1154 1117 1161 1071 
5810 1090 1188 1273 1268 
5811 1181 631 1232 704 
5812 1181 684 1158 631 
5813 1181 704 684 631 
5814 1181 1158 684 1161 
5815 1181 1160 671 704 
5816 1181 671 684 704 
5817 998 254 999 256 
5818 1171 1101 1102 713 
5819 713 1171 622 621 
5820 1171 618 1193 1127 
5821 1154 1276 1101 984 
5822 1171 618 1127 620 
5823 1101 1117 1102 713 
5824 1101 625 1275 1117 
5825 1275 1171 622 1101 
5826 1092 1113 1270 587 
5827 1092 1270 633 587 
5828 1092 193 1261 1270 
5829 1092 1270 1261 633 
5830 1190 1191 1139 1125 
5831 1114 883 1005 854 
5832 1114 883 854 851 
5833 1114 850 824 851 
5834 1114 824 883 851 
5835 1009 380 269 268 
5836 1193 1127 1288 1171 
5837 1297 1005 1186 1033 
5838 1193 1127 1126 1288 
5839 1198 729 812 737 
5840 1193 997 1162 616 
5841 1193 616 1162 617 
5842 1193 618 616 617 
5843 1193 616 618 716 
5844 1199 853 852 851 
5845 1273 1173 1148 1201 
5846 713 1171 1101 622 
5847 1171 620 622 621 
5848 1276 1171 1100 1288 
5849 1203 666 668 667 
5850 1276 1283 1154 1117 
5851 1203 668 1136 667 
5852 1198 1059 1115 732 
5853 1009 1017 1016 1300 
5854 1192 1006 1059 1162 
5855 1198 1186 1057 1059 
5856 619 1193 618 1127 
5857 1126 1060 1186 1193 
5858 1198 1033 1186 1162 
5859 1186 1193 1162 617 
5860 1186 1033 1005 617 
5861 1186 1162 1033 617 
5862 1297 1005 1126 1057 
5863 1297 1126 1005 854 
5864 1059 1099 1115 749 
5865 1059 1007 1099 742 
5866 1190 1061 1199 1125 
5867 1020 339 353 225 
5868 1006 363 338 225 
5869 1020 225 338 339 
5870 983 1278 1179 196 
5871 1020 267 266 339 
5872 1020 1060 1059 1007 
5873 1006 743 1162 997 
5874 1192 1059 1186 1162 
5875 1192 1057 1059 1060 
5876 1006 1007 1020 1059 
5877 1062 399 1141 878 
5878 1009 269 266 268 
5879 1321 990 987 1016 
5880 1016 270 356 268 
5881 1300 265 266 264 
5882 1016 380 1009 268 
5883 1321 1277 298 270 
5884 1321 988 987 990 
5885 1016 990 1009 1010 
5886 983 1017 987 984 
5887 1299 1020 267 266 
5888 987 1319 1017 1138 
5889 1154 770 1179 1071 
5890 1009 1017 1060 1289 
5891 983 1017 984 1100 
5892 1300 266 1016 1009 
5893 1297 1126 1061 1057 
5894 1297 1061 1126 854 
5895 1297 1061 854 853 
5896 1297 926 1061 853 
5897 1297 854 926 853 
5898 1297 1057 1061 1058 
5899 1126 1125 1288 1127 
5900 1061 1125 1126 1199 
5901 1203 1019 1090 640 
5902 1032 1099 1059 1007 
5903 1301 768 1043 767 
5904 928 1198 1297 1115 
5905 1125 1057 1060 1058 
5906 1124 1287 1191 1125 
5907 1125 1288 1289 1060 
5908 1008 990 1009 1289 
5909 1008 1125 1289 1060 
5910 1008 1058 1125 1060 
5911 989 455 447 449 
5912 989 1139 1062 1140 
5913 989 1008 1139 1289 
5914 989 1140 1062 531 
5915 1008 447 455 533 
5916 1154 1071 1161 188 
5917 1061 1199 853 852 
5918 1124 1191 1043 1096 
5919 1190 1061 855 852 
5920 1190 943 855 967 
5921 1139 1125 1008 1058 
5922 1062 1058 1008 533 
5923 1199 1227 1114 850 
5924 1199 850 1114 851 
5925 1199 850 851 852 
5926 1199 1191 858 852 
5927 1199 858 850 852 
5928 1190 1139 1137 1141 
5929 1124 1199 1126 1125 
5930 1297 1198 812 950 
5931 1190 1139 1061 1125 
5932 1190 1191 1199 852 
5933 1062 874 421 825 
5934 1062 967 874 825 
5935 1062 967 825 943 
5936 1062 421 470 825 
5937 1243 1227 1096 859 
5938 1243 768 193 771 
5939 1124 1191 1199 1125 
5940 1243 771 1096 768 
5941 1084 193 1270 192 
5942 1084 193 192 756 
5943 953 1092 1084 961 
5944 1084 1048 759 756 
5945 1084 1270 1233 755 
5946 1084 193 1092 1270 
5947 1084 1270 1113 1233 
5948 1084 1270 1092 1113 
5949 1286 1039 1027 1211 
5950 1221 1086 1298 523 
5951 1221 1036 1222 526 
5952 1221 1298 1036 526 
5953 1221 1296 1222 1036 
5954 1328 1324 180 179 
5955 1177 1121 792 210 
5956 1272 780 1266 1122 
5957 1272 1121 210 211 
5958 1272 1122 1121 211 
5959 1272 210 209 779 
5960 1292 778 1272 209 
5961 1177 792 791 210 
5962 989 988 1140 451 
5963 989 1140 531 451 
5964 989 531 455 451 
5965 989 449 451 455 
5966 989 1008 1289 990 
5967 989 1008 990 449 
5968 1292 208 1293 207 
5969 1138 777 199 778 
5970 1138 199 200 778 
5971 1138 989 1139 1289 
5972 987 1319 1138 198 
5973 987 989 1138 1289 
5974 1138 989 988 1140 
5975 1312 207 776 777 
5976 1138 198 199 777 
5977 1319 766 200 199 
5978 1292 1293 1312 207 
5979 1292 1138 778 777 
5980 987 990 989 1289 
5981 1322 197 983 987 
5982 1292 988 1312 1293 
5983 1097 200 201 779 
5984 1097 1137 1139 1266 
5985 1097 1139 1137 1191 
5986 1097 1137 1266 780 
5987 1287 1289 1138 1139 
5988 1043 1276 1124 1275 
5989 1043 1191 1097 1096 
5990 1124 1275 1276 1127 
5991 1301 1043 1283 766 
5992 1301 767 192 768 
5993 1043 767 768 201 
5994 1124 1276 1288 1127 
5995 1276 1100 984 1017 
5996 1319 200 1138 199 
5997 1319 1138 198 199 
5998 1009 1017 990 1016 
5999 1017 1016 1300 1018 
6000 1321 541 414 238 
6001 1068 1268 1067 1326 
6002 1068 1268 1326 1135 
6003 1017 1009 990 1289 
6004 987 984 1319 198 
6005 1017 1138 1319 1289 
6006 1017 1018 1300 1100 
6007 1287 1097 1319 1043 
6008 1287 1097 1043 1191 
6009 1287 1138 1319 1097 
6010 1287 1289 1139 1125 
6011 1287 1097 1191 1139 
6012 1287 1125 1139 1191 
6013 1283 1144 190 189 
6014 1283 190 765 189 
6015 1283 1144 1275 1212 
6016 1283 1117 1275 1144 
6017 1276 766 199 765 
6018 1283 766 765 190 
6019 1301 1275 1283 1043 
6020 1301 1243 1212 1227 
6021 1301 1212 1275 1227 
6022 1301 1212 1243 192 
6023 1301 1212 1283 1275 
6024 1279 1157 1328 1316 
6025 1088 1178 790 789 
6026 1328 1316 181 182 
6027 1316 1084 1290 1233 
6028 1290 182 1280 183 
6029 1279 1280 1327 1296 
6030 998 999 1034 1012 
6031 998 366 389 365 
6032 1279 1088 1328 1327 
6033 1316 1158 1157 753 
6034 1316 754 1158 753 
6035 1316 754 181 182 
6036 1316 181 754 753 
6037 1012 757 179 752 
6038 1185 1323 1012 1156 
6039 1156 1161 1160 757 
6040 1156 752 1161 757 
6041 1156 1161 1181 1160 
6042 1156 1157 1181 1158 
6043 1156 1160 1181 1323 
6044 1156 1323 1181 1157 
6045 1328 752 1012 179 
6046 1011 999 177 178 
6047 1034 1296 1036 1035 
6048 1177 1121 1272 529 
6049 998 758 1160 374 
6050 1184 1323 1034 1185 
6051 1012 1160 1156 1323 
6052 1034 1238 1185 1324 
6053 1324 793 1085 788 
6054 1011 350 227 384 
6055 1279 1290 1316 182 
6056 1324 788 179 793 
6057 1324 180 179 788 
6058 1154 1179 1123 1071 
6059 1154 1071 1123 1117 
6060 1276 1171 1288 1127 
6061 1159 264 237 263 
6062 1154 197 1179 769 
6063 1154 197 769 764 
6064 1154 769 188 764 
6065 984 199 1319 198 
6066 984 765 199 198 
6067 984 1154 764 197 
6068 984 764 198 197 
6069 984 1179 1154 197 
6070 987 988 1292 1138 
6071 1322 777 987 1292 
6072 1322 776 782 197 
6073 987 198 1138 777 
6074 1159 1179 1018 271 
6075 1159 381 1123 1179 
6076 1159 262 1102 1123 
6077 1159 262 1123 263 
6078 1159 1100 1102 1172 
6079 1159 1100 1300 1018 
6080 1159 1123 1102 1100 
6081 983 198 987 197 
6082 983 984 987 198 
6083 1322 1292 987 988 
6084 1322 987 777 776 
6085 983 1159 1018 1100 
6086 1322 782 1278 196 
6087 1322 983 1278 1018 
6088 983 1179 197 196 
6089 298 1321 356 291 
6090 1321 238 356 291 
6091 1321 1010 380 238 
6092 1321 380 356 238 
6093 1321 356 1016 270 
6094 1321 1016 356 380 
6095 1321 1010 1016 380 
6096 1321 1016 1010 990 
6097 1204 290 349 395 
6098 1204 204 1309 205 
6099 1204 1312 1085 205 
6100 1204 1309 1312 205 
6101 506 1204 397 539 
6102 1204 1309 397 539 
6103 1204 1309 349 397 
6104 1204 349 290 397 
6105 1068 1326 1134 1135 
6106 511 1037 487 418 
6107 511 1037 418 1036 
6108 1036 1037 418 249 
6109 1036 418 1238 249 
6110 1036 1298 1238 418 
6111 1034 999 1324 1012 
6112 1279 1327 1328 1185 
6113 1178 788 1324 1085 
6114 1088 1298 1280 1285 
6115 1279 1185 1157 1315 
6116 1088 1298 1327 1280 
6117 1177 1286 1285 791 
6118 1088 790 791 182 
6119 1088 1177 1285 790 
6120 1034 1324 1185 1012 
6121 1327 1324 1238 1298 
6122 1327 1296 1280 1298 
6123 1222 468 466 469 
6124 1222 1291 1260 468 
6125 1044 1291 1222 468 
6126 1222 1291 1036 1296 
6127 1044 1245 398 294 
6128 1320 880 1281 860 
6129 488 1222 1260 466 
6130 1222 466 503 469 
6131 1239 839 838 840 
6132 1222 469 503 526 
6133 1142 1251 1252 1315 
6134 1223 1152 1119 1153 
6135 1239 1222 1296 1291 
6136 1239 1260 1222 1291 
6137 1239 838 839 837 
6138 1250 1223 1118 942 
6139 1252 1239 1296 1291 
6140 1220 488 1260 801 
6141 1320 1290 1281 1089 
6142 1045 398 1245 471 
6143 1045 398 471 517 
6144 1044 468 1152 1291 
6145 1302 1045 1152 1189 
6146 1045 467 1152 468 
6147 1045 467 468 517 
6148 1045 467 1169 1152 
6149 1045 471 518 517 
6150 1045 517 518 467 
6151 1251 1296 1035 1291 
6152 1250 842 1194 1219 
6153 1223 1291 1152 1153 
6154 1252 1251 1239 1291 
6155 1252 1239 1320 1281 
6156 1279 1219 1316 1290 
6157 1223 845 844 861 
6158 1223 1119 845 861 
6159 1082 1259 1251 1118 
6160 1223 1303 1118 1119 
6161 1250 1320 1239 839 
6162 1223 1119 1118 845 
6163 1223 1260 1153 844 
6164 1223 840 844 845 
6165 1223 838 1260 844 
6166 1223 838 844 840 
6167 1098 574 239 389 
6168 1098 1323 1181 1160 
6169 1231 683 700 701 
6170 1231 1251 1315 1035 
6171 1185 1323 1156 1157 
6172 1185 1315 1323 1157 
6173 1184 1098 1230 369 
6174 1184 369 255 365 
6175 1184 1323 1185 1315 
6176 1185 1296 1035 1315 
6177 250 1036 1037 1034 
6178 1185 1327 1238 1296 
6179 1184 1035 1231 1315 
6180 1034 252 1035 1037 
6181 1034 252 254 255 
6182 1034 1238 254 250 
6183 1034 254 252 250 
6184 1034 254 1238 999 
6185 998 1012 1034 1323 
6186 998 255 256 365 
6187 998 1012 1323 1160 
6188 998 256 366 365 
6189 1098 700 672 701 
6190 1098 700 1231 1230 
6191 1098 1231 700 701 
6192 1323 1098 1142 1231 
6193 1098 672 574 701 
6194 1184 1034 998 255 
6195 1098 574 704 701 
6196 1194 826 952 956 
6197 1232 1194 629 1113 
6198 1194 629 1113 628 
6199 1194 1113 1219 952 
6200 1194 1113 976 628 
6201 1194 976 826 628 
6202 1142 683 632 682 
6203 1220 396 488 801 
6204 1220 836 396 801 
6205 1039 491 396 96 
6206 1039 96 396 836 
6207 1039 1027 1211 491 
6208 1039 1027 491 835 
6209 1039 835 96 836 
6210 1039 96 835 491 
6211 1320 841 880 860 
6212 1142 683 1231 701 
6213 1250 884 839 840 
6214 1320 1219 1290 1218 
6215 1320 839 842 841 
6216 1320 1281 1239 837 
6217 1320 1218 880 841 
6218 1320 1218 841 843 
6219 1320 842 1218 843 
6220 1320 841 842 843 
6221 1320 1219 1218 842 
6222 1143 1246 1207 1169 
6223 1210 1120 1119 862 
6224 1112 865 864 863 
6225 1264 1247 1311 1229 
6226 994 870 867 871 
6227 1112 867 866 865 
6228 1112 866 1229 864 
6229 1112 866 864 865 
6230 1112 1247 1210 1229 
6231 1112 1311 1247 1229 
6232 1112 1229 1210 864 
6233 981 1112 865 995 
6234 994 1107 1264 866 
6235 995 996 923 462 
6236 995 923 996 871 
6237 995 966 923 871 
6238 981 995 966 810 
6239 995 810 923 966 
6240 995 1081 1112 1311 
6241 1264 1311 1247 1105 
6242 1132 1255 282 285 
6243 1108 594 648 651 
6244 1262 935 924 939 
6245 1265 1095 1065 654 
6246 1248 1095 1254 1257 
6247 1248 1308 1254 1095 
6248 1325 1209 1253 687 
6249 1104 651 648 649 
6250 1104 652 651 649 
6251 1265 653 654 655 
6252 1265 1308 1104 1105 
6253 1265 1104 1308 652 
6254 1265 651 1104 652 
6255 1265 653 651 652 
6256 1248 1257 1254 1304 
6257 1265 652 654 653 
6258 1264 653 678 651 
6259 1264 1104 1265 651 
6260 1264 678 1107 594 
6261 1264 651 678 594 
6262 1264 1107 882 866 
6263 994 1311 1264 1105 
6264 1264 882 1229 866 
6265 1264 653 1265 1229 
6266 1264 1107 678 882 
6267 1264 678 1229 882 
6268 1170 1242 1294 1249 
6269 1248 1304 1254 1105 
6270 1257 1065 1095 1047 
6271 1180 1245 1249 1302 
6272 1170 1247 1294 1304 
6273 1170 1247 1248 1249 
6274 1254 295 1257 1095 
6275 1254 1095 1308 295 
6276 1257 277 288 279 
6277 1180 258 1302 281 
6278 1180 276 275 277 
6279 1257 1047 1095 288 
6280 1132 1308 1253 224 
6281 1132 1253 1282 285 
6282 1325 1236 1209 687 
6283 1325 687 1253 705 
6284 1170 1249 1248 1257 
6285 1170 394 1242 276 
6286 1229 1143 1210 1120 
6287 1143 1046 1302 1119 
6288 1045 1249 1245 1302 
6289 1248 1308 1265 1105 
6290 1248 1257 1249 1065 
6291 1170 1249 1294 1247 
6292 1246 1247 1112 1311 
6293 1246 457 501 460 
6294 1094 996 995 462 
6295 1094 1311 1295 1247 
6296 1170 1180 1257 277 
6297 1294 501 1242 521 
6298 1294 1246 1249 1242 
6299 1094 456 1081 457 
6300 1143 1210 1119 1207 
6301 1094 1295 1294 1247 
6302 1294 1256 519 1242 
6303 1294 460 519 461 
6304 1294 521 1242 519 
6305 1294 521 519 460 
6306 1294 501 1246 1242 
6307 1294 1246 501 460 
6308 1094 1081 1246 457 
6309 1094 456 457 458 
6310 1282 1049 286 1317 
6311 1029 1310 1318 1030 
6312 490 1028 1030 1031 
6313 1028 284 1116 1255 
6314 1294 1116 1256 1304 
6315 1116 1256 1304 1255 
6316 1116 1304 1295 1255 
6317 1028 283 286 362 
6318 1116 1030 1255 1295 
6319 1132 1104 1308 1105 
6320 1132 1105 1254 1255 
6321 1132 1254 1105 1308 
6322 1132 1253 1110 1282 
6323 706 1325 1253 650 
6324 1318 1255 1132 1282 
6325 1318 1106 1109 1105 
6326 1029 1030 490 525 
6327 1318 1282 1030 1255 
6328 1307 1282 1318 1110 
6329 1262 1208 1108 674 
6330 1307 1110 1318 1109 
6331 1080 1079 1050 1182 
6332 1310 1307 1318 1109 
6333 1310 1318 1106 1109 
6334 1076 1080 1262 873 
6335 1076 1310 1262 1080 
6336 1076 994 996 871 
6337 1310 1079 996 497 
6338 497 1310 1079 1029 
6339 1310 996 1030 497 
6340 1310 1106 1318 1030 
6341 1310 1106 1030 996 
6342 1325 1209 1236 1253 
6343 1274 647 1325 1110 
6344 1274 1110 1325 1236 
6345 1274 646 1208 643 
6346 1236 1307 1317 1050 
6347 1274 1262 1208 1110 
6348 1274 643 1208 642 
6349 1026 1021 1003 1237 
6350 1236 1209 1317 1253 
6351 1236 1317 1110 1253 
6352 1236 1317 1307 1110 
6353 1051 320 317 235 
6354 478 1049 504 1031 
6355 1051 504 500 478 
6356 1049 354 1028 286 
6357 1051 320 500 504 
6358 1051 500 320 235 
6359 1003 1237 1021 1025 
6360 1004 324 1024 1206 
6361 1313 1025 1128 1147 
6362 1313 477 1023 512 
6363 1128 477 475 473 
6364 1128 473 475 474 
6365 1128 1025 1021 1147 
6366 1313 522 477 512 
6367 1273 1024 1019 1314 
6368 1173 1268 1041 1135 
6369 1173 1135 1241 1201 
6370 1148 371 327 346 
6371 1041 1206 1128 1023 
6372 1041 1128 1206 480 
6373 1041 480 532 477 
6374 1041 480 537 532 
6375 1041 1024 1206 1023 
6376 1134 543 484 410 
6377 1134 1284 499 410 
6378 1134 499 543 410 
6379 484 1134 991 438 
6380 1134 438 543 439 
6381 1093 1111 1224 1263 
6382 1134 543 499 439 
6383 1068 913 1284 819 
6384 1093 911 909 913 
6385 1165 1148 1201 1196 
6386 1258 435 1146 433 
6387 1203 1201 1148 1202 
6388 1148 1196 371 346 
6389 1173 327 1241 326 
6390 1241 335 371 329 
6391 1241 327 371 335 
6392 1173 1206 1024 324 
6393 1173 1041 1206 1042 
6394 1173 1206 1041 1024 
6395 1148 1201 1173 1241 
6396 1148 1241 1173 327 
6397 1148 1201 1196 1202 
6398 1203 1148 1273 1022 
6399 1004 1128 1206 1023 
6400 1273 1268 1173 1135 
6401 1066 958 898 933 
6402 1234 992 1267 1228 
6403 1066 958 914 922 
6404 1068 1134 1326 991 
6405 1234 1228 1267 1197 
6406 1326 1090 1201 1268 
6407 1326 1268 1201 1135 
6408 1174 1075 1215 1228 
6409 914 1066 933 958 
6410 1067 933 1091 932 
6411 1067 914 933 932 
6412 806 595 669 1136 
6413 1073 610 612 613 
6414 1136 806 1040 669 
6415 1090 702 1136 668 
6416 1068 1284 1134 819 
6417 1271 1268 1263 1023 
6418 1019 638 1091 640 
6419 1019 1022 1314 693 
6420 1187 641 1078 642 
6421 1136 595 669 702 
6422 1273 324 1173 1024 
6423 1063 693 692 639 
6424 1187 1000 1025 1263 
6425 1078 1314 1063 1077 
6426 1063 693 1019 1314 
6427 1063 693 1314 675 
6428 1063 1314 1019 1024 
6429 1263 1001 1188 1187 
6430 1090 689 668 640 
6431 1203 1273 1090 1019 
6432 1187 638 639 637 
6433 1224 908 1111 910 
6434 1224 1268 1188 1091 
6435 1103 1224 1263 1001 
6436 1187 1078 1025 1237 
6437 1271 1173 1188 1268 
6438 1224 911 1268 1091 
6439 1003 1077 343 342 
6440 1026 1003 319 342 
6441 1003 343 319 342 
6442 1026 319 1003 1021 
6443 1026 352 337 348 
6444 1068 1284 1268 1135 
6445 1002 1021 1003 319 
6446 1002 1004 1206 233 
6447 1002 319 1004 321 
6448 1313 1128 1023 477 
6449 1004 322 1206 233 
6450 1004 322 233 321 
6451 1002 316 319 321 
6452 1002 315 233 472 
6453 1136 669 1040 703 
6454 1136 702 669 703 
6455 1136 667 702 703 
6456 1136 1067 1202 1228 
6457 1136 1040 1067 1228 
6458 1072 608 986 611 
6459 1203 666 676 688 
6460 1313 1023 1111 512 
6461 1325 1104 1132 1110 
6462 1325 647 1104 1110 
6463 1325 647 687 650 
6464 1325 1110 1132 1253 
6465 1313 1111 522 512 
6466 1325 647 645 687 
6467 1108 811 899 674 
6468 1108 1107 811 594 
6469 1108 811 674 594 
6470 1108 1107 1104 1109 
6471 1108 648 674 646 
6472 1108 674 648 594 
6473 1000 1103 919 929 
6474 1103 1224 1000 1263 
6475 1000 930 1103 929 
6476 1000 906 930 929 
6477 1000 1263 906 1183 
6478 1000 1087 1263 1183 
6479 1000 929 905 906 
6480 1076 1107 1109 1106 
6481 1262 1087 905 939 
6482 1080 1050 1310 1307 
6483 1080 941 939 873 
6484 1080 907 1182 904 
6485 1080 941 907 904 
6486 1080 939 941 904 
6487 1274 647 1110 646 
6488 1262 1307 1080 1310 
6489 1262 1307 1310 1109 
6490 1262 1110 1108 1208 
6491 1262 1108 1110 1109 
6492 1262 872 1108 1109 
6493 1274 687 1325 645 
6494 1262 1110 1307 1109 
6495 1155 1168 1164 1150 
6496 1168 1149 891 1150 
6497 1205 1052 832 888 
6498 1168 889 1150 891 
6499 1168 1225 1164 892 
6500 1168 892 1164 889 
6501 1168 892 889 891 
6502 1168 893 892 891 
6503 1205 1168 889 1150 
6504 1205 1164 1168 1150 
6505 1205 890 1150 889 
6506 1205 888 890 889 
6507 832 1205 890 1150 
6508 1205 1214 1052 888 
6509 1166 1214 555 554 
6510 1166 555 556 554 
6511 1166 556 555 571 
6512 1014 1166 1013 1015 
6513 1166 1214 1151 555 
6514 1131 1205 1052 1150 
6515 1054 554 1056 1052 
6516 1054 554 1052 1214 
6517 1069 245 360 711 
6518 1054 1166 554 1214 
6519 1054 1052 1205 1214 
6520 1055 993 1015 1163 
6521 1055 564 993 566 
6522 1055 556 564 566 
6523 1055 556 566 565 
6524 1069 993 301 340 
6525 1069 301 245 340 
6526 1069 993 340 558 
6527 568 424 559 1216 
6528 1235 415 229 514 
6529 985 305 306 304 
6530 1235 536 415 425 
6531 1313 1111 483 522 
6532 1200 229 314 361 
6533 985 1129 1146 1163 
6534 1200 314 305 361 
6535 1313 483 1111 1183 
6536 1200 305 1163 302 
6537 1200 361 305 302 
6538 300 993 1163 1217 
6539 1200 300 1235 361 
6540 302 1200 361 300 
6541 1205 1131 1054 1164 
6542 1053 607 1069 1083 
6543 1053 607 1083 608 
6544 1053 607 608 606 
6545 1053 606 605 607 
6546 1038 1200 368 305 
6547 330 530 1258 406 
6548 1038 1075 985 308 
6549 1038 308 306 331 
6550 1313 1263 1111 1023 
6551 985 1163 305 302 
6552 985 1075 1146 1129 
6553 985 986 1083 304 
6554 1146 1200 1163 1240 
6555 1213 1146 1129 1240 
6556 1146 1130 1200 1240 
6557 1167 991 992 944 
6558 1213 1225 992 430 
6559 1002 315 316 321 
6560 1167 897 1228 944 
6561 1167 895 918 893 
6562 613 1195 708 1215 
6563 1131 1053 1155 608 
6564 1072 1074 1073 612 
6565 1215 1133 1228 1075 
6566 1002 1128 1025 1021 
6567 1155 610 714 609 
6568 1073 1074 1176 709 
6569 1038 331 306 368 
6570 1155 1133 1168 1149 
6571 1164 1155 1133 1168 
6572 1072 1073 1155 613 
6573 985 306 308 307 
6574 1072 1155 610 613 
6575 985 1074 986 308 
6576 985 1075 1074 308 
6577 1145 308 310 309 
6578 1165 1258 1269 231 
6579 985 1163 1200 305 
6580 985 1163 1146 1200 
6581 1167 897 918 895 
6582 1167 1168 1213 1133 
6583 1167 992 1213 1225 
6584 1167 1133 1213 1267 
6585 1167 1267 1213 992 
6586 1167 1228 1267 992 
6587 1167 1267 1228 1133 
6588 1258 230 1038 1130 
6589 1258 331 230 330 
6590 1002 1051 1128 1021 
6591 1145 311 1176 309 
6592 1038 1200 985 1146 
6593 1038 1200 1146 1130 
6594 1038 1146 985 1075 
6595 1145 1197 1267 1075 
6596 1146 1145 1258 1267 
6597 1064 1165 1305 1269 
6598 1258 433 1267 436 
6599 1258 433 436 406 
6600 1305 1228 1174 1202 
6601 1258 436 527 406 
6602 1305 1064 1269 1234 
6603 1165 329 1241 371 
6604 1234 991 1326 1134 
6605 1234 1134 1326 1135 
6606 1145 1038 1258 331 
6607 1145 331 1258 357 
6608 1145 310 331 357 
6609 1145 1075 1038 308 
6610 1145 1074 1197 1075 
6611 1165 1064 1135 1241 
6612 1175 726 1174 614 
6613 1175 709 665 614 
6614 702 1090 1136 1091 
6615 1175 726 665 667 
6616 1201 1090 1203 1273 
6617 1175 667 665 666 
6618 1175 1176 1197 1196 
6619 1305 1326 1234 1228 
6620 1203 688 668 666 
6621 1073 1175 709 1176 
6622 1175 709 1176 665 
6623 1175 1176 1174 1197 
6624 1135 1201 1305 1165 
6625 581 1175 1196 1176 
6626 1131 608 1155 609 
6627 1131 609 715 606 
6628 1131 1053 606 604 
6629 1131 606 715 604 
6630 1131 1056 1053 604 
6631 1131 1129 1155 1053 
6632 1164 1131 1155 1150 
6633 1297 812 925 950 
6634 928 1198 812 1297 
6635 1198 733 732 729 
6636 1198 1033 733 737 
6637 1198 733 729 737 
6638 1198 1059 1057 1115 
6639 1297 1033 1198 950 
6640 1192 1186 1193 1162 
6641 1192 1020 1006 997 
6642 1299 1009 1300 1060 
6643 1299 997 1172 296 
6644 1192 1193 1186 1060 
6645 1299 1288 1300 1100 
6646 1299 1171 1100 1172 
6647 1299 1193 1171 1172 
6648 1299 1192 1193 997 
6649 1299 1020 1192 997 
6650 1299 1020 997 267 
6651 1299 1100 1300 1172 
6652 1299 997 1193 1172 
6653 1126 1114 1199 1127 
6654 1297 925 1033 950 
6655 1126 1114 1005 854 
6656 1186 619 1126 1193 
6657 619 1126 1127 1114 
6658 1126 1186 1057 1005 
6659 1032 447 1008 533 
6660 1032 445 447 533 
6661 1032 446 447 445 
6662 1032 1115 1099 444 
6663 408 1032 1099 444 
6664 1032 1058 1115 528 
6665 1032 1058 1059 1115 
6666 1032 1115 1059 1099 
6667 1032 1008 1058 533 
6668 1061 1139 1062 1058 
6669 1061 1058 967 856 
6670 1061 967 855 856 
6671 1061 1057 1125 1058 
6672 1061 1125 1139 1058 
6673 1061 855 853 856 
6674 1190 1191 852 857 
6675 1190 852 855 857 
6676 1190 1137 1191 857 
6677 1190 855 943 857 
6678 1286 792 1089 184 
6679 1002 1051 1021 316 
6680 1286 792 184 183 
6681 1089 1039 1286 1281 
6682 1286 792 1121 1027 
6683 1286 1285 1280 1281 
6684 1286 791 1280 1285 
6685 1286 1027 1089 792 
6686 1178 788 207 789 
6687 1178 207 1086 208 
6688 1178 207 208 789 
6689 1178 1085 1298 1086 
6690 1178 207 1085 1086 
6691 1177 208 209 790 
6692 1177 1285 790 791 
6693 1177 790 209 791 
6694 1177 1211 1086 1285 
6695 1177 1293 1272 209 
6696 1088 1285 1177 1086 
6697 1154 1101 1117 1102 
6698 1276 1101 1283 1117 
6699 1276 765 984 1283 
6700 199 1276 765 984 
6701 1276 1283 1275 1043 
6702 766 1276 1319 1043 
6703 1002 233 315 321 
6704 1276 1101 1171 1275 
6705 1276 984 1100 1101 
6706 1276 1283 1101 1275 
6707 1043 1276 1319 1124 
6708 1088 181 790 182 
6709 1088 180 1178 789 
6710 1088 181 180 789 
6711 1088 1178 180 1324 
6712 1088 1327 1178 1324 
6713 1279 1328 1088 182 
6714 1279 1232 1316 1219 
6715 1279 1327 1185 1296 
6716 1328 753 180 181 
6717 1328 1088 1324 1327 
6718 1328 1324 1185 1327 
6719 1328 1012 1185 1324 
6720 1328 1157 1185 1156 
6721 1328 1156 1185 1012 
6722 1279 1316 1328 182 
6723 1328 180 1088 181 
6724 1328 1324 1088 180 
6725 1011 177 794 178 
6726 1011 794 793 178 
6727 1011 1324 793 1085 
6728 1011 1226 1324 1085 
6729 1011 1226 1204 794 
6730 1011 794 1204 793 
6731 1011 799 794 177 
6732 1011 999 1324 1238 
6733 1011 1238 1324 1226 
6734 1124 1043 1275 1227 
6735 1124 1275 1127 1227 
6736 1124 1191 1287 1043 
6737 1124 1043 1287 1319 
6738 1124 1199 1227 1127 
6739 983 987 1017 1018 
6740 983 1179 984 197 
6741 983 1179 1159 984 
6742 983 1159 1179 1018 
6743 1322 1277 987 1018 
6744 1322 1278 1277 1018 
6745 1322 1309 1277 1278 
6746 1322 987 1277 988 
6747 1322 1277 1312 988 
6748 1322 776 1312 782 
6749 1322 1312 1277 1309 
6750 1322 782 1312 1309 
6751 1221 526 1222 503 
6752 1221 526 503 492 
6753 1221 523 1298 526 
6754 1221 523 526 492 
6755 1221 1281 1280 1285 
6756 1211 1221 492 523 
6757 1221 1298 1280 1296 
6758 1221 1285 1280 1298 
6759 1220 1221 1239 1222 
6760 1220 836 1039 396 
6761 1044 398 515 487 
6762 1044 1189 1045 1245 
6763 1044 1037 1189 1245 
6764 1044 1152 1045 1189 
6765 1044 1152 1189 1291 
6766 1044 1037 1035 1189 
6767 1002 1004 233 321 
6768 1044 1189 1035 1291 
6769 1035 1044 1291 1036 
6770 511 1044 1037 1036 
6771 1252 1251 1296 1315 
6772 1250 1320 842 1219 
6773 1142 1219 1194 1232 
6774 1142 1232 1194 682 
6775 1250 1251 1223 1239 
6776 1142 1315 1323 1231 
6777 1142 1219 1232 1315 
6778 1184 1230 1035 252 
6779 1184 1230 1231 1035 
6780 1184 1230 1098 1231 
6781 1184 1231 1098 1323 
6782 1279 1296 1252 1280 
6783 1279 1252 1296 1315 
6784 1279 1290 1252 1219 
6785 1279 1219 1252 1315 
6786 1082 1244 1306 1303 
6787 1082 1306 1244 699 
6788 658 1082 699 1306 
6789 1049 1051 320 317 
6790 1082 660 1303 658 
6791 1082 699 660 658 
6792 1082 699 700 660 
6793 1230 1082 1231 1189 
6794 1251 1082 1303 1189 
6795 1082 1244 1303 1189 
6796 1250 1251 1142 1259 
6797 1250 1118 1223 1251 
6798 1250 1118 1251 1259 
6799 1250 1259 884 942 
6800 994 869 867 870 
6801 994 866 1112 867 
6802 1076 873 872 870 
6803 1248 1065 1265 1095 
6804 1248 1095 1257 1065 
6805 1248 1105 1247 1304 
6806 1143 1249 1302 1046 
6807 1143 1065 1249 1046 
6808 1143 1249 1065 1247 
6809 1143 1247 1246 1249 
6810 1143 1249 1246 1169 
6811 1143 1210 1246 1247 
6812 1120 1143 1210 1119 
6813 1180 378 1047 288 
6814 1180 1306 1046 1047 
6815 1180 1046 1306 1302 
6816 1180 1306 1047 378 
6817 1180 1302 1306 281 
6818 1170 1242 1249 276 
6819 1170 394 1256 1242 
6820 1170 1256 394 278 
6821 1170 1304 1254 1257 
6822 1170 1256 1254 1304 
6823 1094 502 1295 996 
6824 1094 461 1295 502 
6825 1094 461 502 458 
6826 1029 490 1031 525 
6827 1029 1050 1310 1079 
6828 1029 1031 1050 479 
6829 1282 1049 1028 286 
6830 1049 1051 1147 1050 
6831 1028 236 1031 405 
6832 1028 1255 1282 283 
6833 1028 367 236 405 
6834 1049 1282 1029 1317 
6835 1049 478 1050 1031 
6836 1028 286 354 362 
6837 1028 354 1031 236 
6838 1028 362 354 236 
6839 1028 1282 1029 1031 
6840 1026 1077 1209 1237 
6841 1026 1021 317 318 
6842 1026 348 1209 1077 
6843 1026 1317 1021 1236 
6844 1026 1317 1236 1209 
6845 1049 1026 1317 1021 
6846 1049 1026 1021 317 
6847 1049 1021 1051 317 
6848 1049 1026 317 352 
6849 1049 1317 1026 352 
6850 1049 352 317 354 
6851 1049 1028 354 1031 
6852 1049 1031 354 320 
6853 1049 354 317 320 
$EndElements
